date,symbol,open_price,adj_close,volume,FED_RATE,INFLATION_CPI,CONSUMER_CONFIDENCE,SP500,VIX,US10Y,stock_return
2018-01-03,AAPL,40.36735,40.297157,118071600,1.41,248.859,95.7,2713.06,9.15,2.44,-0.0001740571
2018-01-03,GOOGL,53.293827,54.166733,31318000,1.41,248.859,95.7,2713.06,9.15,2.44,0.0170610309
2018-01-03,NVDA,5.045968,5.252899,914704000,1.41,248.859,95.7,2713.06,9.15,2.44,0.0658138191
2018-01-04,NVDA,5.334238,5.280589,583268000,1.41,248.859,95.7,2723.99,9.22,2.46,0.0052713621
2018-01-04,GOOGL,54.443139,54.377136,26052000,1.41,248.859,95.7,2723.99,9.22,2.46,0.0038843665
2018-01-04,AAPL,40.369689,40.484337,89738400,1.41,248.859,95.7,2723.99,9.22,2.46,0.0046449819
2018-01-05,AAPL,40.580269,40.945267,94640000,1.41,248.859,95.7,2743.15,9.22,2.47,0.0113853877
2018-01-05,GOOGL,54.75876,55.098194,30250000,1.41,248.859,95.7,2743.15,9.22,2.47,0.0132603138
2018-01-05,NVDA,5.295424,5.325339,580124000,1.41,248.859,95.7,2743.15,9.22,2.47,0.0084743834
2018-01-08,NVDA,5.448953,5.48851,881216000,1.41,248.859,95.7,2747.71,9.52,2.49,0.0306404568
2018-01-08,GOOGL,55.133429,55.292725,24644000,1.41,248.859,95.7,2747.71,9.52,2.49,0.0035306146
2018-01-08,AAPL,40.793179,40.793179,82271200,1.41,248.859,95.7,2747.71,9.52,2.49,-0.003714426
2018-01-09,AAPL,40.839972,40.788498,86336000,1.41,248.859,95.7,2751.29,10.08,2.55,-0.0001147406
2018-01-09,GOOGL,55.502638,55.222256,26808000,1.41,248.859,95.7,2751.29,10.08,2.55,-0.0012744697
2018-01-09,NVDA,5.493949,5.487027,497000000,1.41,248.859,95.7,2751.29,10.08,2.55,-0.0002701942
2018-01-10,NVDA,5.394561,5.530044,582664000,1.41,248.859,95.7,2748.23,9.82,2.55,0.0078397487
2018-01-10,AAPL,40.514761,40.779148,95839600,1.41,248.859,95.7,2748.23,9.82,2.55,-0.000229227
2018-01-11,AAPL,40.849327,41.010769,74670800,1.41,248.859,95.7,2767.56,9.88,2.54,0.005679883
2018-01-11,GOOGL,55.198435,55.185532,22424000,1.41,248.859,95.7,2767.56,9.88,2.54,0.0017205027
2018-01-11,NVDA,5.562678,5.539933,406032000,1.41,248.859,95.7,2767.56,9.88,2.54,0.0017883408
2018-01-12,NVDA,5.528067,5.512739,359916000,1.41,248.859,95.7,2786.24,10.16,2.55,-0.0049088137
2018-01-12,GOOGL,55.088768,56.108562,38586000,1.41,248.859,95.7,2786.24,10.16,2.55,0.0167259574
2018-01-12,AAPL,41.221345,41.434261,101672400,1.41,248.859,95.7,2786.24,10.16,2.55,0.0103263714
2018-01-16,AAPL,41.623778,41.223686,118263600,1.41,248.859,95.7,2776.42,11.66,2.54,-0.0050821493
2018-01-16,NVDA,5.539191,5.441782,702348000,1.41,248.859,95.7,2776.42,11.66,2.54,-0.0128714076
2018-01-17,NVDA,5.456369,5.555756,538408000,1.41,248.859,95.7,2802.56,11.91,2.57,0.0209442595
2018-01-17,GOOGL,56.391912,56.527885,27830000,1.41,248.859,95.7,2802.56,11.91,2.57,0.0074289702
2018-01-17,AAPL,41.214329,41.904552,137547200,1.41,248.859,95.7,2802.56,11.91,2.57,0.0165163842
2018-01-18,AAPL,41.967727,41.94199,124773600,1.41,248.859,95.7,2798.03,12.22,2.62,0.0008933979
2018-01-18,GOOGL,56.540294,56.372562,27498000,1.41,248.859,95.7,2798.03,12.22,2.62,-0.002747724
2018-01-18,NVDA,5.536471,5.548833,408632000,1.41,248.859,95.7,2798.03,12.22,2.62,-0.0012461308
2018-01-19,NVDA,5.639073,5.689013,609380000,1.41,248.859,95.7,2810.3,11.27,2.64,0.0252629902
2018-01-19,GOOGL,56.474791,56.746239,30552000,1.41,248.859,95.7,2810.3,11.27,2.64,0.0066286911
2018-01-19,AAPL,41.789901,41.754807,129700400,1.41,248.859,95.7,2810.3,11.27,2.64,-0.0044629113
2018-01-22,AAPL,41.483401,41.413208,108434400,1.41,248.859,95.7,2832.97,11.03,2.66,-0.0081810584
2018-01-22,GOOGL,56.762124,57.771496,29550000,1.41,248.859,95.7,2832.97,11.03,2.66,0.0180674021
2018-01-22,NVDA,5.696925,5.777522,550944000,1.41,248.859,95.7,2832.97,11.03,2.66,0.015557814
2018-01-23,NVDA,5.830923,5.906576,475228000,1.41,248.859,95.7,2839.13,11.1,2.63,0.0223372716
2018-01-23,GOOGL,58.09207,58.367489,39138000,1.41,248.859,95.7,2839.13,11.1,2.63,0.0103163858
2018-01-23,AAPL,41.483401,41.422565,130756400,1.41,248.859,95.7,2839.13,11.1,2.63,0.0002259533
2018-01-24,AAPL,41.471698,40.76276,204420400,1.41,248.859,95.7,2837.54,11.47,2.65,-0.015928644
2018-01-24,GOOGL,58.804693,58.125324,37128000,1.41,248.859,95.7,2837.54,11.47,2.65,-0.004148964
2018-01-24,NVDA,5.909789,5.829687,579972000,1.41,248.859,95.7,2837.54,11.47,2.65,-0.013017532
2018-01-25,NVDA,5.884078,5.843285,409884000,1.41,248.859,95.7,2839.25,11.58,2.63,0.0023326197
2018-01-25,GOOGL,58.592787,58.66375,29984000,1.41,248.859,95.7,2839.25,11.58,2.63,0.0092631818
2018-01-25,AAPL,40.830609,40.035103,166116000,1.41,248.859,95.7,2839.25,11.58,2.63,-0.0178510316
2018-01-26,AAPL,40.243344,40.128696,156572000,1.41,248.859,95.7,2872.87,11.08,2.66,0.0023377884
2018-01-26,GOOGL,58.931236,58.932724,42170000,1.41,248.859,95.7,2872.87,11.08,2.66,0.0045850172
2018-01-26,NVDA,5.887045,6.015851,516356000,1.41,248.859,95.7,2872.87,11.08,2.66,0.0295324311
2018-01-29,NVDA,6.001266,6.102878,455116000,1.41,248.859,95.7,2853.53,13.84,2.7,0.0144661349
2018-01-29,GOOGL,58.954558,58.879128,31494000,1.41,248.859,95.7,2853.53,13.84,2.7,-0.0009094522
2018-01-29,AAPL,39.812839,39.2981,202561600,1.41,248.859,95.7,2853.53,13.84,2.7,-0.0206983281
2018-01-30,AAPL,38.729534,39.066456,184192800,1.41,248.859,95.7,2822.43,14.79,2.73,-0.0058945262
2018-01-30,GOOGL,58.444414,58.427044,37338000,1.41,248.859,95.7,2822.43,14.79,2.73,-0.0076781638
2018-01-30,NVDA,5.960965,6.000769,570832000,1.41,248.859,95.7,2822.43,14.79,2.73,-0.0167312021
2018-01-31,NVDA,6.076175,6.076917,478576000,1.41,248.859,95.7,2823.81,13.54,2.72,0.0126897122
2018-01-31,GOOGL,58.746627,58.667725,36022000,1.41,248.859,95.7,2823.81,13.54,2.72,0.0041193372
2018-01-31,AAPL,39.043056,39.17408,129915600,1.41,248.859,95.7,2823.81,13.54,2.72,0.0027548968
2018-02-01,AAPL,39.113254,39.255978,188923200,1.42,249.529,99.7,2821.98,13.47,2.78,0.0020906103
2018-02-01,GOOGL,58.358556,58.636456,73514000,1.42,249.529,99.7,2821.98,13.47,2.78,-0.000532986
2018-02-01,NVDA,5.896935,5.945886,519224000,1.42,249.529,99.7,2821.98,13.47,2.78,-0.0215620902
2018-02-02,NVDA,5.859355,5.773318,718464000,1.42,249.529,99.7,2762.13,17.31,2.84,-0.0290230658
2018-02-02,GOOGL,55.948269,55.540352,117842000,1.42,249.529,99.7,2762.13,17.31,2.84,-0.0528016852
2018-02-02,AAPL,38.839497,37.552647,346375200,1.42,249.529,99.7,2762.13,17.31,2.84,-0.0433903598
2018-02-05,AAPL,37.225091,36.614422,290954000,1.42,249.529,99.7,2648.94,37.32,2.77,-0.0249842522
2018-02-05,GOOGL,54.617822,52.721153,83550000,1.42,249.529,99.7,2648.94,37.32,2.77,-0.0507594661
2018-02-05,NVDA,5.612126,5.28331,1165204000,1.42,249.529,99.7,2648.94,37.32,2.77,-0.0848746474
2018-02-06,NVDA,5.053385,5.577018,1114800000,1.42,249.529,99.7,2695.14,29.98,2.79,0.0555917271
2018-02-06,GOOGL,51.311309,53.814892,76630000,1.42,249.529,99.7,2695.14,29.98,2.79,0.0207457252
2018-02-06,AAPL,36.226027,38.144604,272975200,1.42,249.529,99.7,2695.14,29.98,2.79,0.0417917806
2018-02-07,AAPL,38.158646,37.328041,206434400,1.42,249.529,99.7,2681.66,27.73,2.84,-0.0214070294
2018-02-07,GOOGL,53.841688,52.374771,51942000,1.42,249.529,99.7,2681.66,27.73,2.84,-0.0267606354
2018-02-07,NVDA,5.67591,5.656626,802932000,1.42,249.529,99.7,2681.66,27.73,2.84,0.0142742878
2018-02-08,NVDA,5.782218,5.37775,1144000000,1.42,249.529,99.7,2581.0,33.46,2.85,-0.0493008188
2018-02-08,GOOGL,52.596096,50.007656,66792000,1.42,249.529,99.7,2581.0,33.46,2.85,-0.045195711
2018-02-08,AAPL,37.50352,36.3009,217562000,1.42,249.529,99.7,2581.0,33.46,2.85,-0.0275166213
2018-02-09,AAPL,36.89996,36.744907,282690400,1.42,249.529,99.7,2619.55,29.06,2.83,0.0122313188
2018-02-09,GOOGL,50.909341,51.921196,98360000,1.42,249.529,99.7,2619.55,29.06,2.83,0.0382649385
2018-02-12,NVDA,5.818808,5.637589,1093172000,1.42,249.529,99.7,2656.0,25.61,2.86,-0.0174508745
2018-02-12,GOOGL,52.437296,52.332588,56240000,1.42,249.529,99.7,2656.0,25.61,2.86,0.0079233963
2018-02-12,AAPL,37.235902,38.224945,243278000,1.42,249.529,99.7,2656.0,25.61,2.86,0.040278716
2018-02-13,AAPL,38.046408,38.607883,130196800,1.42,249.529,99.7,2662.94,24.97,2.83,0.0100180232
2018-02-13,GOOGL,52.1063,52.311749,31586000,1.42,249.529,99.7,2662.94,24.97,2.83,-0.0003982163
2018-02-13,NVDA,5.601246,5.751315,625524000,1.42,249.529,99.7,2662.94,24.97,2.83,0.0201728344
2018-02-14,NVDA,5.711016,5.96863,744988000,1.42,249.529,99.7,2698.63,19.26,2.91,0.0377853083
2018-02-14,GOOGL,52.320677,53.232784,41304000,1.42,249.529,99.7,2698.63,19.26,2.91,0.0176066714
2018-02-14,AAPL,38.302469,39.319702,162579600,1.42,249.529,99.7,2698.63,19.26,2.91,0.0184371333
2018-02-15,AAPL,39.888227,40.639996,204588800,1.42,249.529,99.7,2731.2,19.13,2.9,0.0335784188
2018-02-15,GOOGL,53.766253,54.158787,37396000,1.42,249.529,99.7,2731.2,19.13,2.9,0.0173953423
2018-02-15,NVDA,6.051947,6.094223,698900000,1.42,249.529,99.7,2731.2,19.13,2.9,0.0210422139
2018-02-16,NVDA,6.067028,6.028461,637656000,1.42,249.529,99.7,2732.22,19.46,2.87,-0.0107909605
2018-02-16,GOOGL,54.259035,54.364243,39948000,1.42,249.529,99.7,2732.22,19.46,2.87,0.0037935817
2018-02-16,AAPL,40.491999,40.508442,160704400,1.42,249.529,99.7,2732.22,19.46,2.87,-0.0032370488
2018-02-20,AAPL,40.419169,40.372185,135722000,1.42,249.529,99.7,2716.26,20.6,2.88,-0.0033636735
2018-02-20,GOOGL,54.228273,54.765713,33754000,1.42,249.529,99.7,2716.26,20.6,2.88,0.0073848207
2018-02-20,NVDA,6.050958,6.158009,686240000,1.42,249.529,99.7,2716.26,20.6,2.88,0.0214894913
2018-02-21,NVDA,6.222536,5.970855,892292000,1.42,249.529,99.7,2701.33,20.02,2.94,-0.0303919359
2018-02-21,GOOGL,55.039143,55.269897,41486000,1.42,249.529,99.7,2701.33,20.02,2.94,0.0092062113
2018-02-21,AAPL,40.602404,40.188934,149886400,1.42,249.529,99.7,2701.33,20.02,2.94,-0.0045390268
2018-02-22,AAPL,40.360439,40.524887,123967600,1.42,249.529,99.7,2703.96,18.72,2.92,0.0083593348
2018-02-22,GOOGL,55.538867,55.078842,28010000,1.42,249.529,99.7,2703.96,18.72,2.92,-0.0034567695
2018-02-22,NVDA,6.004748,5.9904,534364000,1.42,249.529,99.7,2703.96,18.72,2.92,0.0032733337
2018-02-23,NVDA,6.050266,6.08391,415300000,1.42,249.529,99.7,2747.3,16.49,2.88,0.0156100812
2018-02-23,GOOGL,55.513557,55.981522,25292000,1.42,249.529,99.7,2747.3,16.49,2.88,0.0163888602
2018-02-23,AAPL,40.799751,41.229668,135249600,1.42,249.529,99.7,2747.3,16.49,2.88,0.0173913027
2018-02-26,AAPL,41.429361,42.044868,152648800,1.42,249.529,99.7,2779.6,15.8,2.86,0.0197721896
2018-02-26,GOOGL,56.168605,56.756168,30912000,1.42,249.529,99.7,2779.6,15.8,2.86,0.0138375438
2018-02-26,NVDA,6.130172,6.099991,469312000,1.42,249.529,99.7,2779.6,15.8,2.86,0.0026430993
2018-02-27,NVDA,6.073272,6.087126,455436000,1.42,249.529,99.7,2744.28,18.59,2.9,-0.0021089523
2018-02-27,GOOGL,56.756175,55.456493,42964000,1.42,249.529,99.7,2744.28,18.59,2.9,-0.0228992729
2018-02-27,AAPL,42.075399,41.9086,155712400,1.42,249.529,99.7,2744.28,18.59,2.9,-0.0032410285
2018-02-28,AAPL,42.112982,41.845165,151128400,1.42,249.529,99.7,2713.83,19.85,2.87,-0.0015136416
2018-02-28,GOOGL,55.679306,54.782085,49292000,1.42,249.529,99.7,2713.83,19.85,2.87,-0.0121610278
2018-02-28,NVDA,6.098012,5.986689,523116000,1.42,249.529,99.7,2713.83,19.85,2.87,-0.0164999312
2018-03-01,NVDA,5.984461,5.744499,1040120000,1.51,249.577,101.4,2677.67,22.47,2.81,-0.0404548086
2018-03-01,GOOGL,55.060971,53.168766,55338000,1.51,249.577,101.4,2677.67,22.47,2.81,-0.0294497624
2018-03-01,AAPL,41.943849,41.112209,195208000,1.51,249.577,101.4,2677.67,22.47,2.81,-0.0175159048
2018-03-02,AAPL,40.595368,41.396469,153816000,1.51,249.577,101.4,2691.25,19.59,2.86,0.0069142428
2018-03-02,GOOGL,52.502309,53.800503,50162000,1.51,249.577,101.4,2691.25,19.59,2.86,0.0118817269
2018-03-02,NVDA,5.636887,5.851616,913428000,1.51,249.577,101.4,2691.25,19.59,2.86,0.0186469144
2018-03-05,NVDA,5.801398,5.829599,620776000,1.51,249.577,101.4,2720.94,18.73,2.88,-0.0037624693
2018-03-05,GOOGL,53.502249,54.327511,28648000,1.51,249.577,101.4,2720.94,18.73,2.88,0.0097955972
2018-03-05,AAPL,41.161543,41.539776,113605600,1.51,249.577,101.4,2720.94,18.73,2.88,0.0034618105
2018-03-06,AAPL,41.795823,41.504513,95154000,1.51,249.577,101.4,2728.12,18.36,2.88,-0.0008488987
2018-03-06,GOOGL,54.691761,54.63221,23382000,1.51,249.577,101.4,2728.12,18.36,2.88,0.0056085571
2018-03-06,NVDA,5.914947,5.990646,636808000,1.51,249.577,101.4,2728.12,18.36,2.88,0.0276257374
2018-03-07,NVDA,5.887735,5.982731,581208000,1.51,249.577,101.4,2726.8,17.76,2.89,-0.0013213093
2018-03-07,GOOGL,54.231247,55.333916,30748000,1.51,249.577,101.4,2726.8,17.76,2.89,0.0128441799
2018-03-07,AAPL,41.098105,41.119247,126814000,1.51,249.577,101.4,2726.8,17.76,2.89,-0.009282493
2018-03-08,AAPL,41.224968,41.567963,95096400,1.51,249.577,101.4,2738.97,16.54,2.86,0.0109125346
2018-03-08,GOOGL,55.441106,56.04554,33862000,1.51,249.577,101.4,2738.97,16.54,2.86,0.012860542
2018-03-08,NVDA,6.010189,5.966402,411912000,1.51,249.577,101.4,2738.97,16.54,2.86,-0.0027293241
2018-03-09,NVDA,6.013899,6.069066,505524000,1.51,249.577,101.4,2786.57,14.64,2.9,0.0172069391
2018-03-09,GOOGL,56.547739,57.606739,42662000,1.51,249.577,101.4,2786.57,14.64,2.9,0.0278559042
2018-03-09,AAPL,41.807593,42.282143,128740800,1.51,249.577,101.4,2786.57,14.64,2.9,0.0171810199
2018-03-12,AAPL,42.354944,42.690891,128828400,1.51,249.577,101.4,2783.02,15.78,2.87,0.0096671692
2018-03-12,GOOGL,57.815657,57.859329,44306000,1.51,249.577,101.4,2783.02,15.78,2.87,0.0043847332
2018-03-12,NVDA,6.110379,6.178657,605060000,1.51,249.577,101.4,2783.02,15.78,2.87,0.0180573115
2018-03-13,NVDA,6.221455,6.127944,619772000,1.51,249.577,101.4,2765.31,16.35,2.84,-0.0082077042
2018-03-13,GOOGL,58.152113,56.568081,43140000,1.51,249.577,101.4,2765.31,16.35,2.84,-0.0223170289
2018-03-13,AAPL,42.895292,42.279785,126774000,1.51,249.577,101.4,2765.31,16.35,2.84,-0.009629832
2018-03-14,AAPL,42.362001,41.920338,117473600,1.51,249.577,101.4,2749.48,17.23,2.81,-0.0085016392
2018-03-14,GOOGL,56.860385,57.013725,41870000,1.51,249.577,101.4,2749.48,17.23,2.81,0.0078780183
2018-03-14,NVDA,6.170988,6.153424,505496000,1.51,249.577,101.4,2749.48,17.23,2.81,0.0041580456
2018-03-15,NVDA,6.167031,6.168268,401952000,1.51,249.577,101.4,2747.33,16.59,2.82,0.0024123058
2018-03-15,GOOGL,57.047467,57.099075,33382000,1.51,249.577,101.4,2747.33,16.59,2.82,0.0014970086
2018-03-15,AAPL,41.934443,41.969681,90975200,1.51,249.577,101.4,2747.33,16.59,2.82,0.0011770685
2018-03-16,AAPL,41.969691,41.82169,157618800,1.51,249.577,101.4,2752.01,15.8,2.85,-0.003526145
2018-03-16,GOOGL,57.334296,56.295643,58656000,1.51,249.577,101.4,2752.01,15.8,2.85,-0.014070849
2018-03-16,NVDA,6.184595,6.196469,399456000,1.51,249.577,101.4,2752.01,15.8,2.85,0.0045719645
2018-03-19,NVDA,6.139572,5.96195,713772000,1.51,249.577,101.4,2712.92,19.02,2.85,-0.0378472756
2018-03-19,GOOGL,55.468904,54.591038,63656000,1.51,249.577,101.4,2712.92,19.02,2.85,-0.030279521
2018-03-19,AAPL,41.657228,41.182674,133787200,1.51,249.577,101.4,2712.92,19.02,2.85,-0.0152795165
2018-03-20,AAPL,41.168579,41.168579,78597600,1.51,249.577,101.4,2716.94,18.2,2.89,-0.000342263
2018-03-20,GOOGL,54.50815,54.379128,54598000,1.51,249.577,101.4,2716.94,18.2,2.89,-0.0038817772
2018-03-20,NVDA,5.964919,6.174206,554696000,1.51,249.577,101.4,2716.94,18.2,2.89,0.035601768
2018-03-21,NVDA,6.167773,6.148973,438688000,1.51,249.577,101.4,2711.93,17.86,2.89,-0.004086885
2018-03-21,GOOGL,54.218844,54.289806,44898000,1.51,249.577,101.4,2711.93,17.86,2.89,-0.0016425629
2018-03-21,AAPL,41.121595,40.235924,148219600,1.51,249.577,101.4,2711.93,17.86,2.89,-0.0226545427
2018-03-22,AAPL,39.937561,39.667397,165963200,1.51,249.577,101.4,2643.69,23.34,2.83,-0.0141298414
2018-03-22,GOOGL,53.595546,52.262619,69312000,1.51,249.577,101.4,2643.69,23.34,2.83,-0.0373401101
2018-03-22,NVDA,6.085641,5.982977,551196000,1.51,249.577,101.4,2643.69,23.34,2.83,-0.0269956643
2018-03-23,NVDA,5.996583,5.7633,735620000,1.51,249.577,101.4,2588.26,24.87,2.82,-0.0367170014
2018-03-23,GOOGL,52.17428,50.942585,49880000,1.51,249.577,101.4,2588.26,24.87,2.82,-0.0252577091
2018-03-23,AAPL,39.55933,38.748833,164115200,1.51,249.577,101.4,2588.26,24.87,2.82,-0.0231566456
2018-03-26,AAPL,39.484162,40.588318,150164800,1.51,249.577,101.4,2658.55,21.03,2.85,0.047472015
2018-03-26,GOOGL,52.13607,52.309261,65984000,1.51,249.577,101.4,2658.55,21.03,2.85,0.0268277774
2018-03-26,NVDA,5.887735,6.04804,611424000,1.51,249.577,101.4,2658.55,21.03,2.85,0.0494058006
2018-03-27,NVDA,6.128934,5.579,1409000000,1.51,249.577,101.4,2612.62,22.5,2.78,-0.0775524573
2018-03-27,GOOGL,52.796086,49.969444,60816000,1.51,249.577,101.4,2612.62,22.5,2.78,-0.0447304548
2018-03-27,AAPL,40.802089,39.547581,163690400,1.51,249.577,101.4,2612.62,22.5,2.78,-0.025641298
2018-03-28,AAPL,39.291513,39.110619,166674000,1.51,249.577,101.4,2605.0,22.87,2.77,-0.011049023
2018-03-28,GOOGL,49.719835,49.882107,77698000,1.51,249.577,101.4,2605.0,22.87,2.77,-0.001747818
2018-03-28,NVDA,5.544615,5.475842,945904000,1.51,249.577,101.4,2605.0,22.87,2.77,-0.01849041
2018-03-29,NVDA,5.54412,5.729163,916628000,1.51,249.577,101.4,2640.87,19.97,2.74,0.0462615924
2018-03-29,GOOGL,50.181346,51.468121,69338000,1.51,249.577,101.4,2640.87,19.97,2.74,0.0317952448
2018-03-29,AAPL,39.423075,39.416027,153594000,1.51,249.577,101.4,2640.87,19.97,2.74,0.0078088378
2018-04-02,AAPL,39.148232,39.157627,150347200,1.51,249.577,101.4,2581.88,23.62,2.73,-0.006555708
2018-04-02,GOOGL,50.995692,50.251812,65068000,1.51,249.577,101.4,2581.88,23.62,2.73,-0.0236322714
2018-04-02,NVDA,5.658657,5.468419,922092000,1.51,249.577,101.4,2581.88,23.62,2.73,-0.0455118076
2018-04-03,NVDA,5.635403,5.574793,667432000,1.51,249.577,101.4,2614.45,21.1,2.79,0.0194525599
2018-04-03,GOOGL,50.42649,50.55204,51322000,1.51,249.577,101.4,2614.45,21.1,2.79,0.0059744735
2018-04-03,AAPL,39.383123,39.559319,121112000,1.51,249.577,101.4,2614.45,21.1,2.79,0.0102583192
2018-04-04,AAPL,38.734739,40.315796,138422000,1.51,249.577,101.4,2644.69,20.06,2.79,0.0191226084
2018-04-04,GOOGL,49.537209,51.099407,50724000,1.51,249.577,101.4,2644.69,20.06,2.79,0.0108277944
2018-04-04,NVDA,5.318998,5.59681,789168000,1.51,249.577,101.4,2644.69,20.06,2.79,0.0039493844
2018-04-05,NVDA,5.655193,5.476582,701240000,1.51,249.577,101.4,2662.84,18.94,2.83,-0.0214816583
2018-04-05,GOOGL,51.927153,51.244808,35836000,1.51,249.577,101.4,2662.84,18.94,2.83,0.0028454538
2018-04-05,AAPL,40.543679,40.595364,107732800,1.51,249.577,101.4,2662.84,18.94,2.83,0.0069344462
2018-04-06,AAPL,40.165451,39.556992,140021200,1.51,249.577,101.4,2604.47,21.49,2.77,-0.025578587
2018-04-06,GOOGL,50.771383,50.118816,40134000,1.51,249.577,101.4,2604.47,21.49,2.77,-0.021972798
2018-04-06,NVDA,5.373918,5.300198,662988000,1.51,249.577,101.4,2604.47,21.49,2.77,-0.0322069469
2018-04-09,NVDA,5.36328,5.328894,499524000,1.51,249.577,101.4,2613.16,21.77,2.78,0.0054141491
2018-04-09,GOOGL,50.619529,50.622013,33220000,1.51,249.577,101.4,2613.16,21.77,2.78,0.0100400758
2018-04-09,AAPL,39.909373,39.94931,116070800,1.51,249.577,101.4,2613.16,21.77,2.78,0.00991781
2018-04-10,AAPL,40.642352,40.701084,113634400,1.51,249.577,101.4,2656.87,20.47,2.8,0.0188181931
2018-04-10,GOOGL,51.126699,51.436359,36620000,1.51,249.577,101.4,2656.87,20.47,2.8,0.0160868022
2018-04-10,NVDA,5.559209,5.638124,761676000,1.51,249.577,101.4,2656.87,20.47,2.8,0.058028992
2018-04-11,NVDA,5.62328,5.59681,460244000,1.51,249.577,101.4,2642.19,20.24,2.79,-0.0073275523
2018-04-11,GOOGL,51.21305,50.868652,34060000,1.51,249.577,101.4,2642.19,20.24,2.79,-0.011037077
2018-04-11,AAPL,40.461463,40.510799,89726400,1.51,249.577,101.4,2642.19,20.24,2.79,-0.0046751759
2018-04-12,AAPL,40.738672,40.910168,91557200,1.51,249.577,101.4,2663.99,18.49,2.83,0.0098583166
2018-04-12,GOOGL,51.186745,51.475559,32896000,1.51,249.577,101.4,2663.99,18.49,2.83,0.0119308624
2018-04-12,NVDA,5.689827,5.803623,593920000,1.51,249.577,101.4,2663.99,18.49,2.83,0.0369519147
2018-04-13,NVDA,5.867201,5.726934,503036000,1.51,249.577,101.4,2656.3,17.41,2.82,-0.0132139465
2018-04-13,GOOGL,51.951967,51.413532,25410000,1.51,249.577,101.4,2656.3,17.41,2.82,-0.0012049792
2018-04-13,AAPL,41.060518,41.048771,100497200,1.51,249.577,101.4,2656.3,17.41,2.82,0.0033879893
2018-04-16,AAPL,41.119242,41.304836,86313600,1.51,249.577,101.4,2677.84,16.56,2.83,0.0062380764
2018-04-16,GOOGL,51.885472,51.912766,29776000,1.51,249.577,101.4,2677.84,16.56,2.83,0.0097101526
2018-04-17,NVDA,5.778885,5.876354,447224000,1.51,249.577,101.4,2706.39,15.25,2.82,0.0261348814
2018-04-17,GOOGL,52.662102,53.56329,54584000,1.51,249.577,101.4,2706.39,15.25,2.82,0.0317941863
2018-04-17,AAPL,41.462245,41.873367,106421600,1.51,249.577,101.4,2706.39,15.25,2.82,0.0137642728
2018-04-18,AAPL,41.772352,41.7794,83018000,1.51,249.577,101.4,2708.64,15.6,2.87,-0.002244086
2018-04-18,GOOGL,53.545918,53.366276,31126000,1.51,249.577,101.4,2708.64,15.6,2.87,-0.0036781508
2018-04-18,NVDA,5.825888,5.84741,391364000,1.51,249.577,101.4,2708.64,15.6,2.87,-0.0049255056
2018-04-19,NVDA,5.73312,5.666079,471996000,1.51,249.577,101.4,2693.13,15.96,2.92,-0.0310105075
2018-04-19,GOOGL,53.050167,54.064007,39884000,1.51,249.577,101.4,2693.13,15.96,2.92,0.0130743809
2018-04-19,AAPL,40.820891,40.595364,139235200,1.51,249.577,101.4,2693.13,15.96,2.92,-0.028340193
2018-04-20,AAPL,40.07852,38.932076,261964400,1.51,249.577,101.4,2670.14,16.88,2.96,-0.0409723665
2018-04-20,GOOGL,53.806949,53.462055,42434000,1.51,249.577,101.4,2670.14,16.88,2.96,-0.0111340545
2018-04-20,NVDA,5.65742,5.657915,386200000,1.51,249.577,101.4,2670.14,16.88,2.96,-0.0014409269
2018-04-23,NVDA,5.675725,5.538427,427508000,1.51,249.577,101.4,2670.29,16.34,2.98,-0.021118693
2018-04-23,GOOGL,53.74293,53.287868,69590000,1.51,249.577,101.4,2670.29,16.34,2.98,-0.0032581371
2018-04-23,AAPL,39.192846,38.819313,146062000,1.51,249.577,101.4,2670.29,16.34,2.98,-0.0028963894
2018-04-24,AAPL,38.92033,38.27898,134768000,1.51,249.577,101.4,2634.56,18.02,3.0,-0.0139191745
2018-04-24,GOOGL,52.562853,50.748562,128220000,1.51,249.577,101.4,2634.56,18.02,3.0,-0.0476526217
2018-04-24,NVDA,5.564156,5.472129,414596000,1.51,249.577,101.4,2634.56,18.02,3.0,-0.0119705486
2018-04-25,NVDA,5.442443,5.359817,588492000,1.51,249.577,101.4,2639.4,17.84,3.03,-0.0205243412
2018-04-25,GOOGL,51.101393,50.76593,57860000,1.51,249.577,101.4,2639.4,17.84,3.03,0.0003422425
2018-04-25,AAPL,38.203804,38.445778,113528400,1.51,249.577,101.4,2639.4,17.84,3.03,0.0043574211
2018-04-26,AAPL,38.556203,38.579697,111852000,1.51,249.577,101.4,2666.94,16.24,3.0,0.0034833152
2018-04-26,GOOGL,51.273585,51.774303,50926000,1.51,249.577,101.4,2666.94,16.24,3.0,0.0198631889
2018-04-26,NVDA,5.521606,5.571578,375824000,1.51,249.577,101.4,2666.94,16.24,3.0,0.0395089086
2018-04-27,NVDA,5.677459,5.599038,400848000,1.51,249.577,101.4,2669.91,15.41,2.96,0.0049286038
2018-04-27,GOOGL,51.884976,51.185757,40746000,1.51,249.577,101.4,2669.91,15.41,2.96,-0.0113675456
2018-04-27,AAPL,38.527995,38.13332,142623200,1.51,249.577,101.4,2669.91,15.41,2.96,-0.0115702517
2018-04-30,AAPL,38.088709,38.824028,169709600,1.51,249.577,101.4,2648.05,15.93,2.95,0.0181129826
2018-04-30,GOOGL,51.333145,50.547085,34492000,1.51,249.577,101.4,2648.05,15.93,2.95,-0.0124775312
2018-04-30,NVDA,5.615365,5.563662,327844000,1.51,249.577,101.4,2648.05,15.93,2.95,-0.0063182415
2018-05-01,NVDA,5.555498,5.619075,253788000,1.7,250.792,98.0,2654.8,15.49,2.97,0.0099599378
2018-05-01,GOOGL,50.433938,51.64727,35326000,1.7,250.792,98.0,2654.8,15.49,2.97,0.0217655558
2018-05-02,AAPL,41.166232,41.481037,266157600,1.7,250.792,98.0,2635.67,15.97,2.97,0.0441749965
2018-05-02,GOOGL,51.312304,50.917786,34698000,1.7,250.792,98.0,2635.67,15.97,2.97,-0.0141243585
2018-05-02,NVDA,5.615613,5.598544,268248000,1.7,250.792,98.0,2635.67,15.97,2.97,-0.0036539205
2018-05-03,NVDA,5.630455,5.763795,443144000,1.7,250.792,98.0,2629.73,15.9,2.94,0.0295168289
2018-05-03,GOOGL,50.884035,50.930183,39282000,1.7,250.792,98.0,2629.73,15.9,2.94,0.000243486
2018-05-03,AAPL,41.318946,41.556221,136272800,1.7,250.792,98.0,2629.73,15.9,2.94,0.0018124877
2018-05-04,AAPL,41.875704,43.186596,224805200,1.7,250.792,98.0,2663.42,14.77,2.95,0.0392329925
2018-05-04,GOOGL,50.598195,52.155926,36892000,1.7,250.792,98.0,2663.42,14.77,2.95,0.0240671103
2018-05-04,NVDA,5.735099,5.913958,400660000,1.7,250.792,98.0,2663.42,14.77,2.95,0.0260527481
2018-05-07,NVDA,6.018601,6.151941,687616000,1.7,250.792,98.0,2672.63,14.75,2.95,0.0402409424
2018-05-07,GOOGL,52.299341,52.575752,34400000,1.7,250.792,98.0,2672.63,14.75,2.95,0.0080494498
2018-05-07,AAPL,43.503754,43.499058,169805600,1.7,250.792,98.0,2672.63,14.75,2.95,0.0072351582
2018-05-08,AAPL,43.459116,43.708138,113611200,1.7,250.792,98.0,2671.92,14.71,2.97,0.004806535
2018-05-08,GOOGL,52.831819,52.532581,26030000,1.7,250.792,98.0,2671.92,14.71,2.97,-0.0008211186
2018-05-08,NVDA,6.152188,6.194491,506616000,1.7,250.792,98.0,2671.92,14.71,2.97,0.0069165306
2018-05-09,NVDA,6.214529,6.327583,596760000,1.7,250.792,98.0,2697.79,13.42,3.0,0.021485608
2018-05-09,GOOGL,52.806017,54.039196,47160000,1.7,250.792,98.0,2697.79,13.42,3.0,0.0286796241
2018-05-09,AAPL,43.825602,44.015892,92844800,1.7,250.792,98.0,2697.79,13.42,3.0,0.0070411263
2018-05-10,AAPL,44.105171,44.6455,111957200,1.7,250.792,98.0,2723.07,13.23,2.97,0.0143041098
2018-05-10,GOOGL,54.339425,54.858997,36414000,1.7,250.792,98.0,2723.07,13.23,2.97,0.0151704946
2018-05-10,NVDA,6.380523,6.435195,994080000,1.7,250.792,98.0,2723.07,13.23,2.97,0.0170067545
2018-05-11,NVDA,6.253368,6.29666,1214456000,1.7,250.792,98.0,2727.72,12.65,2.97,-0.0215277118
2018-05-11,GOOGL,54.607895,54.75528,30504000,1.7,250.792,98.0,2727.72,12.65,2.97,-0.0018906252
2018-05-11,AAPL,44.687956,44.475704,104848800,1.7,250.792,98.0,2727.72,12.65,2.97,-0.003803205
2018-05-14,AAPL,44.574749,44.371933,83115200,1.7,250.792,98.0,2730.13,12.93,3.0,-0.0023332112
2018-05-14,GOOGL,54.863965,54.915081,39338000,1.7,250.792,98.0,2730.13,12.93,3.0,0.0029184671
2018-05-14,NVDA,6.334757,6.317193,523140000,1.7,250.792,98.0,2730.13,12.93,3.0,0.0032608729
2018-05-15,NVDA,6.253614,6.074756,963528000,1.7,250.792,98.0,2711.45,14.63,3.08,-0.0383773146
2018-05-15,GOOGL,54.43371,53.83672,35738000,1.7,250.792,98.0,2711.45,14.63,3.08,-0.0196368919
2018-05-15,AAPL,44.048837,43.968655,94780800,1.7,250.792,98.0,2711.45,14.63,3.08,-0.009088591
2018-05-16,AAPL,43.881402,44.379005,76732400,1.7,250.792,98.0,2722.46,13.42,3.09,0.0093328032
2018-05-16,GOOGL,53.847647,53.798019,25628000,1.7,250.792,98.0,2722.46,13.42,3.09,-0.0007188422
2018-05-16,NVDA,6.036164,6.085888,553828000,1.7,250.792,98.0,2722.46,13.42,3.09,0.0018325412
2018-05-17,NVDA,6.08762,6.127944,519784000,1.7,250.792,98.0,2720.13,13.43,3.11,0.0069104269
2018-05-17,GOOGL,53.667501,53.657574,25738000,1.7,250.792,98.0,2720.13,13.43,3.11,-0.0026106111
2018-05-17,AAPL,44.336556,44.098366,69176000,1.7,250.792,98.0,2720.13,13.43,3.11,-0.006323703
2018-05-18,AAPL,44.145538,43.938004,73190800,1.7,250.792,98.0,2712.97,13.42,3.06,-0.0036364668
2018-05-18,GOOGL,52.900298,53.080933,35482000,1.7,250.792,98.0,2712.97,13.42,3.06,-0.0107466858
2018-05-18,NVDA,6.179894,6.084156,483716000,1.7,250.792,98.0,2712.97,13.42,3.06,-0.0071456195
2018-05-21,NVDA,6.181628,6.042103,640624000,1.7,250.792,98.0,2733.01,13.08,3.06,-0.0069119238
2018-05-21,GOOGL,53.545427,53.794048,25180000,1.7,250.792,98.0,2733.01,13.08,3.06,0.0134344982
2018-05-21,AAPL,44.336544,44.249287,73603200,1.7,250.792,98.0,2733.01,13.08,3.06,0.0070845984
2018-05-22,AAPL,44.426178,44.138462,60962800,1.7,250.792,98.0,2724.44,13.22,3.06,-0.0025045508
2018-05-22,GOOGL,54.081382,53.362312,22226000,1.7,250.792,98.0,2724.44,13.22,3.06,-0.0080257204
2018-05-22,NVDA,6.055461,6.004005,518264000,1.7,250.792,98.0,2724.44,13.22,3.06,-0.0063053972
2018-05-23,NVDA,5.947814,6.127526,442956000,1.7,250.792,98.0,2733.29,12.58,3.01,0.0205730761
2018-05-23,GOOGL,53.098803,53.89082,23740000,1.7,250.792,98.0,2733.29,12.58,3.01,0.0099041291
2018-05-23,AAPL,43.947437,44.421459,80233600,1.7,250.792,98.0,2733.29,12.58,3.01,0.0064115766
2018-05-24,AAPL,44.518152,44.371933,92936000,1.7,250.792,98.0,2727.76,12.53,2.98,-0.0011149164
2018-05-24,GOOGL,53.937464,53.865505,20604000,1.7,250.792,98.0,2727.76,12.53,2.98,-0.0004697336
2018-05-24,NVDA,6.123812,6.131238,437372000,1.7,250.792,98.0,2727.76,12.53,2.98,0.0006057421
2018-05-25,NVDA,6.143862,6.170596,292112000,1.7,250.792,98.0,2721.33,13.22,2.93,0.0064192814
2018-05-25,GOOGL,53.920094,53.79752,22224000,1.7,250.792,98.0,2721.33,13.22,2.93,-0.0012621349
2018-05-25,AAPL,44.390815,44.473358,69844000,1.7,250.792,98.0,2721.33,13.22,2.93,0.0022857956
2018-05-29,AAPL,44.242226,44.312973,90056400,1.7,250.792,98.0,2689.86,17.02,2.77,-0.0036063193
2018-05-29,GOOGL,53.396551,53.003025,36076000,1.7,250.792,98.0,2689.86,17.02,2.77,-0.014768239
2018-05-29,NVDA,6.152526,6.153516,352684000,1.7,250.792,98.0,2689.86,17.02,2.77,-0.0027679386
2018-05-30,NVDA,6.187182,6.262433,390996000,1.7,250.792,98.0,2724.01,14.94,2.84,0.0176999235
2018-05-30,GOOGL,53.271497,53.469501,28686000,1.7,250.792,98.0,2724.01,14.94,2.84,0.0088009399
2018-05-30,AAPL,44.270523,44.218639,74762000,1.7,250.792,98.0,2724.01,14.94,2.84,-0.0021288043
2018-05-31,AAPL,44.152623,44.07008,109931200,1.7,250.792,98.0,2705.27,15.43,2.83,-0.0033596595
2018-05-31,GOOGL,53.694303,54.587555,79368000,1.7,250.792,98.0,2705.27,15.43,2.83,0.0209101152
2018-05-31,NVDA,6.230502,6.242631,493868000,1.7,250.792,98.0,2705.27,15.43,2.83,-0.0031619688
2018-06-01,NVDA,6.287435,6.377043,421968000,1.82,251.018,98.2,2734.62,13.46,2.89,0.0215313527
2018-06-01,GOOGL,55.226228,56.324429,63202000,1.82,251.018,98.2,2734.62,13.46,2.89,0.0318181246
2018-06-01,AAPL,44.33421,44.864834,93770000,1.82,251.018,98.2,2734.62,13.46,2.89,0.0180338686
2018-06-04,AAPL,45.194991,45.239799,105064800,1.82,251.018,98.2,2746.87,12.74,2.94,0.0083576743
2018-06-04,GOOGL,56.498112,57.219662,44754000,1.82,251.018,98.2,2746.87,12.74,2.94,0.0158942252
2018-06-04,NVDA,6.411202,6.556011,642024000,1.82,251.018,98.2,2746.87,12.74,2.94,0.0280644094
2018-06-05,NVDA,6.55923,6.561458,391712000,1.82,251.018,98.2,2748.8,12.4,2.92,0.0008307542
2018-06-05,GOOGL,57.300061,57.119423,32964000,1.82,251.018,98.2,2748.8,12.4,2.92,-0.0017518244
2018-06-05,AAPL,45.532224,45.588821,86264000,1.82,251.018,98.2,2748.8,12.4,2.92,0.0077149306
2018-06-06,AAPL,45.664298,45.746838,83734400,1.82,251.018,98.2,2772.35,11.64,2.97,0.0034661173
2018-06-06,GOOGL,57.206264,56.917446,34934000,1.82,251.018,98.2,2772.35,11.64,2.97,-0.0035360437
2018-06-06,NVDA,6.471354,6.563438,371356000,1.82,251.018,98.2,2772.35,11.64,2.97,0.0003018087
2018-06-07,NVDA,6.559725,6.507742,369448000,1.82,251.018,98.2,2770.37,12.13,2.93,-0.0084857257
2018-06-07,GOOGL,56.799833,56.295643,36108000,1.82,251.018,98.2,2770.37,12.13,2.93,-0.0109246519
2018-06-07,AAPL,45.784571,45.624207,85388800,1.82,251.018,98.2,2770.37,12.13,2.93,-0.0026806459
2018-06-08,AAPL,45.084157,45.209148,106627200,1.82,251.018,98.2,2779.03,12.18,2.93,-0.0090973228
2018-06-08,GOOGL,56.13635,56.210789,27284000,1.82,251.018,98.2,2779.03,12.18,2.93,-0.0015072947
2018-06-08,NVDA,6.434966,6.492394,360456000,1.82,251.018,98.2,2779.03,12.18,2.93,-0.002358415
2018-06-11,NVDA,6.479771,6.451304,265372000,1.82,251.018,98.2,2782.0,12.35,2.96,-0.0063289457
2018-06-11,GOOGL,56.222196,56.61721,24796000,1.82,251.018,98.2,2782.0,12.35,2.96,0.0072303142
2018-06-11,AAPL,45.126596,45.098293,73234000,1.82,251.018,98.2,2782.0,12.35,2.96,-0.0024520502
2018-06-12,AAPL,45.136037,45.345928,67644400,1.82,251.018,98.2,2786.85,12.34,2.96,0.0054910035
2018-06-12,GOOGL,56.623172,56.978985,26092000,1.82,251.018,98.2,2786.85,12.34,2.96,0.0063898317
2018-06-12,NVDA,6.47779,6.49982,319160000,1.82,251.018,98.2,2786.85,12.34,2.96,0.007520308
2018-06-13,NVDA,6.501306,6.495365,338208000,1.82,251.018,98.2,2775.63,12.94,2.98,-0.0006854907
2018-06-13,GOOGL,57.181953,56.782471,34302000,1.82,251.018,98.2,2775.63,12.94,2.98,-0.0034488879
2018-06-13,AAPL,45.378934,44.973301,86553600,1.82,251.018,98.2,2775.63,12.94,2.98,-0.0082174359
2018-06-14,AAPL,45.173773,44.996899,86440400,1.82,251.018,98.2,2782.49,12.12,2.94,0.000524705
2018-06-14,GOOGL,57.178473,57.570511,35422000,1.82,251.018,98.2,2782.49,12.12,2.94,0.0138782295
2018-06-14,NVDA,6.540418,6.607005,430016000,1.82,251.018,98.2,2782.49,12.12,2.94,0.0171877114
2018-06-15,NVDA,6.549824,6.566162,432260000,1.82,251.018,98.2,2779.66,11.98,2.93,-0.0061818458
2018-06-15,GOOGL,57.561081,57.528828,44438000,1.82,251.018,98.2,2779.66,11.98,2.93,-0.0007240373
2018-06-15,AAPL,44.815294,44.534653,246876800,1.82,251.018,98.2,2779.66,11.98,2.93,-0.01027284
2018-06-18,AAPL,44.308262,44.511078,73939600,1.82,251.018,98.2,2773.75,12.31,2.92,-0.0005293592
2018-06-18,GOOGL,57.202298,58.735218,33038000,1.82,251.018,98.2,2773.75,12.31,2.92,0.0209701889
2018-06-18,NVDA,6.5221,6.561954,356268000,1.82,251.018,98.2,2773.75,12.31,2.92,-0.0006408749
2018-06-19,NVDA,6.45873,6.440165,594932000,1.82,251.018,98.2,2762.59,13.35,2.89,-0.018559866
2018-06-19,GOOGL,58.066766,58.49255,47282000,1.82,251.018,98.2,2762.59,13.35,2.89,-0.0041315613
2018-06-19,AAPL,43.662077,43.791786,134314000,1.82,251.018,98.2,2762.59,13.35,2.89,-0.0161598353
2018-06-20,AAPL,43.94743,43.982803,82514800,1.82,251.018,98.2,2767.32,12.79,2.93,0.0043619402
2018-06-20,GOOGL,58.721316,58.759525,51686000,1.82,251.018,98.2,2767.32,12.79,2.93,0.0045642634
2018-06-20,NVDA,6.481256,6.493137,369780000,1.82,251.018,98.2,2767.32,12.79,2.93,0.0082253789
2018-06-21,NVDA,6.52507,6.364419,359516000,1.82,251.018,98.2,2749.76,14.64,2.9,-0.0198238303
2018-06-21,GOOGL,58.830984,58.033508,44966000,1.82,251.018,98.2,2749.76,14.64,2.9,-0.0123557329
2018-06-21,AAPL,44.15968,43.737541,102847600,1.82,251.018,98.2,2749.76,14.64,2.9,-0.0055763191
2018-06-22,AAPL,43.893186,43.610188,108801600,1.82,251.018,98.2,2754.88,13.77,2.9,-0.0029117702
2018-06-22,GOOGL,58.135249,58.026073,34220000,1.82,251.018,98.2,2754.88,13.77,2.9,-0.000128113
2018-06-22,NVDA,6.38521,6.211934,434160000,1.82,251.018,98.2,2754.88,13.77,2.9,-0.0239588922
2018-06-25,NVDA,6.105495,5.919099,665816000,1.82,251.018,98.2,2717.07,17.33,2.87,-0.0471406738
2018-06-25,GOOGL,57.316928,56.536823,57682000,1.82,251.018,98.2,2717.07,17.33,2.87,-0.0256651897
2018-06-26,AAPL,43.155044,43.49464,98276800,1.82,251.018,98.2,2723.06,15.92,2.88,0.012406169
2018-06-26,GOOGL,56.778002,56.206322,34688000,1.82,251.018,98.2,2723.06,15.92,2.88,-0.0058457751
2018-06-26,NVDA,6.032471,5.990142,478884000,1.82,251.018,98.2,2723.06,15.92,2.88,0.0120022547
2018-06-27,NVDA,6.033709,5.834938,453892000,1.82,251.018,98.2,2699.63,17.91,2.83,-0.0259099533
2018-06-27,GOOGL,56.374056,55.428204,34538000,1.82,251.018,98.2,2699.63,17.91,2.83,-0.0138439611
2018-06-27,AAPL,43.683293,43.430954,101141200,1.82,251.018,98.2,2699.63,17.91,2.83,-0.0014642349
2018-06-28,AAPL,43.416814,43.746979,69460800,1.82,251.018,98.2,2716.31,16.85,2.84,0.0072764872
2018-06-28,GOOGL,55.202409,55.916515,29726000,1.82,251.018,98.2,2716.31,16.85,2.84,0.0088098068
2018-06-28,NVDA,5.825035,5.962171,338012000,1.82,251.018,98.2,2716.31,16.85,2.84,0.0218053795
2018-06-29,NVDA,6.027274,5.864147,392300000,1.82,251.018,98.2,2718.37,16.09,2.85,-0.0164409739
2018-06-29,GOOGL,56.190942,56.03611,31562000,1.82,251.018,98.2,2718.37,16.09,2.85,0.0021388059
2018-06-29,AAPL,43.933287,43.655006,90950800,1.82,251.018,98.2,2718.37,16.09,2.85,-0.0021023704
2018-07-02,AAPL,43.350771,44.143166,70925200,1.82,251.018,98.2,2726.71,15.6,2.87,0.0111822038
2018-07-02,GOOGL,55.349294,56.677258,23216000,1.82,251.018,98.2,2726.71,15.6,2.87,0.0114416867
2018-07-02,NVDA,5.794589,5.996332,357572000,1.82,251.018,98.2,2726.71,15.6,2.87,0.0225412134
2018-07-03,NVDA,6.030987,5.862662,222732000,1.82,251.018,98.2,2713.22,16.14,2.83,-0.0222919378
2018-07-03,GOOGL,57.040022,55.395447,16448000,1.82,251.018,98.2,2713.22,16.14,2.83,-0.022615963
2018-07-03,AAPL,44.287039,43.374367,55819200,1.82,251.018,98.2,2713.22,16.14,2.83,-0.017416033
2018-07-05,AAPL,43.690372,43.723389,66416800,1.82,251.018,98.2,2736.61,14.97,2.84,0.0080467322
2018-07-05,GOOGL,55.808332,56.636574,28594000,1.82,251.018,98.2,2736.61,14.97,2.84,0.0224048561
2018-07-05,NVDA,5.917862,6.008461,306216000,1.82,251.018,98.2,2736.61,14.97,2.84,0.0248691062
2018-07-06,NVDA,5.983955,6.122328,296352000,1.82,251.018,98.2,2759.82,13.37,2.82,0.0189510768
2018-07-06,GOOGL,56.660394,57.320904,21820000,1.82,251.018,98.2,2759.82,13.37,2.82,0.0120828281
2018-07-06,AAPL,43.728105,44.329479,69940800,1.82,251.018,98.2,2759.82,13.37,2.82,0.0138619298
2018-07-09,AAPL,44.690319,44.945019,79026400,1.82,251.018,98.2,2784.17,12.69,2.86,0.0138855579
2018-07-09,GOOGL,57.565062,57.926331,21584000,1.82,251.018,98.2,2784.17,12.69,2.86,0.0105620594
2018-07-09,NVDA,6.196589,6.169855,303880000,1.82,251.018,98.2,2784.17,12.69,2.86,0.0077628703
2018-07-10,NVDA,6.182231,6.268869,360016000,1.82,251.018,98.2,2793.84,12.64,2.87,0.0160480737
2018-07-10,GOOGL,58.06081,57.919376,21334000,1.82,251.018,98.2,2793.84,12.64,2.87,-0.0001200524
2018-07-10,AAPL,44.975685,44.890785,63756400,1.82,251.018,98.2,2793.84,12.64,2.87,-0.0012066643
2018-07-11,AAPL,44.454473,44.308258,75326000,1.82,251.018,98.2,2774.02,13.63,2.85,-0.012976542
2018-07-11,GOOGL,57.347694,58.133759,33252000,1.82,251.018,98.2,2774.02,13.63,2.85,0.0037013895
2018-07-11,NVDA,6.176044,6.127279,367508000,1.82,251.018,98.2,2774.02,13.63,2.85,-0.0225861544
2018-07-12,NVDA,6.172576,6.218865,345508000,1.82,251.018,98.2,2798.29,12.58,2.85,0.0149472725
2018-07-12,GOOGL,58.302482,59.612583,44148000,1.82,251.018,98.2,2798.29,12.58,2.85,0.0254383108
2018-07-12,AAPL,44.697375,45.051125,72164400,1.82,251.018,98.2,2798.29,12.58,2.85,0.0167658705
2018-07-13,AAPL,45.062921,45.12188,50055600,1.82,251.018,98.2,2801.31,12.18,2.83,0.0015705491
2018-07-13,GOOGL,59.689012,59.769405,32612000,1.82,251.018,98.2,2801.31,12.18,2.83,0.0026306896
2018-07-13,NVDA,6.237432,6.171587,246988000,1.82,251.018,98.2,2801.31,12.18,2.83,-0.0076024164
2018-07-16,NVDA,6.143863,6.143863,197036000,1.82,251.018,98.2,2798.43,12.83,2.85,-0.0044922426
2018-07-16,GOOGL,59.73913,59.376869,26784000,1.82,251.018,98.2,2798.43,12.83,2.85,-0.0065675099
2018-07-16,AAPL,45.166701,45.022842,60172400,1.82,251.018,98.2,2798.43,12.83,2.85,-0.0021948813
2018-07-17,AAPL,44.749266,45.150181,62138000,1.82,251.018,98.2,2809.55,12.06,2.86,0.0028283068
2018-07-17,GOOGL,58.693535,60.199158,40162000,1.82,251.018,98.2,2809.55,12.06,2.86,0.0138486337
2018-07-17,NVDA,6.094604,6.279761,362136000,1.82,251.018,98.2,2809.55,12.06,2.86,0.0221193278
2018-07-18,NVDA,6.272335,6.230501,277640000,1.82,251.018,98.2,2815.62,12.1,2.88,-0.0078441941
2018-07-18,GOOGL,59.97336,60.19072,38948000,1.82,251.018,98.2,2815.62,12.1,2.88,-0.0001401699
2018-07-18,AAPL,45.228012,44.902561,65573600,1.82,251.018,98.2,2815.62,12.1,2.88,-0.0054843552
2018-07-19,AAPL,44.73512,45.251595,81147200,1.82,251.018,98.2,2804.49,12.87,2.84,0.007773128
2018-07-19,GOOGL,59.880066,59.505398,38338000,1.82,251.018,98.2,2804.49,12.87,2.84,-0.0113858384
2018-07-19,NVDA,6.211688,6.238669,235752000,1.82,251.018,98.2,2804.49,12.87,2.84,0.0013110054
2018-07-20,NVDA,6.236194,6.210451,222352000,1.82,251.018,98.2,2801.83,12.86,2.89,-0.0045231995
2018-07-20,GOOGL,59.512342,59.444851,37938000,1.82,251.018,98.2,2801.83,12.86,2.89,-0.0010175022
2018-07-20,AAPL,45.228002,45.14782,82704800,1.82,251.018,98.2,2801.83,12.86,2.89,-0.0022932899
2018-07-23,AAPL,44.968574,45.187901,63957600,1.82,251.018,98.2,2806.98,12.62,2.96,0.0008877732
2018-07-23,GOOGL,59.334685,60.095932,65446000,1.82,251.018,98.2,2806.98,12.62,2.96,0.010952691
2018-07-23,NVDA,6.183964,6.173815,301584000,1.82,251.018,98.2,2806.98,12.62,2.96,-0.0058990688
2018-07-24,NVDA,6.221838,6.156488,354620000,1.82,251.018,98.2,2820.4,12.41,2.95,-0.0028065033
2018-07-24,GOOGL,63.073429,62.435749,107600000,1.82,251.018,98.2,2820.4,12.41,2.95,0.0389346994
2018-07-24,AAPL,45.386012,45.51572,74791600,1.82,251.018,98.2,2820.4,12.41,2.95,0.0072545929
2018-07-25,AAPL,45.529882,45.94495,66839600,1.82,251.018,98.2,2846.07,12.29,2.94,0.0094303624
2018-07-25,GOOGL,62.161324,63.318581,51104000,1.82,251.018,98.2,2846.07,12.29,2.94,0.0141398411
2018-07-25,NVDA,6.165894,6.234709,319112000,1.82,251.018,98.2,2846.07,12.29,2.94,0.0127054329
2018-07-26,NVDA,6.21466,6.308228,325124000,1.82,251.018,98.2,2837.44,12.14,2.98,0.0117919268
2018-07-26,GOOGL,62.883861,63.792992,54686000,1.82,251.018,98.2,2837.44,12.14,2.98,0.0074924454
2018-07-26,AAPL,45.895414,45.801083,76304000,1.82,251.018,98.2,2837.44,12.14,2.98,-0.0031313015
2018-07-27,AAPL,45.985025,45.039333,96096000,1.82,251.018,98.2,2818.82,13.03,2.96,-0.0166316869
2018-07-27,GOOGL,63.972641,62.174725,48362000,1.82,251.018,98.2,2818.82,13.03,2.96,-0.025367474
2018-07-27,NVDA,6.344864,6.238423,295420000,1.82,251.018,98.2,2818.82,13.03,2.96,-0.011065654
2018-07-30,NVDA,6.252532,6.043116,340340000,1.82,251.018,98.2,2802.6,14.26,2.98,-0.0313071499
2018-07-30,AAPL,45.256304,44.786999,84118000,1.82,251.018,98.2,2802.6,14.26,2.98,-0.0056025384
2018-07-31,AAPL,44.878974,44.876614,157492000,1.82,251.018,98.2,2816.29,12.83,2.96,0.0020009126
2018-07-31,GOOGL,61.123664,60.900848,39382000,1.82,251.018,98.2,2816.29,12.83,2.96,-0.0022926009
2018-07-31,NVDA,6.032718,6.061185,283988000,1.82,251.018,98.2,2816.29,12.83,2.96,0.002989979
2018-08-01,NVDA,6.092624,6.101039,283556000,1.91,251.663,96.2,2813.36,13.15,3.0,0.0065753689
2018-08-01,GOOGL,61.490888,61.187183,36994000,1.91,251.663,96.2,2813.36,13.15,3.0,0.0047016585
2018-08-01,AAPL,46.961387,47.520309,271742800,1.91,251.663,96.2,2813.36,13.15,3.0,0.0589103236
2018-08-02,AAPL,47.303342,48.909363,249616000,1.91,251.663,96.2,2827.22,12.19,2.98,0.0292307302
2018-08-02,GOOGL,60.468118,61.591133,34704000,1.91,251.663,96.2,2827.22,12.19,2.98,0.0066018685
2018-08-02,NVDA,6.029747,6.203766,269668000,1.91,251.663,96.2,2827.22,12.19,2.98,0.0168375342
2018-08-03,NVDA,6.228272,6.240401,214288000,1.91,251.663,96.2,2840.35,11.64,2.95,0.0059052715
2018-08-03,GOOGL,61.792122,61.443756,21264000,1.91,251.663,96.2,2840.35,11.64,2.95,-0.0023928284
2018-08-03,AAPL,48.82446,49.050861,133789600,1.91,251.663,96.2,2840.35,11.64,2.95,0.0028930773
2018-08-06,AAPL,49.053207,49.30555,101701600,1.91,251.663,96.2,2850.4,11.27,2.94,0.0051923301
2018-08-06,GOOGL,61.614955,61.41943,22114000,1.91,251.663,96.2,2850.4,11.27,2.94,-0.0003959121
2018-08-06,NVDA,6.227778,6.288177,207508000,1.91,251.663,96.2,2850.4,11.27,2.94,0.0076559541
2018-08-07,NVDA,6.336941,6.360456,258132000,1.91,251.663,96.2,2858.45,10.93,2.98,0.0114945004
2018-08-07,GOOGL,62.131056,62.321121,42506000,1.91,251.663,96.2,2858.45,10.93,2.98,0.0146808826
2018-08-07,AAPL,49.364519,48.843327,102349600,1.91,251.663,96.2,2858.45,10.93,2.98,-0.0093746659
2018-08-08,AAPL,48.593344,48.876343,90102000,1.91,251.663,96.2,2857.7,10.85,2.96,0.0006759614
2018-08-08,GOOGL,62.364789,62.593563,34344000,1.91,251.663,96.2,2857.7,10.85,2.96,0.0043715816
2018-08-08,NVDA,6.361696,6.396845,262100000,1.91,251.663,96.2,2857.7,10.85,2.96,0.0057211105
2018-08-09,NVDA,6.414669,6.348329,204280000,1.91,251.663,96.2,2853.58,11.27,2.93,-0.0075844062
2018-08-09,GOOGL,62.66304,62.74889,27326000,1.91,251.663,96.2,2853.58,11.27,2.93,0.0024815146
2018-08-09,AAPL,49.41404,49.26075,93970400,1.91,251.663,96.2,2853.58,11.27,2.93,0.0078648897
2018-08-10,AAPL,49.073786,49.114017,98444800,1.91,251.663,96.2,2833.28,13.16,2.87,-0.0029786865
2018-08-10,GOOGL,62.486868,62.155869,26602000,1.91,251.663,96.2,2833.28,13.16,2.87,-0.0094507073
2018-08-10,NVDA,6.266394,6.30699,256396000,1.91,251.663,96.2,2833.28,13.16,2.87,-0.0065118549
2018-08-13,NVDA,6.315653,6.339912,375208000,1.91,251.663,96.2,2821.93,14.78,2.88,0.0052199654
2018-08-13,GOOGL,62.090864,61.963821,27500000,1.91,251.663,96.2,2821.93,14.78,2.88,-0.0030897665
2018-08-13,AAPL,49.535279,49.431149,103563600,1.91,251.663,96.2,2821.93,14.78,2.88,0.0064570373
2018-08-14,AAPL,49.736432,49.6394,82992000,1.91,251.663,96.2,2839.96,13.31,2.89,0.0042129701
2018-08-14,GOOGL,62.155363,62.435249,28080000,1.91,251.663,96.2,2839.96,13.31,2.89,0.0076081156
2018-08-14,NVDA,6.445363,6.471354,466220000,1.91,251.663,96.2,2839.96,13.31,2.89,0.0207324757
2018-08-15,NVDA,6.492146,6.413182,591136000,1.91,251.663,96.2,2818.37,14.64,2.86,-0.0089891156
2018-08-15,GOOGL,61.747454,61.148975,37052000,1.91,251.663,96.2,2818.37,14.64,2.86,-0.0206017269
2018-08-15,AAPL,49.513981,49.755375,115230400,1.91,251.663,96.2,2818.37,14.64,2.86,0.0023363382
2018-08-16,AAPL,50.11273,50.484287,114001600,1.91,251.663,96.2,2840.69,13.45,2.87,0.0146499218
2018-08-16,GOOGL,61.633814,60.744038,32176000,1.91,251.663,96.2,2840.69,13.45,2.87,-0.0066221509
2018-08-16,NVDA,6.48299,6.372588,801260000,1.91,251.663,96.2,2840.69,13.45,2.87,-0.0063297906
2018-08-17,NVDA,6.261196,6.060196,1143188000,1.91,251.663,96.2,2850.13,12.64,2.87,-0.0490211748
2018-08-17,GOOGL,60.643793,60.336613,33092000,1.91,251.663,96.2,2850.13,12.64,2.87,-0.0067072414
2018-08-17,AAPL,50.512683,51.492455,141708000,1.91,251.663,96.2,2850.13,12.64,2.87,0.0199699218
2018-08-20,AAPL,51.615512,50.99073,121150800,1.91,251.663,96.2,2857.05,12.49,2.82,-0.0097436459
2018-08-20,GOOGL,60.575309,60.639324,22218000,1.91,251.663,96.2,2857.05,12.49,2.82,0.0050170448
2018-08-20,NVDA,6.0196,6.134952,854388000,1.91,251.663,96.2,2857.05,12.49,2.82,0.0123354404
2018-08-21,NVDA,6.151289,6.270602,673988000,1.91,251.663,96.2,2862.96,12.86,2.85,0.0221111174
2018-08-21,GOOGL,60.692423,60.414024,23082000,1.91,251.663,96.2,2862.96,12.86,2.85,-0.0037154081
2018-08-21,AAPL,51.307862,50.891338,104639200,1.91,251.663,96.2,2862.96,12.86,2.85,-0.0019492158
2018-08-22,GOOGL,60.255723,60.629402,22296000,1.91,251.663,96.2,2861.82,12.25,2.82,0.00356503
2018-08-22,NVDA,6.237928,6.505762,749856000,1.91,251.663,96.2,2861.82,12.25,2.82,0.03750196
2018-08-23,NVDA,6.467146,6.605272,720684000,1.91,251.663,96.2,2856.98,12.41,2.82,0.0152956279
2018-08-23,GOOGL,60.536605,60.600124,24666000,1.91,251.663,96.2,2856.98,12.41,2.82,-0.0004828977
2018-08-23,AAPL,50.799029,50.997826,75532800,1.91,251.663,96.2,2856.98,12.41,2.82,0.0020462507
2018-08-24,AAPL,51.26053,51.156399,73905600,1.91,251.663,96.2,2874.69,11.99,2.82,0.00310941
2018-08-24,GOOGL,60.840308,61.373779,24454000,1.91,251.663,96.2,2874.69,11.99,2.82,0.0127665569
2018-08-24,NVDA,6.613687,6.738445,531512000,1.91,251.663,96.2,2874.69,11.99,2.82,0.0201616935
2018-08-27,NVDA,6.768152,6.829541,505776000,1.91,251.663,96.2,2896.74,12.16,2.85,0.0135188342
2018-08-27,GOOGL,61.740506,62.342457,28580000,1.91,251.663,96.2,2896.74,12.16,2.85,0.015783247
2018-08-27,AAPL,51.390696,51.57766,82100400,1.91,251.663,96.2,2896.74,12.16,2.85,0.0082347633
2018-08-28,AAPL,51.830871,51.994167,91107200,1.91,251.663,96.2,2897.52,12.5,2.88,0.0080753513
2018-08-28,GOOGL,62.324093,61.825859,27330000,1.91,251.663,96.2,2897.52,12.5,2.88,-0.0082864515
2018-08-28,NVDA,6.823599,6.791914,475384000,1.91,251.663,96.2,2897.52,12.5,2.88,-0.0055094101
2018-08-29,NVDA,6.784236,6.897422,420108000,1.91,251.663,96.2,2914.04,12.25,2.89,0.0155343315
2018-08-29,GOOGL,62.279436,62.758316,36926000,1.91,251.663,96.2,2914.04,12.25,2.89,0.0150819897
2018-08-29,AAPL,52.100665,52.770412,109019200,1.91,251.663,96.2,2914.04,12.25,2.89,0.0149294653
2018-08-30,AAPL,52.834311,53.255566,195175200,1.91,251.663,96.2,2901.13,13.53,2.86,0.0091936594
2018-08-30,GOOGL,62.696286,62.251648,30104000,1.91,251.663,96.2,2901.13,13.53,2.86,-0.008073322
2018-08-30,NVDA,6.866216,6.880581,346608000,1.91,251.663,96.2,2901.13,13.53,2.86,-0.0024416273
2018-08-31,NVDA,6.86052,6.951663,306592000,1.91,251.663,96.2,2901.52,12.86,2.86,0.0103308298
2018-08-31,GOOGL,62.140979,61.128132,42308000,1.91,251.663,96.2,2901.52,12.86,2.86,-0.0180479733
2018-08-31,AAPL,53.60583,53.870892,173360400,1.91,251.663,96.2,2901.52,12.86,2.86,0.0115542088
2018-09-04,AAPL,54.055481,54.043648,109560400,1.91,251.663,96.2,2896.72,13.16,2.9,0.0032068561
2018-09-04,GOOGL,60.667611,60.111313,41458000,1.91,251.663,96.2,2896.72,13.16,2.9,-0.0166342234
2018-09-04,NVDA,6.938537,7.026461,391720000,1.91,251.663,96.2,2896.72,13.16,2.9,0.010759605
2018-09-05,NVDA,7.008876,6.895689,393156000,1.91,251.663,96.2,2888.6,13.91,2.9,-0.0186112421
2018-09-05,GOOGL,60.0076,59.505398,53988000,1.91,251.663,96.2,2888.6,13.91,2.9,-0.0100798841
2018-09-05,AAPL,54.192742,53.691021,133332000,1.91,251.663,96.2,2888.6,13.91,2.9,-0.006524852
2018-09-06,AAPL,53.539563,52.79882,137160000,1.91,251.663,96.2,2878.05,14.65,2.88,-0.0166173124
2018-09-06,NVDA,6.879343,6.754517,322796000,1.91,251.663,96.2,2878.05,14.65,2.88,-0.020472628
2018-09-07,NVDA,6.662381,6.733216,295420000,1.91,251.663,96.2,2871.68,14.88,2.94,-0.0031535629
2018-09-07,GOOGL,58.160555,58.437962,32658000,1.91,251.663,96.2,2871.68,14.88,2.94,-0.0054053854
2018-09-07,AAPL,52.502993,52.372829,150479200,1.91,251.663,96.2,2871.68,14.88,2.94,-0.0080681927
2018-09-10,AAPL,52.289996,51.669949,158066000,1.91,251.663,96.2,2877.13,14.16,2.94,-0.0134207158
2018-09-10,GOOGL,58.765974,58.312401,27670000,1.91,251.663,96.2,2877.13,14.16,2.94,-0.0021486164
2018-09-10,NVDA,6.755754,6.804298,220140000,1.91,251.663,96.2,2877.13,14.16,2.94,0.010556934
2018-09-11,NVDA,6.757983,6.756497,243112000,1.91,251.663,96.2,2887.89,13.22,2.98,-0.0070251212
2018-09-11,GOOGL,58.11589,59.053307,29254000,1.91,251.663,96.2,2887.89,13.22,2.98,0.012705801
2018-09-11,AAPL,51.594211,52.976307,142996000,1.91,251.663,96.2,2887.89,13.22,2.98,0.0252827489
2018-09-12,AAPL,53.23427,52.318398,197114800,1.91,251.663,96.2,2888.92,13.14,2.97,-0.0124189365
2018-09-12,GOOGL,58.656802,58.140705,35716000,1.91,251.663,96.2,2888.92,13.14,2.97,-0.015453859
2018-09-12,NVDA,6.716622,6.642568,419092000,1.91,251.663,96.2,2888.92,13.14,2.97,-0.0168621807
2018-09-13,NVDA,6.70845,6.720338,305536000,1.91,251.663,96.2,2904.18,12.37,2.97,0.011707929
2018-09-13,GOOGL,58.542667,58.66375,40068000,1.91,251.663,96.2,2904.18,12.37,2.97,0.0089961858
2018-09-13,AAPL,52.89821,53.582157,166825600,1.91,251.663,96.2,2904.18,12.37,2.97,0.0241551667
2018-09-14,AAPL,53.425955,52.973934,127997200,1.91,251.663,96.2,2904.98,12.07,2.99,-0.011351222
2018-09-14,GOOGL,58.954552,58.457306,24176000,1.91,251.663,96.2,2904.98,12.07,2.99,-0.0035191032
2018-09-14,NVDA,6.810739,6.846404,386936000,1.91,251.663,96.2,2904.98,12.07,2.99,0.018758766
2018-09-17,NVDA,6.820893,6.784485,205528000,1.91,251.663,96.2,2888.8,13.68,2.99,-0.0090439101
2018-09-17,GOOGL,58.446894,57.556622,34096000,1.91,251.663,96.2,2888.8,13.68,2.99,-0.0154075584
2018-09-17,AAPL,52.573977,51.563442,148780400,1.91,251.663,96.2,2888.8,13.68,2.99,-0.0266261505
2018-09-18,AAPL,51.54214,51.64864,126286800,1.91,251.663,96.2,2904.31,12.79,3.05,0.001652284
2018-09-18,GOOGL,57.697054,57.917885,32314000,1.91,251.663,96.2,2904.31,12.79,3.05,0.0062766588
2018-09-18,NVDA,6.788447,6.712411,299520000,1.91,251.663,96.2,2904.31,12.79,3.05,-0.0106233462
2018-09-19,NVDA,6.693837,6.736189,224860000,1.91,251.663,96.2,2907.95,11.75,3.08,0.0035423164
2018-09-19,GOOGL,58.009697,58.273205,25962000,1.91,251.663,96.2,2907.95,11.75,3.08,0.0061348921
2018-09-19,AAPL,51.710176,51.679409,108495200,1.91,251.663,96.2,2907.95,11.75,3.08,0.0005957436
2018-09-20,AAPL,52.121966,52.072266,106435200,1.91,251.663,96.2,2930.75,11.8,3.07,0.0076018013
2018-09-20,GOOGL,58.590806,59.131718,29244000,1.91,251.663,96.2,2930.75,11.8,3.07,0.0147325496
2018-09-20,NVDA,6.614086,6.595015,430584000,1.91,251.663,96.2,2930.75,11.8,3.07,-0.0209575239
2018-09-21,NVDA,6.606903,6.524923,435128000,1.91,251.663,96.2,2929.67,11.68,3.07,-0.0106279855
2018-09-21,GOOGL,59.297954,58.166504,91222000,1.91,251.663,96.2,2929.67,11.68,3.07,-0.0163231141
2018-09-21,AAPL,52.249772,51.511395,384986800,1.91,251.663,96.2,2929.67,11.68,3.07,-0.0107710144
2018-09-24,AAPL,51.312585,52.252121,110773600,1.91,251.663,96.2,2919.37,12.2,3.08,0.0143798567
2018-09-24,GOOGL,57.53578,58.535725,31150000,1.91,251.663,96.2,2919.37,12.2,3.08,0.0063476522
2018-09-24,NVDA,6.493964,6.580649,293912000,1.91,251.663,96.2,2919.37,12.2,3.08,0.0085404914
2018-09-25,NVDA,6.646778,6.647769,280388000,1.91,251.663,96.2,2915.56,12.42,3.1,0.0101995403
2018-09-25,GOOGL,58.768465,59.246849,33152000,1.91,251.663,96.2,2915.56,12.42,3.1,0.0121485541
2018-09-25,AAPL,52.006007,52.583458,98217600,1.91,251.663,96.2,2915.56,12.42,3.1,0.0063411201
2018-09-26,AAPL,52.301818,52.164555,95938800,1.91,251.663,96.2,2905.97,12.89,3.06,-0.0079664474
2018-09-26,GOOGL,59.236925,59.255283,37650000,1.91,251.663,96.2,2905.97,12.89,3.06,0.0001423586
2018-09-26,NVDA,6.652722,6.610865,268548000,1.91,251.663,96.2,2905.97,12.89,3.06,-0.0055513148
2018-09-27,NVDA,6.646036,6.622755,214428000,1.91,251.663,96.2,2914.0,12.41,3.06,0.0017985444
2018-09-27,GOOGL,59.550058,59.915298,36274000,1.91,251.663,96.2,2914.0,12.41,3.06,0.0111385022
2018-09-27,AAPL,52.96921,53.236633,120724800,1.91,251.663,96.2,2914.0,12.41,3.06,0.0205518616
2018-09-28,AAPL,53.198769,53.423599,91717600,1.91,251.663,96.2,2913.98,12.12,3.05,0.0035119791
2018-09-28,GOOGL,59.753028,59.901409,35612000,1.91,251.663,96.2,2913.98,12.12,3.05,-0.0002318158
2018-09-28,NVDA,6.754763,6.960083,709396000,1.91,251.663,96.2,2913.98,12.12,3.05,0.0509346872
2018-10-01,NVDA,7.037853,7.166642,622060000,2.19,252.772,98.6,2924.59,12.0,3.09,0.0296776893
2018-10-01,GOOGL,60.195185,59.973358,33164000,2.19,252.772,98.6,2924.59,12.0,3.09,0.0012011237
2018-10-01,AAPL,53.94661,53.783314,94403200,2.19,252.772,98.6,2924.59,12.0,3.09,0.0067332511
2018-10-02,AAPL,53.780952,54.261372,99152800,2.19,252.772,98.6,2923.43,12.05,3.05,0.0088885907
2018-10-02,GOOGL,59.881055,59.929192,40180000,2.19,252.772,98.6,2923.43,12.05,3.05,-0.0007364364
2018-10-02,NVDA,7.139151,7.095313,383964000,2.19,252.772,98.6,2923.43,12.05,3.05,-0.0099530006
2018-10-03,NVDA,7.165651,7.101504,320552000,2.19,252.772,98.6,2925.51,11.61,3.15,0.0008726508
2018-10-03,GOOGL,60.145557,60.122234,26246000,2.19,252.772,98.6,2925.51,11.61,3.15,0.0032211807
2018-10-03,AAPL,54.443596,54.92165,114619200,2.19,252.772,98.6,2925.51,11.61,3.15,0.0121684783
2018-10-04,AAPL,54.616357,53.956078,128168000,2.19,252.772,98.6,2901.61,14.22,3.19,-0.0175809059
2018-10-04,GOOGL,59.799674,58.412159,46576000,2.19,252.772,98.6,2901.61,14.22,3.19,-0.0284433105
2018-10-04,NVDA,7.065343,6.917235,391220000,2.19,252.772,98.6,2901.61,14.22,3.19,-0.0259478757
2018-10-05,NVDA,6.892469,6.683681,426636000,2.19,252.772,98.6,2885.57,14.82,3.23,-0.0337640508
2018-10-05,GOOGL,58.359051,57.953613,31852000,2.19,252.772,98.6,2885.57,14.82,3.23,-0.0078501753
2018-10-05,AAPL,53.948982,53.080437,134322000,2.19,252.772,98.6,2885.57,14.82,3.23,-0.0162287718
2018-10-08,AAPL,52.588186,52.957375,118655600,2.19,252.772,98.6,2884.43,15.69,3.23,-0.0023184085
2018-10-08,GOOGL,57.565052,57.362583,46190000,2.19,252.772,98.6,2884.43,15.69,3.23,-0.0101983308
2018-10-08,NVDA,6.600465,6.582385,408612000,2.19,252.772,98.6,2884.43,15.69,3.23,-0.0151558541
2018-10-09,NVDA,6.561826,6.576687,273500000,2.19,252.772,98.6,2880.34,15.95,3.21,-0.0008656023
2018-10-09,GOOGL,57.133814,56.829117,33690000,2.19,252.772,98.6,2880.34,15.95,3.21,-0.0092999009
2018-10-09,AAPL,52.926611,53.691021,107564000,2.19,252.772,98.6,2880.34,15.95,3.21,0.0138535265
2018-10-10,AAPL,53.357338,51.203732,167962400,2.19,252.772,98.6,2785.68,22.96,3.22,-0.0463259849
2018-10-10,GOOGL,56.3939,54.19849,58980000,2.19,252.772,98.6,2785.68,22.96,3.22,-0.0462901207
2018-10-10,NVDA,6.470683,6.085057,684940000,2.19,252.772,98.6,2785.68,22.96,3.22,-0.0747533843
2018-10-11,NVDA,5.997876,5.823515,725436000,2.19,252.772,98.6,2728.37,24.98,3.14,-0.0429809996
2018-10-11,GOOGL,53.547409,54.128021,67696000,2.19,252.772,98.6,2728.37,24.98,3.14,-0.0013002005
2018-10-11,AAPL,50.768273,50.751705,212497600,2.19,252.772,98.6,2728.37,24.98,3.14,-0.0088279966
2018-10-12,AAPL,52.164566,52.564522,161351600,2.19,252.772,98.6,2767.13,21.31,3.15,0.0357193244
2018-10-12,GOOGL,55.562185,55.60685,49370000,2.19,252.772,98.6,2767.13,21.31,3.15,0.0273209402
2018-10-12,NVDA,6.0806,6.10611,608236000,2.19,252.772,98.6,2767.13,21.31,3.15,0.048526476
2018-10-15,NVDA,6.092737,5.829709,449760000,2.19,252.772,98.6,2750.79,21.3,3.16,-0.0452663833
2018-10-15,GOOGL,55.480803,54.708637,30074000,2.19,252.772,98.6,2750.79,21.3,3.16,-0.0161529099
2018-10-15,AAPL,52.339696,51.440388,123164000,2.19,252.772,98.6,2750.79,21.3,3.16,-0.0213857946
2018-10-16,AAPL,51.811941,52.573986,116736000,2.19,252.772,98.6,2809.92,17.62,3.16,0.0220371264
2018-10-16,GOOGL,55.256506,56.229156,38378000,2.19,252.772,98.6,2809.92,17.62,3.16,0.0277930384
2018-10-16,NVDA,5.9424,6.088527,408712000,2.19,252.772,98.6,2809.92,17.62,3.16,0.044396413
2018-10-17,NVDA,6.150691,6.01992,329668000,2.19,252.772,98.6,2809.21,17.4,3.19,-0.0112681408
2018-10-17,GOOGL,56.572556,55.956711,35652000,2.19,252.772,98.6,2809.21,17.4,3.19,-0.0048452742
2018-10-17,AAPL,52.609491,52.346798,91541600,2.19,252.772,98.6,2809.21,17.4,3.19,-0.0043213027
2018-10-18,AAPL,51.558718,51.123264,130325200,2.19,252.772,98.6,2768.78,20.06,3.17,-0.0233736098
2018-10-18,GOOGL,56.076305,54.483837,46152000,2.19,252.772,98.6,2768.78,20.06,3.17,-0.0263216631
2018-10-18,NVDA,6.089268,5.932491,524020000,2.19,252.772,98.6,2768.78,20.06,3.17,-0.0145232896
2018-10-19,NVDA,5.987724,5.675904,613608000,2.19,252.772,98.6,2767.78,19.89,3.2,-0.0432511428
2018-10-19,GOOGL,54.771662,54.844608,41286000,2.19,252.772,98.6,2767.78,19.89,3.2,0.0066216184
2018-10-19,AAPL,51.606046,51.901871,132314800,2.19,252.772,98.6,2767.78,19.89,3.2,0.0152299824
2018-10-22,AAPL,52.015463,52.21899,115168400,2.19,252.772,98.6,2755.88,19.64,3.2,0.006109984
2018-10-22,GOOGL,55.208359,55.151787,27116000,2.19,252.772,98.6,2755.88,19.64,3.2,0.0056008878
2018-10-22,NVDA,5.728162,5.726676,368844000,2.19,252.772,98.6,2755.88,19.64,3.2,0.0089451321
2018-10-23,NVDA,5.459439,5.475043,626436000,2.19,252.772,98.6,2740.69,20.71,3.17,-0.0439405281
2018-10-23,GOOGL,54.155322,55.327465,37686000,2.19,252.772,98.6,2740.69,20.71,3.17,0.0031853592
2018-10-23,AAPL,51.078299,52.71125,155071200,2.19,252.772,98.6,2740.69,20.71,3.17,0.0094268383
2018-10-24,AAPL,52.680486,50.903168,163702000,2.19,252.772,98.6,2656.1,25.23,3.1,-0.0343016447
2018-10-24,GOOGL,55.331928,52.459629,49286000,2.19,252.772,98.6,2656.1,25.23,3.1,-0.0518338586
2018-10-24,NVDA,5.436652,4.938831,884288000,2.19,252.772,98.6,2656.1,25.23,3.1,-0.0979374929
2018-10-25,NVDA,4.841248,5.147619,951720000,2.19,252.772,98.6,2705.57,24.22,3.14,0.0422747659
2018-10-25,GOOGL,53.609944,54.765713,72956000,2.19,252.772,98.6,2705.57,24.22,3.14,0.0439592067
2018-10-25,AAPL,51.523227,52.017845,119423200,2.19,252.772,98.6,2705.57,24.22,3.14,0.0218979973
2018-10-26,AAPL,51.094867,51.189533,189033600,2.19,252.772,98.6,2658.69,24.16,3.08,-0.0159236108
2018-10-26,GOOGL,52.023424,53.781143,106438000,2.19,252.772,98.6,2658.69,24.16,3.08,-0.017977846
2018-10-26,NVDA,4.911587,4.911092,664784000,2.19,252.772,98.6,2658.69,24.16,3.08,-0.0459487192
2018-10-29,NVDA,5.052265,4.597291,758016000,2.19,252.772,98.6,2641.25,24.7,3.08,-0.063896435
2018-10-29,GOOGL,54.41585,51.348526,81290000,2.19,252.772,98.6,2641.25,24.7,3.08,-0.0452317865
2018-10-29,AAPL,51.87348,50.228695,183742000,2.19,252.772,98.6,2641.25,24.7,3.08,-0.0187702106
2018-10-30,AAPL,49.970729,50.479549,146640000,2.19,252.772,98.6,2682.63,23.35,3.12,0.0049942467
2018-10-30,GOOGL,50.618044,52.081982,59768000,2.19,252.772,98.6,2682.63,23.35,3.12,0.0142838698
2018-10-31,NVDA,5.192447,5.221672,745772000,2.19,252.772,98.6,2711.74,21.23,3.15,0.038571328
2018-10-31,GOOGL,53.009479,54.120087,70916000,2.19,252.772,98.6,2711.74,21.23,3.15,0.0391326318
2018-10-31,AAPL,51.326783,51.795368,153435600,2.19,252.772,98.6,2711.74,21.23,3.15,0.0260663735
2018-11-01,AAPL,51.840338,52.590549,233292800,2.2,252.594,97.5,2740.37,19.34,3.14,0.0153523626
2018-11-01,GOOGL,54.160779,53.891811,40132000,2.2,252.594,97.5,2740.37,19.34,3.14,-0.0042179404
2018-11-01,NVDA,5.258081,5.401979,566528000,2.2,252.594,97.5,2740.37,19.34,3.14,0.0345304932
2018-11-02,NVDA,5.392566,5.32297,452960000,2.2,252.594,97.5,2723.06,19.51,3.22,-0.0146258584
2018-11-02,GOOGL,54.041675,53.172741,43438000,2.2,252.594,97.5,2723.06,19.51,3.22,-0.0133428515
2018-11-02,AAPL,49.592072,49.102184,365314800,2.2,252.594,97.5,2723.06,19.51,3.22,-0.066330647
2018-11-05,AAPL,48.349617,47.708267,264654800,2.2,252.594,97.5,2738.31,19.96,3.2,-0.0283880871
2018-11-05,GOOGL,53.224357,52.390656,45358000,2.2,252.594,97.5,2738.31,19.96,3.2,-0.0147083901
2018-11-05,NVDA,5.309844,5.244955,379332000,2.2,252.594,97.5,2738.31,19.96,3.2,-0.0146564415
2018-11-06,NVDA,5.237029,5.22737,299012000,2.2,252.594,97.5,2755.45,19.91,3.22,-0.0033527079
2018-11-06,GOOGL,52.355412,53.077457,28660000,2.2,252.594,97.5,2755.45,19.91,3.22,0.0131092445
2018-11-06,AAPL,47.786356,48.224178,127531600,2.2,252.594,97.5,2755.45,19.91,3.22,0.0108138722
2018-11-07,AAPL,48.744832,49.686737,133697600,2.2,252.594,97.5,2813.89,16.36,3.22,0.030328329
2018-11-07,GOOGL,53.768241,54.99646,43388000,2.2,252.594,97.5,2813.89,16.36,3.22,0.0361547562
2018-11-07,NVDA,5.293993,5.294983,483812000,2.2,252.594,97.5,2813.89,16.36,3.22,0.0129345358
2018-11-08,NVDA,5.235792,5.101801,511352000,2.2,252.594,97.5,2806.83,16.72,3.24,-0.0364839656
2018-11-08,AAPL,49.867229,49.513378,101450400,2.2,252.594,97.5,2806.83,16.72,3.24,-0.0034890381
2018-11-09,AAPL,48.81517,48.558685,137463200,2.2,252.594,97.5,2781.01,17.36,3.19,-0.0192815129
2018-11-09,GOOGL,53.79454,53.447166,34860000,2.2,252.594,97.5,2781.01,17.36,3.19,-0.0160876369
2018-11-09,NVDA,5.012885,5.093874,413240000,2.2,252.594,97.5,2781.01,17.36,3.19,-0.0015539403
2018-11-12,NVDA,5.002483,4.694379,617116000,2.2,252.594,97.5,2726.22,20.45,3.19,-0.0784264957
2018-11-12,GOOGL,53.254134,52.074543,34002000,2.2,252.594,97.5,2726.22,20.45,3.19,-0.0256818749
2018-11-12,AAPL,47.259631,46.112576,204542000,2.2,252.594,97.5,2726.22,20.45,3.19,-0.0503742998
2018-11-13,AAPL,45.509359,45.651848,187531600,2.2,252.594,97.5,2722.18,20.02,3.14,-0.0099913676
2018-11-13,GOOGL,52.344996,52.005558,25750000,2.2,252.594,97.5,2722.18,20.02,3.14,-0.0013247353
2018-11-13,NVDA,4.792209,4.936354,644712000,2.2,252.594,97.5,2722.18,20.02,3.14,0.0515456545
2018-11-14,NVDA,5.109478,4.883849,526580000,2.2,252.594,97.5,2701.58,21.25,3.12,-0.0106363968
2018-11-14,GOOGL,52.602552,52.333584,34666000,2.2,252.594,97.5,2701.58,21.25,3.12,0.0063075146
2018-11-14,AAPL,46.04845,44.362305,243204000,2.2,252.594,97.5,2701.58,21.25,3.12,-0.0282473375
2018-11-15,AAPL,44.739908,45.457115,185915200,2.2,252.594,97.5,2730.2,19.98,3.11,0.024678846
2018-11-15,GOOGL,52.178755,53.150909,41584000,2.2,252.594,97.5,2730.2,19.98,3.11,0.0156176117
2018-11-15,NVDA,4.877904,5.012638,840708000,2.2,252.594,97.5,2730.2,19.98,3.11,0.0263703806
2018-11-16,NVDA,4.044982,4.072474,1963520000,2.2,252.594,97.5,2736.27,18.14,3.08,-0.1875586636
2018-11-16,GOOGL,52.862094,53.012955,35366000,2.2,252.594,97.5,2736.27,18.14,3.08,-0.0025955287
2018-11-16,AAPL,45.241002,45.960583,147713200,2.2,252.594,97.5,2736.27,18.14,3.08,0.0110756602
2018-11-19,AAPL,45.122267,44.139076,167701200,2.2,252.594,97.5,2690.73,20.1,3.06,-0.0396319279
2018-11-19,GOOGL,52.770777,50.985764,45684000,2.2,252.594,97.5,2690.73,20.1,3.06,-0.038239543
2018-11-19,NVDA,4.007088,3.583816,1697820000,2.2,252.594,97.5,2690.73,20.1,3.06,-0.1199903824
2018-11-20,NVDA,3.320292,3.692296,1692032000,2.2,252.594,97.5,2641.89,22.48,3.06,0.0302692691
2018-11-20,GOOGL,49.986818,51.136135,54458000,2.2,252.594,97.5,2641.89,22.48,3.06,0.0029492851
2018-11-20,AAPL,42.360302,42.030197,271300800,2.2,252.594,97.5,2641.89,22.48,3.06,-0.0477780522
2018-11-21,AAPL,42.683282,41.9827,124496800,2.2,252.594,97.5,2649.93,20.8,3.06,-0.0011300636
2018-11-21,GOOGL,51.873559,51.780266,29698000,2.2,252.594,97.5,2649.93,20.8,3.06,0.0125963901
2018-11-21,NVDA,3.829508,3.584064,1025496000,2.2,252.594,97.5,2649.93,20.8,3.06,-0.0293127399
2018-11-23,NVDA,3.54939,3.591247,411968000,2.2,252.594,97.5,2632.56,21.52,3.05,0.0020039706
2018-11-23,GOOGL,51.287486,51.118763,14178000,2.2,252.594,97.5,2632.56,21.52,3.05,-0.012775192
2018-11-23,AAPL,41.54574,40.916401,94496000,2.2,252.594,97.5,2632.56,21.52,3.05,-0.0253985434
2018-11-26,AAPL,41.379492,41.469734,179994000,2.2,252.594,97.5,2673.45,18.9,3.07,0.0135235082
2018-11-26,GOOGL,51.808546,52.40107,31558000,2.2,252.594,97.5,2673.45,18.9,3.07,0.0250848533
2018-11-26,NVDA,3.712359,3.790623,814832000,2.2,252.594,97.5,2673.45,18.9,3.07,0.0555173045
2018-11-27,NVDA,3.764617,3.807465,738060000,2.2,252.594,97.5,2682.17,19.02,3.06,0.0044429137
2018-11-27,GOOGL,52.1728,52.219444,33048000,2.2,252.594,97.5,2682.17,19.02,3.06,-0.0034660622
2018-11-27,AAPL,40.731155,41.379494,165549600,2.2,252.594,97.5,2682.17,19.02,3.06,-0.0021760564
2018-11-28,AAPL,41.970841,42.970657,184250000,2.2,252.594,97.5,2743.79,18.49,3.06,0.0384529508
2018-11-28,GOOGL,52.476507,54.180134,46042000,2.2,252.594,97.5,2743.79,18.49,3.06,0.0375471162
2018-11-28,NVDA,3.925109,3.964489,804524000,2.2,252.594,97.5,2743.79,18.49,3.06,0.0412410681
2018-11-29,NVDA,3.96672,3.901269,549172000,2.2,252.594,97.5,2737.76,18.79,3.03,-0.0159463973
2018-11-29,GOOGL,53.770226,54.318584,31004000,2.2,252.594,97.5,2737.76,18.79,3.03,0.0025553762
2018-11-29,AAPL,43.379121,42.640541,167080000,2.2,252.594,97.5,2737.76,18.79,3.03,-0.007682365
2018-11-30,AAPL,42.816285,42.410187,158126000,2.2,252.594,97.5,2760.17,18.07,3.01,-0.005402237
2018-11-30,GOOGL,54.370693,55.066433,59668000,2.2,252.594,97.5,2760.17,18.07,3.01,0.0137678203
2018-11-30,NVDA,3.910939,4.051758,729564000,2.2,252.594,97.5,2760.17,18.07,3.01,0.0385742709
2018-12-03,NVDA,4.2791,4.215632,890804000,2.2,252.594,97.5,2790.37,16.44,2.98,0.0404453163
2018-12-03,GOOGL,56.183498,55.399422,57532000,2.2,252.594,97.5,2790.37,16.44,2.98,0.0060470367
2018-12-03,AAPL,43.806602,43.892097,163210000,2.2,252.594,97.5,2790.37,16.44,2.98,0.0349423292
2018-12-04,AAPL,42.973006,41.961319,165377200,2.2,252.594,97.5,2700.06,20.74,2.91,-0.0439892057
2018-12-04,GOOGL,55.232187,52.725128,45630000,2.2,252.594,97.5,2700.06,20.74,2.91,-0.0482729501
2018-12-04,NVDA,4.171005,3.895071,812112000,2.2,252.594,97.5,2700.06,20.74,2.91,-0.0760412324
2018-12-06,NVDA,3.7545,3.924326,692308000,2.2,252.594,97.5,2695.95,21.19,2.87,0.0075108143
2018-12-06,GOOGL,51.858171,53.499767,47436000,2.2,252.594,97.5,2695.95,21.19,2.87,0.0146920293
2018-12-06,AAPL,40.790533,41.493492,172393600,2.2,252.594,97.5,2695.95,21.19,2.87,-0.0111490023
2018-12-07,AAPL,41.201386,40.013958,169126400,2.2,252.594,97.5,2633.08,23.23,2.85,-0.0356570169
2018-12-07,GOOGL,53.20946,51.936577,42682000,2.2,252.594,97.5,2633.08,23.23,2.85,-0.0292186404
2018-12-07,NVDA,3.928541,3.659547,681676000,2.2,252.594,97.5,2633.08,23.23,2.85,-0.0674710499
2018-12-10,NVDA,3.614673,3.764913,629472000,2.2,252.594,97.5,2637.72,22.64,2.85,0.028791953
2018-12-10,GOOGL,51.755949,52.264111,33652000,2.2,252.594,97.5,2637.72,22.64,2.85,0.0063064172
2018-12-10,AAPL,39.185122,40.277557,248104000,2.2,252.594,97.5,2637.72,22.64,2.85,0.0065876861
2018-12-11,AAPL,40.766776,40.047195,189126800,2.2,252.594,97.5,2636.78,21.76,2.89,-0.0057193622
2018-12-11,GOOGL,52.946953,52.684437,33852000,2.2,252.594,97.5,2636.78,21.76,2.89,0.0080423493
2018-12-11,NVDA,3.856644,3.673927,671912000,2.2,252.594,97.5,2636.78,21.76,2.89,-0.0241667679
2018-12-12,NVDA,3.679629,3.691529,654136000,2.2,252.594,97.5,2651.07,21.46,2.91,0.0047911145
2018-12-12,GOOGL,53.450145,53.283901,28960000,2.2,252.594,97.5,2651.07,21.46,2.91,0.0113783966
2018-12-12,AAPL,40.467546,40.158817,142510800,2.2,252.594,97.5,2651.07,21.46,2.91,0.0027872578
2018-12-13,AAPL,40.488922,40.598164,127594400,2.2,252.594,97.5,2650.54,20.65,2.91,0.0109402204
2018-12-13,GOOGL,53.380175,53.274471,24986000,2.2,252.594,97.5,2650.54,20.65,2.91,-0.0001769752
2018-12-14,NVDA,3.64963,3.630788,471820000,2.2,252.594,97.5,2599.95,21.63,2.89,-0.0163880118
2018-12-14,GOOGL,52.603539,52.191154,36358000,2.2,252.594,97.5,2599.95,21.63,2.89,-0.0203346326
2018-12-14,AAPL,40.135053,39.299103,162814800,2.2,252.594,97.5,2599.95,21.63,2.89,-0.0319980193
2018-12-17,AAPL,39.291986,38.933384,177151600,2.2,252.594,97.5,2545.94,24.52,2.86,-0.0093060354
2018-12-17,GOOGL,51.957922,50.897934,49932000,2.2,252.594,97.5,2545.94,24.52,2.86,-0.0247785383
2018-12-17,NVDA,3.60079,3.559635,662868000,2.2,252.594,97.5,2545.94,24.52,2.86,-0.0195971023
2018-12-18,NVDA,3.603518,3.642937,564372000,2.2,252.594,97.5,2546.16,25.58,2.82,0.0234018424
2018-12-18,GOOGL,51.312301,51.779274,43640000,2.2,252.594,97.5,2546.16,25.58,2.82,0.0173158311
2018-12-18,AAPL,39.27537,39.439236,135366000,2.2,252.594,97.5,2546.16,25.58,2.82,0.0129927505
2018-12-19,AAPL,39.42262,38.209068,196189200,2.2,252.594,97.5,2506.96,25.58,2.77,-0.0311914612
2018-12-19,GOOGL,51.97181,51.384747,58264000,2.2,252.594,97.5,2506.96,25.58,2.77,-0.0076194084
2018-12-19,NVDA,3.609219,3.43394,745364000,2.2,252.594,97.5,2506.96,25.58,2.77,-0.0573705335
2018-12-20,NVDA,3.425511,3.349399,749588000,2.2,252.594,97.5,2467.42,28.38,2.79,-0.0246191971
2018-12-20,GOOGL,50.915303,50.795212,53674000,2.2,252.594,97.5,2467.42,28.38,2.79,-0.0114729526
2018-12-20,AAPL,38.092691,37.244869,259092000,2.2,252.594,97.5,2467.42,28.38,2.79,-0.0252348228
2018-12-21,AAPL,37.251999,35.796211,382978400,2.2,252.594,97.5,2416.62,30.11,2.79,-0.0388955048
2018-12-21,GOOGL,51.215041,49.190834,104656000,2.2,252.594,97.5,2416.62,30.11,2.79,-0.0315852162
2018-12-21,NVDA,3.375926,3.212299,863740000,2.2,252.594,97.5,2416.62,30.11,2.79,-0.0409327811
2018-12-24,NVDA,3.13594,3.150567,463840000,2.2,252.594,97.5,2351.1,36.07,2.74,-0.0192173325
2018-12-24,GOOGL,48.846925,48.864296,36360000,2.2,252.594,97.5,2351.1,36.07,2.74,-0.0066381897
2018-12-24,AAPL,35.183493,34.870014,148676800,2.2,252.594,97.5,2351.1,36.07,2.74,-0.0258741643
2018-12-26,AAPL,35.219115,37.325611,234330000,2.2,252.594,97.5,2467.7,30.41,2.81,0.0704214489
2018-12-26,GOOGL,49.525299,51.999603,46318000,2.2,252.594,97.5,2467.7,30.41,2.81,0.0641635626
2018-12-26,NVDA,3.196681,3.299816,695100000,2.2,252.594,97.5,2467.7,30.41,2.81,0.0473720558
2018-12-27,NVDA,3.247504,3.251966,637044000,2.2,252.594,97.5,2488.83,29.96,2.77,-0.0145007045
2018-12-27,GOOGL,50.925218,52.250206,45996000,2.2,252.594,97.5,2488.83,29.96,2.77,0.0048193199
2018-12-27,AAPL,37.009765,37.083385,212468400,2.2,252.594,97.5,2488.83,29.96,2.77,-0.0064895293
2018-12-28,AAPL,37.403983,37.102375,169165600,2.2,252.594,97.5,2485.74,28.34,2.72,0.0005120774
2018-12-28,GOOGL,52.577736,51.941544,34398000,2.2,252.594,97.5,2485.74,28.34,2.72,-0.0059073913
2018-12-28,NVDA,3.272544,3.313451,628728000,2.2,252.594,97.5,2485.74,28.34,2.72,0.0189068923
2018-12-31,NVDA,3.356837,3.309732,465140000,2.2,252.594,97.5,2506.85,25.42,2.69,-0.0011222785
2018-12-31,GOOGL,52.494865,51.856194,33110000,2.2,252.594,97.5,2506.85,25.42,2.69,-0.0016431941
2018-12-31,AAPL,37.648588,37.460976,140014000,2.2,252.594,97.5,2506.85,25.42,2.69,0.0096651661
2019-01-02,AAPL,36.784146,37.503727,148158800,2.4,252.561,91.2,2510.03,23.22,2.66,0.0011412226
2019-01-02,GOOGL,50.97485,52.338547,31868000,2.4,252.561,91.2,2510.03,23.22,2.66,0.0093017473
2019-01-02,NVDA,3.238827,3.377166,508752000,2.4,252.561,91.2,2510.03,23.22,2.66,0.0203743359
2019-01-03,NVDA,3.316921,3.173128,705552000,2.4,252.561,91.2,2447.89,25.45,2.56,-0.0604169049
2019-01-03,GOOGL,52.139553,50.889,41960000,2.4,252.561,91.2,2447.89,25.45,2.56,-0.0276955877
2019-01-03,AAPL,34.193172,33.768074,365248800,2.4,252.561,91.2,2447.89,25.45,2.56,-0.0996075117
2019-01-04,AAPL,34.32379,35.20961,234428400,2.4,252.561,91.2,2531.94,21.38,2.67,0.042689315
2019-01-04,GOOGL,51.737089,53.499275,46022000,2.4,252.561,91.2,2531.94,21.38,2.67,0.0512935069
2019-01-04,NVDA,3.246264,3.376423,585620000,2.4,252.561,91.2,2531.94,21.38,2.67,0.0640676207
2019-01-07,NVDA,3.433692,3.555173,709160000,2.4,252.561,91.2,2549.69,21.4,2.7,0.0529407291
2019-01-07,GOOGL,53.643187,53.392582,47446000,2.4,252.561,91.2,2549.69,21.4,2.7,-0.0019942937
2019-01-07,AAPL,35.314106,35.131241,219111200,2.4,252.561,91.2,2549.69,21.4,2.7,-0.0022257884
2019-01-08,AAPL,35.51836,35.800968,164101200,2.4,252.561,91.2,2574.41,20.47,2.73,0.019063583
2019-01-08,GOOGL,53.8928,53.861538,35414000,2.4,252.561,91.2,2574.41,20.47,2.73,0.0087831676
2019-01-08,NVDA,3.636738,3.466665,786016000,2.4,252.561,91.2,2574.41,20.47,2.73,-0.0248954564
2019-01-09,NVDA,3.517985,3.534844,617260000,2.4,252.561,91.2,2584.96,19.98,2.74,0.0196669273
2019-01-09,GOOGL,53.991554,53.676929,26998000,2.4,252.561,91.2,2584.96,19.98,2.74,-0.0034274636
2019-01-09,AAPL,35.929187,36.408909,180396400,2.4,252.561,91.2,2584.96,19.98,2.74,0.0169811238
2019-01-10,AAPL,36.216556,36.525288,143122800,2.4,252.561,91.2,2596.64,19.5,2.74,0.003196437
2019-01-10,GOOGL,53.343954,53.536995,26598000,2.4,252.561,91.2,2596.64,19.5,2.74,-0.0026069774
2019-01-10,NVDA,3.515505,3.600542,523156000,2.4,252.561,91.2,2596.64,19.5,2.74,0.0185858018
2019-01-11,NVDA,3.578229,3.689793,874764000,2.4,252.561,91.2,2596.26,18.19,2.71,0.0247882251
2019-01-11,GOOGL,53.093843,52.824379,30864000,2.4,252.561,91.2,2596.26,18.19,2.71,-0.0133107203
2019-01-11,AAPL,36.306799,36.166679,108092800,2.4,252.561,91.2,2596.26,18.19,2.71,-0.0098180814
2019-01-14,AAPL,35.824709,35.622845,129756800,2.4,252.561,91.2,2582.61,19.07,2.71,-0.0150368985
2019-01-14,GOOGL,52.272049,52.181236,28490000,2.4,252.561,91.2,2582.61,19.07,2.71,-0.0121751114
2019-01-14,NVDA,3.637482,3.729708,730168000,2.4,252.561,91.2,2582.61,19.07,2.71,0.010817768
2019-01-15,NVDA,3.762434,3.715577,617012000,2.4,252.561,91.2,2610.3,18.6,2.72,-0.0037887229
2019-01-15,GOOGL,52.503793,53.918106,37518000,2.4,252.561,91.2,2610.3,18.6,2.72,0.0332853327
2019-01-15,AAPL,35.686964,36.351925,114843600,2.4,252.561,91.2,2610.3,18.6,2.72,0.0204666474
2019-01-16,AAPL,36.354297,36.796021,122278800,2.4,252.561,91.2,2616.1,19.04,2.73,0.0122165639
2019-01-16,GOOGL,54.0913,54.066982,38280000,2.4,252.561,91.2,2616.1,19.04,2.73,0.0027611539
2019-01-16,NVDA,3.742849,3.690042,470104000,2.4,252.561,91.2,2616.1,19.04,2.73,-0.006872639
2019-01-17,NVDA,3.657068,3.761442,493436000,2.4,252.561,91.2,2635.96,18.06,2.75,0.0193495497
2019-01-17,GOOGL,53.991562,54.543888,24896000,2.4,252.561,91.2,2635.96,18.06,2.75,0.0088206481
2019-01-17,AAPL,36.620288,37.014515,119284800,2.4,252.561,91.2,2635.96,18.06,2.75,0.0059379904
2019-01-18,AAPL,37.403981,37.242493,135004000,2.4,252.561,91.2,2670.71,17.8,2.79,0.0061591447
2019-01-18,GOOGL,55.013825,54.94981,44892000,2.4,252.561,91.2,2670.71,17.8,2.79,0.0074421159
2019-01-18,NVDA,3.811274,3.890608,651336000,2.4,252.561,91.2,2670.71,17.8,2.79,0.0343394585
2019-01-22,NVDA,3.860362,3.688306,661552000,2.4,252.561,91.2,2632.9,20.8,2.74,-0.0519975833
2019-01-22,GOOGL,54.389052,53.527065,39632000,2.4,252.561,91.2,2632.9,20.8,2.74,-0.0258917137
2019-01-22,AAPL,37.145124,36.406544,121576000,2.4,252.561,91.2,2632.9,20.8,2.74,-0.0224461062
2019-01-23,AAPL,36.608404,36.553783,92522400,2.4,252.561,91.2,2638.7,19.52,2.76,0.0040443192
2019-01-23,GOOGL,53.935475,53.813896,25194000,2.4,252.561,91.2,2638.7,19.52,2.76,0.0053586144
2019-01-23,NVDA,3.743592,3.701198,591020000,2.4,252.561,91.2,2638.7,19.52,2.76,0.0034953092
2019-01-24,NVDA,3.785739,3.91317,708972000,2.4,252.561,91.2,2642.33,18.89,2.72,0.057271256
2019-01-24,GOOGL,53.719614,53.793556,29114000,2.4,252.561,91.2,2642.33,18.89,2.72,-0.0003779687
2019-01-24,AAPL,36.598905,36.26405,101766000,2.4,252.561,91.2,2642.33,18.89,2.72,-0.0079262353
2019-01-25,AAPL,36.924258,37.465725,134142000,2.4,252.561,91.2,2664.76,17.42,2.76,0.0331368237
2019-01-25,GOOGL,54.301214,54.662487,23260000,2.4,252.561,91.2,2664.76,17.42,2.76,0.0161530651
2019-01-25,NVDA,3.853668,3.970439,1154572000,2.4,252.561,91.2,2664.76,17.42,2.76,0.0146349021
2019-01-28,NVDA,3.385347,3.421543,2511528000,2.4,252.561,91.2,2643.85,18.87,2.75,-0.1382455184
2019-01-28,GOOGL,54.094778,53.588104,29334000,2.4,252.561,91.2,2643.85,18.87,2.75,-0.0196548463
2019-01-28,AAPL,36.99788,37.118999,104768400,2.4,252.561,91.2,2643.85,18.87,2.75,-0.009254471
2019-01-29,AAPL,37.107126,36.734272,166348800,2.4,252.561,91.2,2640.0,19.13,2.72,-0.010364705
2019-01-29,GOOGL,53.646667,53.101784,19704000,2.4,252.561,91.2,2640.0,19.13,2.72,-0.0090751577
2019-01-29,NVDA,3.375431,3.262627,1153932000,2.4,252.561,91.2,2640.0,19.13,2.72,-0.0464457059
2019-01-30,NVDA,3.338739,3.406173,974228000,2.4,252.561,91.2,2681.05,17.66,2.7,0.0439970153
2019-01-30,GOOGL,53.464045,54.487812,29452000,2.4,252.561,91.2,2681.05,17.66,2.7,0.0261013509
2019-01-30,AAPL,38.769528,39.244499,244439200,2.4,252.561,91.2,2681.05,17.66,2.7,0.0683347475
2019-01-31,AAPL,39.448729,39.5271,162958400,2.4,252.561,91.2,2704.1,16.57,2.63,0.0072010195
2019-01-31,GOOGL,55.194964,55.872345,40232000,2.4,252.561,91.2,2704.1,16.57,2.63,0.0254099564
2019-01-31,NVDA,3.40295,3.56385,842852000,2.4,252.561,91.2,2704.1,16.57,2.63,0.0462915197
2019-02-01,NVDA,3.582444,3.588146,625048000,2.4,253.319,93.8,2706.53,16.14,2.7,0.0068173588
2019-02-01,GOOGL,55.693696,55.511574,33116000,2.4,253.319,93.8,2706.53,16.14,2.7,-0.0064570617
2019-02-01,AAPL,39.650595,39.546101,130672400,2.4,253.319,93.8,2706.53,16.14,2.7,0.0004807084
2019-02-04,AAPL,39.757463,40.669407,125982000,2.4,253.319,93.8,2724.87,15.73,2.73,0.028404982
2019-02-04,GOOGL,55.530928,56.643024,78408000,2.4,253.319,93.8,2724.87,15.73,2.73,0.0203822478
2019-02-04,NVDA,3.604013,3.698471,528592000,2.4,253.319,93.8,2724.87,15.73,2.73,0.0307469693
2019-02-05,NVDA,3.710371,3.71756,542424000,2.4,253.319,93.8,2737.7,15.57,2.71,0.0051614468
2019-02-05,GOOGL,56.057941,57.161602,82296000,2.4,253.319,93.8,2737.7,15.57,2.71,0.0091551887
2019-02-05,AAPL,41.051752,41.365231,144406400,2.4,253.319,93.8,2737.7,15.57,2.71,0.0171092652
2019-02-06,AAPL,41.47686,41.379494,112958400,2.4,253.319,93.8,2731.61,15.38,2.7,0.0003448102
2019-02-06,GOOGL,57.032578,55.723469,48256000,2.4,253.319,93.8,2731.61,15.38,2.7,-0.0251590786
2019-02-06,NVDA,3.750781,3.793176,702464000,2.4,253.319,93.8,2731.61,15.38,2.7,0.0203401259
2019-02-07,NVDA,3.746815,3.654837,637120000,2.4,253.319,93.8,2706.05,16.37,2.65,-0.0364705052
2019-02-07,GOOGL,55.174122,54.88084,38298000,2.4,253.319,93.8,2706.05,16.37,2.65,-0.0151216085
2019-02-07,AAPL,40.942514,40.595787,126966800,2.4,253.319,93.8,2706.05,16.37,2.65,-0.0189394938
2019-02-08,AAPL,40.304814,40.64349,95280000,2.4,253.319,93.8,2707.88,15.72,2.63,0.0011750675
2019-02-08,GOOGL,54.333474,54.705662,21766000,2.4,253.319,93.8,2707.88,15.72,2.63,-0.0031919797
2019-02-08,NVDA,3.587651,3.673431,461604000,2.4,253.319,93.8,2707.88,15.72,2.63,0.0050875772
2019-02-11,NVDA,3.6293,3.630788,495180000,2.4,253.319,93.8,2709.8,15.97,2.65,-0.0116085121
2019-02-11,GOOGL,54.773646,54.692757,18498000,2.4,253.319,93.8,2709.8,15.97,2.65,-0.000235901
2019-02-11,AAPL,40.796131,40.409752,83973600,2.4,253.319,93.8,2709.8,15.97,2.65,-0.005750932
2019-02-12,AAPL,40.569556,40.757973,89134000,2.4,253.319,93.8,2744.73,15.43,2.68,0.0086172473
2019-02-12,GOOGL,55.133925,55.956215,35036000,2.4,253.319,93.8,2744.73,15.43,2.68,0.0231010161
2019-02-12,NVDA,3.669216,3.747806,591060000,2.4,253.319,93.8,2744.73,15.43,2.68,0.0322293622
2019-02-13,NVDA,3.777309,3.790201,605372000,2.4,253.319,93.8,2753.03,15.65,2.71,0.0113119184
2019-02-13,GOOGL,56.22716,56.008312,28042000,2.4,253.319,93.8,2753.03,15.65,2.71,0.0009310373
2019-02-13,AAPL,40.877234,40.588642,89960800,2.4,253.319,93.8,2753.03,15.65,2.71,-0.0041545392
2019-02-14,AAPL,40.476539,40.736507,87342800,2.4,253.319,93.8,2745.73,16.22,2.66,0.0036430215
2019-02-14,GOOGL,55.828182,56.036606,21106000,2.4,253.319,93.8,2745.73,16.22,2.66,0.000505168
2019-02-14,NVDA,3.789209,3.831108,827264000,2.4,253.319,93.8,2745.73,16.22,2.66,0.0107927438
2019-02-15,NVDA,4.039856,3.900773,1516748000,2.4,253.319,93.8,2775.6,14.91,2.66,0.0181841491
2019-02-15,GOOGL,56.537817,55.561691,27826000,2.4,253.319,93.8,2775.6,14.91,2.66,-0.008475077
2019-02-15,AAPL,40.843829,40.64587,98507200,2.4,253.319,93.8,2775.6,14.91,2.66,-0.0022249626
2019-02-19,AAPL,40.476542,40.767513,75891200,2.4,253.319,93.8,2779.76,14.88,2.65,0.0029927534
2019-02-19,GOOGL,55.413312,55.903111,21980000,2.4,253.319,93.8,2779.76,14.88,2.65,0.0061448673
2019-02-19,NVDA,3.890113,3.883419,551892000,2.4,253.319,93.8,2779.76,14.88,2.65,-0.0044489258
2019-02-20,NVDA,3.912673,3.930772,540988000,2.4,253.319,93.8,2784.7,14.02,2.65,0.0121935834
2019-02-20,GOOGL,56.020722,55.609329,24090000,2.4,253.319,93.8,2784.7,14.02,2.65,-0.0052551867
2019-02-20,AAPL,40.829519,41.029861,104457600,2.4,253.319,93.8,2784.7,14.02,2.65,0.0064352263
2019-02-21,AAPL,40.97501,40.798515,68998800,2.4,253.319,93.8,2774.88,14.46,2.69,-0.0056384819
2019-02-21,GOOGL,55.519508,54.796471,33272000,2.4,253.319,93.8,2774.88,14.46,2.69,-0.014617306
2019-02-21,NVDA,3.943416,3.86185,448548000,2.4,253.319,93.8,2774.88,14.46,2.69,-0.0175339123
2019-02-22,NVDA,3.913665,3.946638,401740000,2.4,253.319,93.8,2792.67,13.51,2.65,0.021955427
2019-02-22,GOOGL,55.068917,55.409344,29436000,2.4,253.319,93.8,2792.67,13.51,2.65,0.0111845356
2019-02-22,AAPL,40.922534,41.254055,75652800,2.4,253.319,93.8,2792.67,13.51,2.65,0.0111655951
2019-02-25,AAPL,41.537883,41.554577,87493600,2.4,253.319,93.8,2796.11,14.85,2.67,0.0072846621
2019-02-25,GOOGL,55.675826,55.447552,26208000,2.4,253.319,93.8,2796.11,14.85,2.67,0.0006895589
2019-02-25,NVDA,4.030188,3.934243,656020000,2.4,253.319,93.8,2796.11,14.85,2.67,-0.0031407443
2019-02-26,NVDA,3.929531,3.894823,488464000,2.4,253.319,93.8,2793.9,15.17,2.64,-0.0100198098
2019-02-26,GOOGL,55.300659,55.679794,35026000,2.4,253.319,93.8,2793.9,15.17,2.64,0.0041885093
2019-02-26,AAPL,41.430551,41.578423,68280800,2.4,253.319,93.8,2793.9,15.17,2.64,0.0005738399
2019-02-27,AAPL,41.311308,41.707222,111341600,2.4,253.319,93.8,2792.38,14.7,2.69,0.0030977471
2019-02-27,GOOGL,55.282798,55.723469,22092000,2.4,253.319,93.8,2792.38,14.7,2.69,0.0007843863
2019-02-27,NVDA,3.880444,3.852925,500256000,2.4,253.319,93.8,2792.38,14.7,2.69,-0.0107572384
2019-02-28,NVDA,3.84672,3.828355,324944000,2.4,253.319,93.8,2784.49,14.78,2.73,-0.0063769083
2019-02-28,GOOGL,55.530434,55.905102,27422000,2.4,253.319,93.8,2784.49,14.78,2.73,0.0032595422
2019-02-28,AAPL,41.576039,41.296986,112861600,2.4,253.319,93.8,2784.49,14.78,2.73,-0.0098360989
2019-03-01,AAPL,41.566492,41.73106,103544800,2.41,254.277,98.4,2803.69,13.57,2.76,0.0105110432
2019-03-01,GOOGL,56.125927,56.995358,34086000,2.41,254.277,98.4,2803.69,13.57,2.76,0.0195019006
2019-03-01,NVDA,3.878238,3.882706,357188000,2.41,254.277,98.4,2803.69,13.57,2.76,0.0141967951
2019-03-04,NVDA,3.921173,3.890896,409992000,2.41,254.277,98.4,2792.81,14.63,2.72,0.0021093323
2019-03-04,GOOGL,57.295097,57.238525,35490000,2.41,254.277,98.4,2792.81,14.63,2.72,0.0042664506
2019-03-04,AAPL,41.902795,41.940956,109744800,2.41,254.277,98.4,2792.81,14.63,2.72,0.0050297329
2019-03-05,AAPL,41.962415,41.864628,78949600,2.41,254.277,98.4,2789.65,14.74,2.72,-0.0018198984
2019-03-05,GOOGL,57.366548,58.021103,40094000,2.41,254.277,98.4,2789.65,14.74,2.72,0.0136722166
2019-03-05,NVDA,3.87526,3.884443,362924000,2.41,254.277,98.4,2789.65,14.74,2.72,-0.0016583741
2019-03-06,NVDA,3.875508,3.773508,403524000,2.41,254.277,98.4,2771.45,15.74,2.69,-0.0285587234
2019-03-06,GOOGL,58.14865,57.810207,23602000,2.41,254.277,98.4,2771.45,15.74,2.69,-0.0036348075
2019-03-06,AAPL,41.659508,41.623734,83241600,2.41,254.277,98.4,2771.45,15.74,2.69,-0.0057541254
2019-03-07,AAPL,41.468706,41.141956,99185600,2.41,254.277,98.4,2748.93,16.59,2.64,-0.011574579
2019-03-07,GOOGL,57.589872,57.110989,30086000,2.41,254.277,98.4,2748.93,16.59,2.64,-0.0120950742
2019-03-07,NVDA,3.749932,3.704268,450104000,2.41,254.277,98.4,2748.93,16.59,2.64,-0.0183491867
2019-03-08,NVDA,3.614924,3.738516,422416000,2.41,254.277,98.4,2743.07,16.05,2.62,0.0092455833
2019-03-08,GOOGL,56.269842,57.067318,23694000,2.41,254.277,98.4,2743.07,16.05,2.62,-0.0007646629
2019-03-08,AAPL,40.622021,41.239746,95997600,2.41,254.277,98.4,2743.07,16.05,2.62,0.0023768866
2019-03-11,AAPL,41.855088,42.668385,128044000,2.41,254.277,98.4,2783.3,14.33,2.64,0.034642271
2019-03-11,GOOGL,57.168051,58.520832,30032000,2.41,254.277,98.4,2783.3,14.33,2.64,0.0254701667
2019-03-11,NVDA,3.762093,3.999101,859728000,2.41,254.277,98.4,2783.3,14.33,2.64,0.0697028807
2019-03-12,NVDA,4.026897,4.03335,579576000,2.41,254.277,98.4,2791.52,13.77,2.61,0.0085641918
2019-03-12,GOOGL,58.671694,59.413586,42220000,2.41,254.277,98.4,2791.52,13.77,2.61,0.0152553128
2019-03-12,AAPL,42.930742,43.147781,129870400,2.41,254.277,98.4,2791.52,13.77,2.61,0.0112354106
2019-03-13,GOOGL,59.844333,59.503407,25888000,2.41,254.277,98.4,2810.92,13.41,2.61,0.00151179
2019-03-13,NVDA,4.070822,4.184735,768900000,2.41,254.277,98.4,2810.92,13.41,2.61,0.037533274
2019-03-14,NVDA,4.193918,4.108794,519384000,2.41,254.277,98.4,2808.48,13.5,2.63,-0.018147168
2019-03-14,GOOGL,59.501423,59.179356,27302000,2.41,254.277,98.4,2808.48,13.5,2.63,-0.0054459219
2019-03-14,AAPL,43.860904,43.820358,94318000,2.41,254.277,98.4,2808.48,13.5,2.63,0.0111164109
2019-03-15,GOOGL,59.45081,59.068695,51886000,2.41,254.277,98.4,2822.48,12.88,2.59,-0.0018699182
2019-03-15,NVDA,4.151975,4.214268,661484000,2.41,254.277,98.4,2822.48,12.88,2.59,0.0256703067
2019-03-18,NVDA,4.245787,4.192925,486992000,2.41,254.277,98.4,2832.94,13.1,2.6,-0.0050642909
2019-03-18,GOOGL,59.038421,58.98185,24442000,2.41,254.277,98.4,2832.94,13.1,2.6,-0.0014702441
2019-03-18,AAPL,44.314072,44.843552,104879200,2.41,254.277,98.4,2832.94,13.1,2.6,0.0102087607
2019-03-19,AAPL,44.922265,44.488186,126585600,2.41,254.277,98.4,2832.57,13.56,2.61,-0.0079245675
2019-03-19,GOOGL,59.139155,59.672131,29788000,2.41,254.277,98.4,2832.57,13.56,2.61,0.0117032768
2019-03-19,NVDA,4.287479,4.360691,854972000,2.41,254.277,98.4,2832.57,13.56,2.61,0.0400115908
2019-03-20,NVDA,4.389727,4.32818,719148000,2.41,254.277,98.4,2824.23,13.91,2.54,-0.0074555234
2019-03-20,GOOGL,59.619531,60.861645,41508000,2.41,254.277,98.4,2824.23,13.91,2.54,0.0199341661
2019-03-20,AAPL,44.416623,44.876938,124140800,2.41,254.277,98.4,2824.23,13.91,2.54,0.0087383195
2019-03-21,AAPL,45.320552,46.529766,204136800,2.41,254.277,98.4,2854.88,13.63,2.54,0.0368302361
2019-03-21,GOOGL,60.542558,61.34301,28150000,2.41,254.277,98.4,2854.88,13.63,2.54,0.0079091718
2019-03-21,NVDA,4.351261,4.56494,824312000,2.41,254.277,98.4,2854.88,13.63,2.54,0.0547020106
2019-03-22,NVDA,4.537641,4.405116,747644000,2.41,254.277,98.4,2800.71,16.48,2.44,-0.0350112755
2019-03-22,GOOGL,60.98174,59.929688,34422000,2.41,254.277,98.4,2800.71,16.48,2.44,-0.0230396658
2019-03-22,AAPL,46.589397,45.566216,169630800,2.41,254.277,98.4,2800.71,16.48,2.44,-0.0207082616
2019-03-25,AAPL,45.675916,45.015263,175381200,2.41,254.277,98.4,2798.36,16.33,2.43,-0.012091259
2019-03-25,GOOGL,59.528216,59.420033,27576000,2.41,254.277,98.4,2798.36,16.33,2.43,-0.0085042159
2019-03-25,NVDA,4.364415,4.312795,525212000,2.41,254.277,98.4,2798.36,16.33,2.43,-0.0209576609
2019-03-26,NVDA,4.454502,4.389481,703508000,2.41,254.277,98.4,2818.46,14.68,2.41,0.0177810239
2019-03-26,GOOGL,59.807614,59.045872,30752000,2.41,254.277,98.4,2818.46,14.68,2.41,-0.0062968792
2019-03-26,AAPL,45.7117,44.550182,199202000,2.41,254.277,98.4,2818.46,14.68,2.41,-0.0103316128
2019-03-27,AAPL,45.017651,44.950871,119393600,2.41,254.277,98.4,2805.37,15.15,2.39,0.008994086
2019-03-27,GOOGL,59.149085,58.458801,29428000,2.41,254.277,98.4,2805.37,15.15,2.39,-0.0099426166
2019-03-27,NVDA,4.415043,4.380298,474372000,2.41,254.277,98.4,2805.37,15.15,2.39,-0.0020920311
2019-03-28,NVDA,4.406356,4.398911,480264000,2.41,254.277,98.4,2815.44,14.43,2.39,0.0042493319
2019-03-28,GOOGL,58.33425,58.173958,22402000,2.41,254.277,98.4,2815.44,14.43,2.39,-0.0048725502
2019-03-28,AAPL,45.065361,45.010506,83121600,2.41,254.277,98.4,2815.44,14.43,2.39,0.0013266742
2019-03-29,AAPL,45.275233,45.303852,94256000,2.41,254.277,98.4,2834.4,13.71,2.41,0.0065172875
2019-03-29,GOOGL,58.566493,58.403229,30890000,2.41,254.277,98.4,2834.4,13.71,2.41,0.0039411266
2019-03-29,NVDA,4.46567,4.45624,456896000,2.41,254.277,98.4,2834.4,13.71,2.41,0.0130324758
2019-04-01,NVDA,4.548064,4.523743,483824000,2.42,255.233,97.2,2867.19,13.4,2.49,0.0151480748
2019-04-01,GOOGL,58.931726,59.499439,27706000,2.42,255.233,97.2,2867.19,13.4,2.49,0.0187696897
2019-04-01,AAPL,45.706938,45.611538,111448000,2.42,255.233,97.2,2867.19,13.4,2.49,0.0067916046
2019-04-02,AAPL,45.575748,46.274567,91062800,2.42,255.233,97.2,2867.24,13.36,2.48,0.0145364254
2019-04-02,GOOGL,59.552535,59.824978,18288000,2.42,255.233,97.2,2867.24,13.36,2.48,0.0054712891
2019-04-02,NVDA,4.547817,4.541613,440920000,2.42,255.233,97.2,2867.24,13.36,2.48,0.0039501519
2019-04-03,NVDA,4.591247,4.681086,783504000,2.42,255.233,97.2,2873.4,13.74,2.52,0.0307101133
2019-04-03,GOOGL,60.180295,60.086506,22180000,2.42,255.233,97.2,2873.4,13.74,2.52,0.0043715522
2019-04-03,AAPL,46.09091,46.59177,93087200,2.42,255.233,97.2,2873.4,13.74,2.52,0.0068548134
2019-04-04,AAPL,46.458211,46.672867,76457200,2.42,255.233,97.2,2879.39,13.58,2.51,0.0017405788
2019-04-04,GOOGL,60.110329,60.51527,21022000,2.42,255.233,97.2,2879.39,13.58,2.51,0.0071357843
2019-04-04,NVDA,4.6657,4.672153,457376000,2.42,255.233,97.2,2879.39,13.58,2.51,-0.0019083322
2019-04-05,NVDA,4.715334,4.738911,481744000,2.42,255.233,97.2,2892.74,12.82,2.5,0.0142884189
2019-04-05,GOOGL,60.507818,60.118259,20012000,2.42,255.233,97.2,2892.74,12.82,2.5,-0.0065605062
2019-04-05,AAPL,46.854135,46.985313,74106400,2.42,255.233,97.2,2892.74,12.82,2.5,0.0066943947
2019-04-08,AAPL,46.846981,47.724678,103526800,2.42,255.233,97.2,2895.77,13.18,2.52,0.0157360794
2019-04-08,GOOGL,60.101398,59.96096,21750000,2.42,255.233,97.2,2895.77,13.18,2.52,-0.0026164936
2019-04-08,NVDA,4.708386,4.759758,424192000,2.42,255.233,97.2,2895.77,13.18,2.52,0.0043992805
2019-04-09,NVDA,4.726255,4.69697,439972000,2.42,255.233,97.2,2878.2,14.28,2.51,-0.0131915279
2019-04-09,GOOGL,59.643847,59.683544,19668000,2.42,255.233,97.2,2878.2,14.28,2.51,-0.0046266142
2019-04-09,AAPL,47.777137,47.581562,143072800,2.42,255.233,97.2,2878.2,14.28,2.51,-0.0029987839
2019-04-10,AAPL,47.386007,47.848705,86781200,2.42,255.233,97.2,2888.21,13.3,2.48,0.0056144279
2019-04-10,GOOGL,59.802645,59.870132,15510000,2.42,255.233,97.2,2888.21,13.3,2.48,0.0031262937
2019-04-10,NVDA,4.696226,4.767452,444772000,2.42,255.233,97.2,2888.21,13.3,2.48,0.0150057968
2019-04-11,NVDA,4.769933,4.753553,374600000,2.42,255.233,97.2,2888.32,13.02,2.51,-0.0029152624
2019-04-11,GOOGL,59.991718,60.025959,16998000,2.42,255.233,97.2,2888.32,13.02,2.51,0.002602743
2019-04-11,AAPL,47.90355,47.45039,83603200,2.42,255.233,97.2,2888.32,13.02,2.51,-0.0083244766
2019-04-12,AAPL,47.510016,47.431309,111042800,2.42,255.233,97.2,2907.41,12.01,2.56,-0.0004021277
2019-04-12,GOOGL,60.325199,60.678036,24312000,2.42,255.233,97.2,2907.41,12.01,2.56,0.0108632454
2019-04-12,NVDA,4.792269,4.715583,471708000,2.42,255.233,97.2,2907.41,12.01,2.56,-0.007987823
2019-04-15,NVDA,4.70789,4.583802,440092000,2.42,255.233,97.2,2905.58,12.32,2.55,-0.0279458776
2019-04-15,GOOGL,60.745521,60.866608,23796000,2.42,255.233,97.2,2905.58,12.32,2.55,0.0031077461
2019-04-15,AAPL,47.362144,47.51717,70146400,2.42,255.233,97.2,2905.58,12.32,2.55,0.0018102222
2019-04-16,AAPL,47.572041,47.521954,102785600,2.42,255.233,97.2,2907.06,12.18,2.6,0.0001006716
2019-04-16,GOOGL,61.038814,61.133598,22622000,2.42,255.233,97.2,2907.06,12.18,2.6,0.0043864883
2019-04-16,NVDA,4.623013,4.67091,394964000,2.42,255.233,97.2,2907.06,12.18,2.6,0.0190035732
2019-04-17,NVDA,4.705904,4.648079,351004000,2.42,255.233,97.2,2900.45,12.6,2.59,-0.0048879044
2019-04-17,GOOGL,61.386183,61.542007,30366000,2.42,255.233,97.2,2900.45,12.6,2.59,0.0066806
2019-04-17,AAPL,47.591117,48.44735,115627200,2.42,255.233,97.2,2900.45,12.6,2.59,0.0194730203
2019-04-18,AAPL,48.444958,48.621452,96783200,2.42,255.233,97.2,2905.03,12.09,2.57,0.0035936493
2019-04-18,GOOGL,61.78318,61.608006,24750000,2.42,255.233,97.2,2905.03,12.09,2.57,0.001072407
2019-04-18,NVDA,4.654778,4.623508,380988000,2.42,255.233,97.2,2905.03,12.09,2.57,-0.0052863595
2019-04-22,NVDA,4.599932,4.677363,279936000,2.42,255.233,97.2,2907.97,12.42,2.59,0.0116480695
2019-04-22,GOOGL,61.369804,62.217896,19084000,2.42,255.233,97.2,2907.97,12.42,2.59,0.0098995249
2019-04-22,AAPL,48.375794,48.78125,77758000,2.42,255.233,97.2,2907.97,12.42,2.59,0.0032865672
2019-04-23,AAPL,48.757402,49.48484,93292000,2.42,255.233,97.2,2933.68,12.28,2.57,0.0144233777
2019-04-23,GOOGL,62.360821,63.053089,31868000,2.42,255.233,97.2,2933.68,12.28,2.57,0.0134236883
2019-04-23,NVDA,4.690516,4.731962,346856000,2.42,255.233,97.2,2933.68,12.28,2.57,0.0116729895
2019-04-24,NVDA,4.742385,4.744371,318204000,2.42,255.233,97.2,2927.25,13.14,2.53,0.002622424
2019-04-24,GOOGL,63.053089,62.530041,23396000,2.42,255.233,97.2,2927.25,13.14,2.53,-0.0082953652
2019-04-24,AAPL,49.456216,49.408516,70162400,2.42,255.233,97.2,2927.25,13.14,2.53,-0.0015423807
2019-04-25,AAPL,49.329811,48.960129,74172800,2.42,255.233,97.2,2926.17,13.25,2.54,-0.0090750984
2019-04-25,GOOGL,63.038693,62.891804,31344000,2.42,255.233,97.2,2926.17,13.25,2.54,0.0057854272
2019-04-25,NVDA,4.704169,4.63865,499296000,2.42,255.233,97.2,2926.17,13.25,2.54,-0.0222833588
2019-04-26,NVDA,4.48478,4.419758,868988000,2.42,255.233,97.2,2939.88,12.73,2.51,-0.047188849
2019-04-26,GOOGL,63.19154,63.392025,27228000,2.42,255.233,97.2,2939.88,12.73,2.51,0.0079536795
2019-04-26,AAPL,48.869495,48.726395,74596400,2.42,255.233,97.2,2939.88,12.73,2.51,-0.0047739689
2019-04-29,AAPL,48.750251,48.800339,88818800,2.42,255.233,97.2,2943.03,13.11,2.54,0.0015175367
2019-04-29,GOOGL,63.545358,64.323975,72368000,2.42,255.233,97.2,2943.03,13.11,2.54,0.01470137
2019-04-29,NVDA,4.427698,4.450531,391920000,2.42,255.233,97.2,2943.03,13.11,2.54,0.0069625276
2019-04-30,NVDA,4.418267,4.491975,362920000,2.42,255.233,97.2,2945.83,13.12,2.51,0.0093123231
2019-04-30,GOOGL,59.085071,59.498447,133178000,2.42,255.233,97.2,2945.83,13.12,2.51,-0.0750191079
2019-04-30,AAPL,48.430647,47.860622,186139600,2.42,255.233,97.2,2945.83,13.12,2.51,-0.0192563487
2019-05-01,AAPL,50.057242,50.209885,259309200,2.39,255.296,100.0,2923.73,14.8,2.52,0.0490854928
2019-05-01,GOOGL,59.425992,58.226059,74340000,2.39,255.296,100.0,2923.73,14.8,2.52,-0.021385238
2019-05-01,NVDA,4.544342,4.478824,354280000,2.39,255.296,100.0,2923.73,14.8,2.52,-0.0029277028
2019-05-02,NVDA,4.488503,4.546328,394684000,2.39,255.296,100.0,2917.52,14.42,2.55,0.0150716907
2019-05-02,GOOGL,58.190328,57.888111,45098000,2.39,255.296,100.0,2917.52,14.42,2.55,-0.0058040653
2019-05-02,AAPL,50.047709,49.883141,127985200,2.39,255.296,100.0,2917.52,14.42,2.55,-0.0065075648
2019-05-03,AAPL,50.29814,50.503254,83569600,2.39,255.296,100.0,2945.64,12.87,2.54,0.0124313218
2019-05-03,GOOGL,58.429029,59.031479,41588000,2.39,255.296,100.0,2945.64,12.87,2.54,0.01975134
2019-05-03,NVDA,4.554766,4.541861,336824000,2.39,255.296,100.0,2945.64,12.87,2.54,-0.0009824487
2019-05-06,NVDA,4.35548,4.463437,422176000,2.39,255.296,100.0,2932.47,15.44,2.51,-0.0172670306
2019-05-06,GOOGL,58.160551,59.225506,31774000,2.39,255.296,100.0,2932.47,15.44,2.51,0.0032868387
2019-05-06,AAPL,48.724006,49.723339,129772400,2.39,255.296,100.0,2932.47,15.44,2.51,-0.0154428635
2019-05-07,AAPL,49.103233,48.38295,155054800,2.39,255.296,100.0,2884.05,19.32,2.45,-0.0269569437
2019-05-07,GOOGL,58.845878,58.500984,36604000,2.39,255.296,100.0,2884.05,19.32,2.45,-0.0122332706
2019-05-07,NVDA,4.415043,4.296166,555220000,2.39,255.296,100.0,2884.05,19.32,2.45,-0.037475649
2019-05-08,NVDA,4.268618,4.316268,419168000,2.39,255.296,100.0,2879.42,19.4,2.49,0.0046789499
2019-05-08,GOOGL,58.423066,58.10001,25520000,2.39,255.296,100.0,2879.42,19.4,2.49,-0.0068541458
2019-05-08,AAPL,48.15399,48.392494,105358000,2.39,255.296,100.0,2879.42,19.4,2.49,0.0001972673
2019-05-09,AAPL,47.796232,47.872555,139634400,2.39,255.296,100.0,2870.72,19.1,2.45,-0.0107442163
2019-05-09,GOOGL,57.69408,57.960564,29556000,2.39,255.296,100.0,2870.72,19.1,2.45,-0.0024001073
2019-05-09,NVDA,4.247276,4.223699,660248000,2.39,255.296,100.0,2870.72,19.1,2.45,-0.0214466182
2019-05-10,NVDA,4.192925,4.189698,569500000,2.39,255.296,100.0,2881.4,16.04,2.47,-0.0080499107
2019-05-10,GOOGL,58.003739,57.944187,31650000,2.39,255.296,100.0,2881.4,16.04,2.47,-0.0002825455
2019-05-10,AAPL,47.266813,47.209351,164834800,2.39,255.296,100.0,2881.4,16.04,2.47,-0.0138535367
2019-05-13,AAPL,44.942021,44.465569,229722400,2.39,255.296,100.0,2811.87,20.55,2.4,-0.0581194617
2019-05-13,GOOGL,56.832591,56.403332,45626000,2.39,255.296,100.0,2811.87,20.55,2.4,-0.0265920618
2019-05-13,NVDA,4.05767,3.932341,656912000,2.39,255.296,100.0,2811.87,20.55,2.4,-0.0614261713
2019-05-14,NVDA,3.97205,4.021437,524880000,2.39,255.296,100.0,2834.41,18.06,2.42,0.0226572586
2019-05-14,GOOGL,56.687686,55.821232,40392000,2.39,255.296,100.0,2834.41,18.06,2.42,-0.0103203108
2019-05-14,AAPL,44.630767,45.169468,146118800,2.39,255.296,100.0,2834.41,18.06,2.42,0.0158302122
2019-05-15,AAPL,44.597257,45.710571,106178800,2.39,255.296,100.0,2850.96,16.44,2.37,0.0119794053
2019-05-15,GOOGL,55.706598,58.101009,59302000,2.39,255.296,100.0,2850.96,16.44,2.37,0.0408406882
2019-05-15,NVDA,3.965844,3.960385,502320000,2.39,255.296,100.0,2850.96,16.44,2.37,-0.0151817766
2019-05-16,NVDA,3.954924,3.975523,781088000,2.39,255.296,100.0,2876.32,15.29,2.4,0.0038223937
2019-05-16,GOOGL,58.152616,58.780869,35308000,2.39,255.296,100.0,2876.32,15.29,2.4,0.0117013313
2019-05-16,AAPL,45.468755,45.509457,132125600,2.39,255.296,100.0,2876.32,15.29,2.4,-0.0043997406
2019-05-17,AAPL,44.755259,45.250866,131516400,2.39,255.296,100.0,2859.53,15.96,2.39,-0.0056821311
2019-05-17,GOOGL,58.350617,58.000759,25362000,2.39,255.296,100.0,2859.53,15.96,2.39,-0.0132714848
2019-05-17,NVDA,3.933582,3.884692,1022068000,2.39,255.296,100.0,2859.53,15.96,2.39,-0.0228475717
2019-05-20,NVDA,3.785918,3.766064,572064000,2.39,255.296,100.0,2840.23,16.31,2.41,-0.0305373074
2019-05-20,GOOGL,57.217683,56.80381,30602000,2.39,255.296,100.0,2840.23,16.31,2.41,-0.0206367817
2019-05-20,AAPL,43.93883,43.835876,154449200,2.39,255.296,100.0,2840.23,16.31,2.41,-0.0312698872
2019-05-21,AAPL,44.345854,44.676258,113459200,2.39,255.296,100.0,2864.36,14.95,2.43,0.019171092
2019-05-21,GOOGL,57.291123,57.289139,20562000,2.39,255.296,100.0,2864.36,14.95,2.43,0.0085439458
2019-05-21,NVDA,3.826866,3.848209,361848000,2.39,255.296,100.0,2864.36,14.95,2.43,0.0218119556
2019-05-22,NVDA,3.809495,3.777232,325868000,2.39,255.296,100.0,2856.27,14.75,2.39,-0.018444034
2019-05-22,GOOGL,57.130837,57.359112,18826000,2.39,255.296,100.0,2856.27,14.75,2.39,0.0012214007
2019-05-22,AAPL,44.211781,43.761665,118994400,2.39,255.296,100.0,2856.27,14.75,2.39,-0.020471561
2019-05-23,AAPL,43.048179,43.01466,146118800,2.39,255.296,100.0,2822.24,16.92,2.31,-0.0170698591
2019-05-23,GOOGL,56.873776,56.837547,25214000,2.39,255.296,100.0,2822.24,16.92,2.31,-0.0090929665
2019-05-23,NVDA,3.714939,3.656122,591844000,2.39,255.296,100.0,2822.24,16.92,2.31,-0.0320633375
2019-05-24,NVDA,3.674983,3.602268,357584000,2.39,255.296,100.0,2826.06,15.85,2.32,-0.0147297476
2019-05-24,GOOGL,57.168052,56.503574,18554000,2.39,255.296,100.0,2826.06,15.85,2.32,-0.0058759209
2019-05-24,AAPL,43.143946,42.849457,94858800,2.39,255.296,100.0,2826.06,15.85,2.32,-0.0038406231
2019-05-28,AAPL,42.837493,42.672291,111792800,2.39,255.296,100.0,2802.39,17.5,2.26,-0.0041346145
2019-05-28,NVDA,3.619888,3.557099,428356000,2.39,255.296,100.0,2802.39,17.5,2.26,-0.0125389445
2019-05-29,NVDA,3.50945,3.482896,559800000,2.39,255.296,100.0,2783.02,17.9,2.25,-0.0208607414
2019-05-29,GOOGL,56.210288,55.577076,36230000,2.39,255.296,100.0,2783.02,17.9,2.25,-0.0172171195
2019-05-29,AAPL,42.238929,42.468777,113924800,2.39,255.296,100.0,2783.02,17.9,2.25,-0.004769233
2019-05-30,AAPL,42.605257,42.689056,84873600,2.39,255.296,100.0,2788.86,17.3,2.22,0.0051868622
2019-05-30,GOOGL,55.587493,55.650021,18088000,2.39,255.296,100.0,2788.86,17.3,2.22,0.0013124951
2019-05-30,NVDA,3.486125,3.45631,394300000,2.39,255.296,100.0,2788.86,17.3,2.22,-0.0076331828
2019-05-31,NVDA,3.407364,3.365623,389720000,2.39,255.296,100.0,2752.06,18.71,2.14,-0.0262381771
2019-05-31,GOOGL,54.867437,54.910114,31582000,2.39,255.296,100.0,2752.06,18.71,2.14,-0.013295706
2019-05-31,AAPL,42.193446,41.915718,108174400,2.39,255.296,100.0,2752.06,18.71,2.14,-0.0181156105
2019-06-03,AAPL,42.042605,41.491932,161584400,2.39,255.296,100.0,2744.45,18.86,2.07,-0.0101104355
2019-06-03,GOOGL,52.946446,51.547516,96890000,2.39,255.296,100.0,2744.45,18.86,2.07,-0.0612382338
2019-06-03,NVDA,3.376803,3.323882,478644000,2.39,255.296,100.0,2744.45,18.86,2.07,-0.012402131
2019-06-04,NVDA,3.387984,3.55296,641836000,2.39,255.296,100.0,2803.27,16.97,2.12,0.068918975
2019-06-04,GOOGL,51.832863,52.329113,60512000,2.39,255.296,100.0,2803.27,16.97,2.12,0.0151626538
2019-06-04,AAPL,42.004302,43.009876,123872000,2.39,255.296,100.0,2803.27,16.97,2.12,0.0365840843
2019-06-05,AAPL,44.120801,43.704205,119093600,2.39,255.296,100.0,2826.15,16.09,2.12,0.0161434621
2019-06-05,GOOGL,52.354422,51.840305,46988000,2.39,255.296,100.0,2826.15,16.09,2.12,-0.0093410274
2019-06-05,NVDA,3.626752,3.510225,511616000,2.39,255.296,100.0,2826.15,16.09,2.12,-0.012028093
2019-06-06,NVDA,3.514449,3.57234,408140000,2.39,255.296,100.0,2843.49,15.93,2.12,0.0176955014
2019-06-06,GOOGL,51.918222,51.99514,29020000,2.39,255.296,100.0,2843.49,15.93,2.12,0.0029867638
2019-06-06,AAPL,43.833491,44.345856,90105200,2.39,255.296,100.0,2843.49,15.93,2.12,0.0146816802
2019-06-07,AAPL,44.654713,45.526211,122737600,2.39,255.296,100.0,2873.34,16.3,2.09,0.0266170323
2019-06-07,GOOGL,52.318691,53.017906,43828000,2.39,255.296,100.0,2873.34,16.3,2.09,0.0196704175
2019-06-07,NVDA,3.578304,3.615075,348856000,2.39,255.296,100.0,2873.34,16.3,2.09,0.0119627742
2019-06-10,NVDA,3.671226,3.687873,402780000,2.39,255.296,100.0,2886.73,15.94,2.15,0.0201372774
2019-06-10,GOOGL,53.446175,53.732018,28510000,2.39,255.296,100.0,2886.73,15.94,2.15,0.013469248
2019-06-10,AAPL,45.923657,46.108013,104883600,2.39,255.296,100.0,2886.73,15.94,2.15,0.0127795035
2019-06-11,AAPL,46.653901,46.64193,107731600,2.39,255.296,100.0,2885.72,15.99,2.15,0.0115796894
2019-06-11,GOOGL,54.438184,53.646664,33508000,2.39,255.296,100.0,2885.72,15.99,2.15,-0.0015885101
2019-06-11,NVDA,3.747752,3.745516,383872000,2.39,255.296,100.0,2885.72,15.99,2.15,0.0156303366
2019-06-12,NVDA,3.702035,3.632467,358892000,2.39,255.296,100.0,2879.84,15.91,2.13,-0.0301824997
2019-06-12,GOOGL,53.592577,53.550396,23670000,2.39,255.296,100.0,2879.84,15.91,2.13,-0.0017944769
2019-06-12,AAPL,46.436018,46.493481,73012800,2.39,255.296,100.0,2879.84,15.91,2.13,-0.0031827359
2019-06-13,AAPL,46.615585,46.483902,86698400,2.39,255.296,100.0,2891.64,15.82,2.1,-0.0002060225
2019-06-13,GOOGL,53.828786,54.141422,20814000,2.39,255.296,100.0,2891.64,15.82,2.1,0.0110368242
2019-06-13,NVDA,3.65458,3.68365,308080000,2.39,255.296,100.0,2891.64,15.82,2.1,0.0140904207
2019-06-14,NVDA,3.590478,3.593708,394428000,2.39,255.296,100.0,2886.98,15.28,2.09,-0.024416539
2019-06-14,GOOGL,54.078399,53.907688,24582000,2.39,255.296,100.0,2886.98,15.28,2.09,-0.0043171036
2019-06-14,AAPL,45.861392,46.146305,75046000,2.39,255.296,100.0,2886.98,15.28,2.09,-0.0072626625
2019-06-17,AAPL,46.18462,46.42165,58676400,2.39,255.296,100.0,2889.67,15.35,2.09,0.00596678
2019-06-17,GOOGL,54.046634,54.284336,19770000,2.39,255.296,100.0,2889.67,15.35,2.09,0.006986906
2019-06-17,NVDA,3.591968,3.603398,276040000,2.39,255.296,100.0,2889.67,15.35,2.09,0.002696326
2019-06-18,NVDA,3.664767,3.798438,581920000,2.39,255.296,100.0,2917.75,15.15,2.06,0.0541267568
2019-06-18,GOOGL,55.158236,54.847584,34526000,2.39,255.296,100.0,2917.75,15.15,2.06,0.0103758786
2019-06-18,AAPL,46.938796,47.513409,106204000,2.39,255.296,100.0,2917.75,15.15,2.06,0.0235183094
2019-06-19,AAPL,47.807908,47.374554,84496800,2.39,255.296,100.0,2926.46,14.33,2.03,-0.0029224378
2019-06-19,GOOGL,54.946837,54.811359,26714000,2.39,255.296,100.0,2926.46,14.33,2.03,-0.0006604551
2019-06-19,NVDA,3.833719,3.804401,331644000,2.39,255.296,100.0,2926.46,14.33,2.03,0.0015698788
2019-06-20,NVDA,3.895088,3.82875,350168000,2.39,255.296,100.0,2954.18,14.75,2.01,0.0064001498
2019-06-20,GOOGL,55.664412,55.242599,24018000,2.39,255.296,100.0,2954.18,14.75,2.01,0.0078677137
2019-06-20,AAPL,47.973094,47.755222,86056000,2.39,255.296,100.0,2954.18,14.75,2.01,0.0080352977
2019-06-21,AAPL,47.597216,47.592426,191202400,2.39,255.296,100.0,2950.46,15.4,2.07,-0.0034089679
2019-06-21,GOOGL,55.076853,55.846539,50774000,2.39,255.296,100.0,2950.46,15.4,2.07,0.010932488
2019-06-21,NVDA,3.813842,3.77061,434428000,2.39,255.296,100.0,2950.46,15.4,2.07,-0.0151849998
2019-06-24,NVDA,3.791978,3.792971,282948000,2.39,255.296,100.0,2945.35,15.26,2.02,0.0059304139
2019-06-24,GOOGL,55.580054,55.41629,24236000,2.39,255.296,100.0,2945.35,15.26,2.02,-0.0077041169
2019-06-24,AAPL,47.534969,47.544548,72881600,2.39,255.296,100.0,2945.35,15.26,2.02,-0.001006006
2019-06-25,AAPL,47.508632,46.823887,84281200,2.39,255.296,100.0,2917.38,16.28,2.0,-0.0151575984
2019-06-25,GOOGL,55.335899,53.97121,31644000,2.39,255.296,100.0,2917.38,16.28,2.0,-0.0260768051
2019-06-25,NVDA,3.79794,3.763653,311868000,2.39,255.296,100.0,2917.38,16.28,2.0,-0.0077296478
2019-06-26,NVDA,3.891113,3.956954,584072000,2.39,255.296,100.0,2913.78,16.21,2.05,0.0513599315
2019-06-26,GOOGL,54.14092,53.610924,34698000,2.39,255.296,100.0,2913.78,16.21,2.05,-0.0066755352
2019-06-26,AAPL,47.3506,47.836628,104270000,2.39,255.296,100.0,2913.78,16.21,2.05,0.0216287275
2019-06-27,AAPL,47.953957,47.822277,83598800,2.39,255.296,100.0,2924.92,15.82,2.01,-0.000299998
2019-06-27,GOOGL,53.930024,53.427818,24078000,2.39,255.296,100.0,2924.92,15.82,2.01,-0.0034154507
2019-06-27,NVDA,4.042672,4.055592,445440000,2.39,255.296,100.0,2924.92,15.82,2.01,0.0249277747
2019-06-28,NVDA,4.099569,4.080438,397668000,2.39,255.296,100.0,2941.76,15.08,2.0,0.0061263748
2019-06-28,GOOGL,53.45759,53.734001,33672000,2.39,255.296,100.0,2941.76,15.08,2.0,0.005730776
2019-06-28,AAPL,47.568476,47.386517,124442400,2.39,255.296,100.0,2941.76,15.08,2.0,-0.0091120817
2019-07-01,AAPL,48.643494,48.25563,109012000,2.4,255.802,98.4,2964.33,14.06,2.03,0.018340954
2019-07-01,GOOGL,54.639163,54.587555,29196000,2.4,255.802,98.4,2964.33,14.06,2.03,0.0158847983
2019-07-01,NVDA,4.287653,4.12864,709756000,2.4,255.802,98.4,2964.33,14.06,2.03,0.0118128395
2019-07-02,NVDA,4.111993,4.030747,400228000,2.4,255.802,98.4,2973.01,12.93,1.98,-0.0237105419
2019-07-02,GOOGL,54.827243,55.21283,20630000,2.4,255.802,98.4,2973.01,12.93,1.98,0.0114545277
2019-07-02,AAPL,48.222107,48.538143,67740800,2.4,255.802,98.4,2973.01,12.93,1.98,0.0058545016
2019-07-03,AAPL,48.669816,48.940365,45448000,2.4,255.802,98.4,2995.82,12.57,1.96,0.0082867134
2019-07-03,GOOGL,55.505617,55.728436,20154000,2.4,255.802,98.4,2995.82,12.57,1.96,0.0093385166
2019-07-03,NVDA,4.054101,4.043666,246636000,2.4,255.802,98.4,2995.82,12.57,1.96,0.0032049818
2019-07-05,NVDA,3.985279,3.981055,396552000,2.4,255.802,98.4,2990.41,13.28,2.04,-0.0154836889
2019-07-05,GOOGL,55.548791,56.208805,29794000,2.4,255.802,98.4,2990.41,13.28,2.04,0.0086198287
2019-07-05,AAPL,48.686592,48.897282,69062000,2.4,255.802,98.4,2990.41,13.28,2.04,-0.0008803202
2019-07-08,AAPL,48.078451,47.889309,101354400,2.4,255.802,98.4,2975.95,13.96,2.05,-0.0206140849
2019-07-08,GOOGL,55.871347,55.420753,29888000,2.4,255.802,98.4,2975.95,13.96,2.05,-0.014020074
2019-07-08,NVDA,3.921425,3.906021,329788000,2.4,255.802,98.4,2975.95,13.96,2.05,-0.0188478032
2019-07-09,NVDA,3.863783,3.908505,342860000,2.4,255.802,98.4,2979.63,14.09,2.07,0.0006360236
2019-07-09,GOOGL,55.099682,55.792946,29472000,2.4,255.802,98.4,2979.63,14.09,2.07,0.0067157583
2019-07-09,AAPL,47.692988,48.181412,82312000,2.4,255.802,98.4,2979.63,14.09,2.07,0.0060995412
2019-07-10,AAPL,48.327455,48.657856,71588400,2.4,255.802,98.4,2993.07,13.03,2.07,0.0098885489
2019-07-10,GOOGL,56.19143,56.61771,30710000,2.4,255.802,98.4,2993.07,13.03,2.07,0.0147825901
2019-07-10,NVDA,3.951985,3.976831,452076000,2.4,255.802,98.4,2993.07,13.03,2.07,0.0174813625
2019-07-11,NVDA,4.049877,4.131372,682560000,2.4,255.802,98.4,2999.91,12.93,2.13,0.0388602808
2019-07-11,GOOGL,56.878245,56.775024,26004000,2.4,255.802,98.4,2999.91,12.93,2.13,0.0027785352
2019-07-11,AAPL,48.677011,48.303513,80767200,2.4,255.802,98.4,2999.91,12.93,2.13,-0.0072823475
2019-07-12,AAPL,48.471111,48.674622,70380800,2.4,255.802,98.4,3013.77,12.39,2.12,0.0076828576
2019-07-12,GOOGL,56.717952,56.837547,21878000,2.4,255.802,98.4,3013.77,12.39,2.12,0.0011012393
2019-07-12,NVDA,4.1592,4.164418,506392000,2.4,255.802,98.4,3013.77,12.39,2.12,0.0079987396
2019-07-15,NVDA,4.185536,4.155969,289840000,2.4,255.802,98.4,3014.3,12.68,2.09,-0.0020288737
2019-07-15,GOOGL,56.837552,57.094116,21164000,2.4,255.802,98.4,3014.3,12.68,2.09,0.0045140742
2019-07-15,AAPL,48.863764,49.13192,67789600,2.4,255.802,98.4,3014.3,12.68,2.09,0.0093950043
2019-07-16,AAPL,48.983476,48.961929,67467200,2.4,255.802,98.4,3004.04,12.86,2.13,-0.0034598799
2019-07-16,GOOGL,56.906523,57.240501,25352000,2.4,255.802,98.4,3004.04,12.86,2.13,0.0025639278
2019-07-16,NVDA,4.141063,4.15125,341444000,2.4,255.802,98.4,3004.04,12.86,2.13,-0.0011354225
2019-07-17,NVDA,4.15299,4.216596,348204000,2.4,255.802,98.4,2984.42,13.97,2.06,0.0157412264
2019-07-17,GOOGL,57.114461,56.907028,19538000,2.4,255.802,98.4,2984.42,13.97,2.06,-0.0058258261
2019-07-17,AAPL,48.854187,48.686592,56430000,2.4,255.802,98.4,2984.42,13.97,2.06,-0.0056234961
2019-07-18,AAPL,48.84222,49.239662,74162400,2.4,255.802,98.4,2995.11,13.53,2.04,0.0113598025
2019-07-18,GOOGL,56.671807,56.931843,25450000,2.4,255.802,98.4,2995.11,13.53,2.04,0.0004360552
2019-07-18,NVDA,4.227029,4.228271,442192000,2.4,255.802,98.4,2995.11,13.53,2.04,0.0027689062
2019-07-19,NVDA,4.266535,4.18504,344896000,2.4,255.802,98.4,2976.61,14.45,2.05,-0.0102241634
2019-07-19,GOOGL,57.035058,56.153221,23184000,2.4,255.802,98.4,2976.61,14.45,2.05,-0.0136763828
2019-07-19,AAPL,49.270775,48.504623,83717200,2.4,255.802,98.4,2976.61,14.45,2.05,-0.0149277782
2019-07-22,AAPL,48.758407,49.613148,89111600,2.4,255.802,98.4,2985.03,13.53,2.05,0.022853993
2019-07-22,GOOGL,56.34775,56.533348,28914000,2.4,255.802,98.4,2985.03,13.53,2.05,0.0067694594
2019-07-22,NVDA,4.206407,4.256595,315940000,2.4,255.802,98.4,2985.03,13.53,2.05,0.0170977225
2019-07-23,NVDA,4.295853,4.364427,428176000,2.4,255.802,98.4,3005.47,12.61,2.08,0.0253329132
2019-07-23,GOOGL,56.74376,56.972034,20648000,2.4,255.802,98.4,3005.47,12.61,2.08,0.0077597805
2019-07-23,AAPL,49.91004,50.001019,73420800,2.4,255.802,98.4,3005.47,12.61,2.08,0.0078179032
2019-07-24,AAPL,49.720901,49.960323,59966400,2.4,255.802,98.4,3019.56,12.07,2.05,-0.0008138872
2019-07-24,GOOGL,56.206325,56.559158,27192000,2.4,255.802,98.4,3019.56,12.07,2.05,-0.0072469964
2019-07-24,NVDA,4.407659,4.438965,366236000,2.4,255.802,98.4,3019.56,12.07,2.05,0.0170784739
2019-07-25,NVDA,4.397472,4.307778,392700000,2.4,255.802,98.4,3003.67,12.74,2.08,-0.0295535033
2019-07-25,GOOGL,56.520447,56.371078,54762000,2.4,255.802,98.4,3003.67,12.74,2.08,-0.0033253648
2019-07-25,AAPL,50.012989,49.565269,55638400,2.4,255.802,98.4,3003.67,12.74,2.08,-0.007907352
2019-07-26,AAPL,49.675407,49.737659,70475600,2.4,255.802,98.4,3025.86,12.16,2.08,0.0034780399
2019-07-26,GOOGL,60.939562,61.794106,121216000,2.4,255.802,98.4,3025.86,12.16,2.08,0.0962022935
2019-07-26,NVDA,4.334861,4.349768,274160000,2.4,255.802,98.4,3025.86,12.16,2.08,0.00974755
2019-07-29,NVDA,4.342562,4.343555,248160000,2.4,255.802,98.4,3020.97,12.83,2.06,-0.0014282856
2019-07-29,GOOGL,61.659115,61.626362,41382000,2.4,255.802,98.4,3020.97,12.83,2.06,-0.002714558
2019-07-29,AAPL,49.910045,50.202137,86693600,2.4,255.802,98.4,3020.97,12.83,2.06,0.0093385484
2019-07-30,AAPL,49.981859,49.986649,135742800,2.4,255.802,98.4,3013.18,13.94,2.06,-0.0042924156
2019-07-30,GOOGL,60.889928,60.939556,28616000,2.4,255.802,98.4,3013.18,13.94,2.06,-0.0111446742
2019-07-30,NVDA,4.297094,4.359209,197772000,2.4,255.802,98.4,3013.18,13.94,2.06,0.0036038702
2019-07-31,NVDA,4.327655,4.191997,359416000,2.4,255.802,98.4,2980.38,16.12,2.02,-0.0383584462
2019-07-31,GOOGL,60.784231,60.453232,39960000,2.4,255.802,98.4,2980.38,16.12,2.02,-0.0079804374
2019-07-31,AAPL,51.815841,51.006592,277125600,2.4,255.802,98.4,2980.38,16.12,2.02,0.0204043133
2019-08-01,AAPL,51.212489,49.902847,216071600,2.13,256.036,89.8,2953.56,17.87,1.9,-0.0216392523
2019-08-01,GOOGL,60.424946,60.13464,35426000,2.13,256.036,89.8,2953.56,17.87,1.9,-0.0052700586
2019-08-01,NVDA,4.202432,4.097582,421212000,2.13,256.036,89.8,2953.56,17.87,1.9,-0.0225224979
2019-08-02,NVDA,4.004908,4.004908,428348000,2.13,256.036,89.8,2932.05,17.61,1.86,-0.0226169298
2019-08-02,GOOGL,59.698934,59.367439,34910000,2.13,256.036,89.8,2932.05,17.61,1.86,-0.0127580455
2019-08-02,AAPL,49.208531,48.847004,163448400,2.13,256.036,89.8,2932.05,17.61,1.86,-0.0211579782
2019-08-05,AAPL,47.403284,46.289967,209572000,2.13,256.036,89.8,2844.74,24.59,1.75,-0.0523478852
2019-08-05,GOOGL,58.208691,57.304523,47840000,2.13,256.036,89.8,2844.74,24.59,1.75,-0.0347482699
2019-08-05,NVDA,3.821296,3.74651,589156000,2.13,256.036,89.8,2844.74,24.59,1.75,-0.0645201753
2019-08-06,NVDA,3.821296,3.785269,361272000,2.13,256.036,89.8,2881.77,20.17,1.73,0.0103454225
2019-08-06,GOOGL,57.838984,58.114899,36014000,2.13,256.036,89.8,2881.77,20.17,1.73,0.0141415575
2019-08-06,AAPL,47.001054,47.166256,143299200,2.13,256.036,89.8,2881.77,20.17,1.73,0.0189304385
2019-08-07,AAPL,46.785577,47.654678,133457600,2.13,256.036,89.8,2883.98,19.49,1.71,0.0103553353
2019-08-07,GOOGL,57.455876,58.354588,30686000,2.13,256.036,89.8,2883.98,19.49,1.71,0.0041243963
2019-08-07,NVDA,3.724397,3.823532,372560000,2.13,256.036,89.8,2883.98,19.49,1.71,0.010108228
2019-08-08,GOOGL,58.876645,59.857239,30116000,2.13,256.036,89.8,2938.09,16.91,1.72,0.0257503528
2019-08-08,AAPL,47.932404,48.705738,108038000,2.13,256.036,89.8,2938.09,16.91,1.72,0.0220557511
2019-08-09,AAPL,48.378881,48.304379,98478800,2.13,256.036,89.8,2918.65,17.97,1.74,-0.0082404984
2019-08-09,GOOGL,59.54956,58.999218,20418000,2.13,256.036,89.8,2918.65,17.97,1.74,-0.0143344531
2019-08-09,NVDA,3.891113,3.830737,341816000,2.13,256.036,89.8,2918.65,17.97,1.74,-0.0257803885
2019-08-12,GOOGL,58.557554,58.284615,22064000,2.13,256.036,89.8,2883.75,21.09,1.65,-0.012112083
2019-08-12,AAPL,47.975138,48.181824,89927600,2.13,256.036,89.8,2883.75,21.09,1.65,-0.002537136
2019-08-13,GOOGL,58.277171,59.387779,28434000,2.13,256.036,89.8,2926.32,17.52,1.68,0.018927202
2019-08-13,NVDA,3.761418,3.8772,351956000,2.13,256.036,89.8,2926.32,17.52,1.68,0.0303730337
2019-08-14,NVDA,3.788996,3.728621,419880000,2.13,256.036,89.8,2840.6,22.1,1.59,-0.0383212458
2019-08-14,GOOGL,58.36253,57.775963,35430000,2.13,256.036,89.8,2840.6,22.1,1.59,-0.0271405401
2019-08-14,AAPL,48.825908,48.727371,146189600,2.13,256.036,89.8,2840.6,22.1,1.59,-0.0297650845
2019-08-15,AAPL,48.898002,48.484631,108909600,2.13,256.036,89.8,2847.6,21.18,1.52,-0.0049816074
2019-08-15,GOOGL,57.983393,58.027557,28506000,2.13,256.036,89.8,2847.6,21.18,1.52,0.0043546577
2019-08-15,NVDA,3.747504,3.696322,477200000,2.13,256.036,89.8,2847.6,21.18,1.52,-0.0086624002
2019-08-16,NVDA,3.959192,3.964409,1007960000,2.13,256.036,89.8,2888.68,18.47,1.55,0.0725281528
2019-08-16,GOOGL,58.596762,58.518353,24916000,2.13,256.036,89.8,2888.68,18.47,1.55,0.0084579665
2019-08-16,AAPL,49.095082,49.62862,110481600,2.13,256.036,89.8,2888.68,18.47,1.55,0.0235948908
2019-08-19,AAPL,50.618777,50.55389,97654400,2.13,256.036,89.8,2923.65,16.88,1.6,0.0186438808
2019-08-19,GOOGL,59.14462,59.571892,24450000,2.13,256.036,89.8,2923.65,16.88,1.6,0.0180035703
2019-08-19,NVDA,4.077706,4.243179,815112000,2.13,256.036,89.8,2923.65,16.88,1.6,0.0703181038
2019-08-20,NVDA,4.237714,4.170878,463188000,2.13,256.036,89.8,2900.51,17.5,1.55,-0.0170392144
2019-08-20,GOOGL,59.319302,58.732731,20206000,2.13,256.036,89.8,2900.51,17.5,1.55,-0.0140865246
2019-08-21,AAPL,51.188377,51.104259,86141600,2.13,256.036,89.8,2924.43,15.8,1.59,0.0108386535
2019-08-21,GOOGL,59.342626,59.132214,14152000,2.13,256.036,89.8,2924.43,15.8,1.59,0.0068017053
2019-08-21,NVDA,4.236967,4.254359,427244000,2.13,256.036,89.8,2924.43,15.8,1.59,0.0200150544
2019-08-22,NVDA,4.26405,4.260572,303488000,2.13,256.036,89.8,2922.95,16.68,1.62,0.0014604288
2019-08-22,AAPL,51.236435,51.060993,89014800,2.13,256.036,89.8,2922.95,16.68,1.62,-0.000846628
2019-08-23,AAPL,50.332786,48.700932,187272000,2.13,256.036,89.8,2847.11,19.87,1.52,-0.0462204414
2019-08-23,GOOGL,58.814121,57.246468,36254000,2.13,256.036,89.8,2847.11,19.87,1.52,-0.0318416167
2019-08-23,NVDA,4.184046,4.035964,568056000,2.13,256.036,89.8,2847.11,19.87,1.52,-0.0527177916
2019-08-26,NVDA,4.114726,4.11075,318208000,2.13,256.036,89.8,2878.38,19.32,1.54,0.0185299438
2019-08-26,GOOGL,57.537758,58.119858,21166000,2.13,256.036,89.8,2878.38,19.32,1.54,0.0152566653
2019-08-26,AAPL,49.474803,49.626213,104174400,2.13,256.036,89.8,2878.38,19.32,1.54,0.0189992572
2019-08-27,AAPL,49.955471,49.066242,103493200,2.13,256.036,89.8,2869.16,20.31,1.49,-0.0112837716
2019-08-27,GOOGL,58.706439,58.102005,23460000,2.13,256.036,89.8,2869.16,20.31,1.49,-0.0003071718
2019-08-27,NVDA,4.149013,4.020063,290968000,2.13,256.036,89.8,2869.16,20.31,1.49,-0.0220610036
2019-08-28,NVDA,3.993701,4.009618,255612000,2.13,256.036,89.8,2887.94,19.35,1.47,-0.0025982474
2019-08-28,GOOGL,57.806728,58.247398,16810000,2.13,256.036,89.8,2887.94,19.35,1.47,0.0025023813
2019-08-28,AAPL,49.051819,49.395493,63755200,2.13,256.036,89.8,2887.94,19.35,1.47,0.006710323
2019-08-29,AAPL,50.109282,50.23185,83962000,2.13,256.036,89.8,2924.58,17.88,1.5,0.0169318509
2019-08-29,GOOGL,58.876154,59.264225,19636000,2.13,256.036,89.8,2924.58,17.88,1.5,0.0174570308
2019-08-29,NVDA,4.101142,4.15337,357976000,2.13,256.036,89.8,2924.58,17.88,1.5,0.0358518206
2019-08-30,NVDA,4.199628,4.166053,290616000,2.13,256.036,89.8,2926.46,18.98,1.5,0.0030536444
2019-08-30,GOOGL,59.567428,59.080109,18064000,2.13,256.036,89.8,2926.46,18.98,1.5,-0.0031067033
2019-08-30,AAPL,50.508237,50.166965,84573600,2.13,256.036,89.8,2926.46,18.98,1.5,-0.0012916941
2019-09-03,AAPL,49.611793,49.436352,80092000,2.13,256.036,89.8,2906.27,19.66,1.47,-0.0145636417
2019-09-03,GOOGL,58.649365,58.038979,25908000,2.13,256.036,89.8,2906.27,19.66,1.47,-0.0176223451
2019-09-03,NVDA,4.093181,4.082984,296140000,2.13,256.036,89.8,2906.27,19.66,1.47,-0.0199393465
2019-09-04,NVDA,4.14367,4.197141,227728000,2.13,256.036,89.8,2937.78,17.33,1.47,0.0279591374
2019-09-04,GOOGL,58.530259,58.6702,21312000,2.13,256.036,89.8,2937.78,17.33,1.47,0.0108758249
2019-09-04,AAPL,50.082846,50.275112,76752400,2.13,256.036,89.8,2937.78,17.33,1.47,0.0169664699
2019-09-05,AAPL,50.950447,51.258072,95654800,2.13,256.036,89.8,2976.0,16.27,1.57,0.0195516172
2019-09-05,GOOGL,59.235429,60.154984,26394000,2.13,256.036,89.8,2976.0,16.27,1.57,0.0253072797
2019-09-05,NVDA,4.299358,4.470219,695676000,2.13,256.036,89.8,2976.0,16.27,1.57,0.065062736
2019-09-06,NVDA,4.44684,4.44311,376976000,2.13,256.036,89.8,2978.71,15.0,1.55,-0.0060643893
2019-09-06,GOOGL,60.003627,59.863686,18972000,2.13,256.036,89.8,2978.71,15.0,1.55,-0.0048424569
2019-09-09,AAPL,51.632996,51.471973,109237600,2.13,256.036,89.8,2978.43,15.27,1.63,0.004267501
2019-09-09,GOOGL,59.901402,59.811581,31854000,2.13,256.036,89.8,2978.43,15.27,1.63,-0.0008703933
2019-09-09,NVDA,4.474198,4.48912,417524000,2.13,256.036,89.8,2978.43,15.27,1.63,0.0103554716
2019-09-10,NVDA,4.456291,4.555773,352812000,2.13,256.036,89.8,2979.39,15.2,1.72,0.014847626
2019-09-10,GOOGL,59.35602,59.832916,27922000,2.13,256.036,89.8,2979.39,15.2,1.72,0.0003567136
2019-09-10,AAPL,51.397467,52.080009,127111600,2.13,256.036,89.8,2979.39,15.2,1.72,0.0118129537
2019-09-11,AAPL,52.409262,53.735893,177158400,2.13,256.036,89.8,3000.93,14.61,1.75,0.0317949979
2019-09-11,GOOGL,59.743097,60.542557,23522000,2.13,256.036,89.8,3000.93,14.61,1.75,0.0118603696
2019-09-11,NVDA,4.570447,4.584374,361512000,2.13,256.036,89.8,3000.93,14.61,1.75,0.0062781108
2019-09-12,NVDA,4.630881,4.582881,327840000,2.13,256.036,89.8,3009.57,14.22,1.79,-0.0003257705
2019-09-12,GOOGL,60.714757,61.285446,31644000,2.13,256.036,89.8,3009.57,14.22,1.79,0.0122705324
2019-09-12,AAPL,54.026704,53.615734,128906800,2.13,256.036,89.8,3009.57,14.22,1.79,-0.0022361059
2019-09-13,AAPL,52.873104,52.572689,159053200,2.13,256.036,89.8,3007.39,13.74,1.9,-0.0194540849
2019-09-13,GOOGL,61.143522,61.536552,23676000,2.13,256.036,89.8,3007.39,13.74,1.9,0.0040973229
2019-09-13,NVDA,4.516228,4.524933,324592000,2.13,256.036,89.8,3007.39,13.74,1.9,-0.0126444725
2019-09-16,NVDA,4.449825,4.481908,231832000,2.13,256.036,89.8,2997.96,14.67,1.84,-0.0095084321
2019-09-16,GOOGL,61.060642,61.119698,28218000,2.13,256.036,89.8,2997.96,14.67,1.84,-0.0067741016
2019-09-16,AAPL,52.327543,52.849064,84632400,2.13,256.036,89.8,2997.96,14.67,1.84,0.0052570036
2019-09-17,AAPL,52.863496,53.04134,73274800,2.13,256.036,89.8,3005.7,14.44,1.81,0.0036382102
2019-09-17,GOOGL,61.119694,61.032848,20806000,2.13,256.036,89.8,3005.7,14.44,1.81,-0.0014209693
2019-09-17,NVDA,4.488623,4.503296,223048000,2.13,256.036,89.8,3005.7,14.44,1.81,0.0047721933
2019-09-18,NVDA,4.496333,4.476188,258152000,2.13,256.036,89.8,3006.73,13.95,1.8,-0.0060197391
2019-09-18,GOOGL,61.05072,61.170315,17440000,2.13,256.036,89.8,3006.73,13.95,1.8,0.0022523352
2019-09-18,AAPL,53.127852,53.538822,101360000,2.13,256.036,89.8,3006.73,13.95,1.8,0.0093791428
2019-09-19,AAPL,53.356167,53.103821,88242400,2.13,256.036,89.8,3006.79,14.05,1.79,-0.0081249709
2019-09-19,GOOGL,61.153942,61.47303,16554000,2.13,256.036,89.8,3006.79,14.05,1.79,0.0049487288
2019-09-19,NVDA,4.482156,4.400581,245476000,2.13,256.036,89.8,3006.79,14.05,1.79,-0.0168908964
2019-09-20,NVDA,4.399588,4.294883,350244000,2.13,256.036,89.8,2992.07,15.32,1.74,-0.0240190181
2019-09-20,GOOGL,61.219446,61.030872,37692000,2.13,256.036,89.8,2992.07,15.32,1.74,-0.0071927111
2019-09-20,AAPL,53.204756,52.327541,221652400,2.13,256.036,89.8,2992.07,15.32,1.74,-0.0146181468
2019-09-23,AAPL,52.620758,52.565483,76662000,2.13,256.036,89.8,2991.78,14.91,1.72,0.0045471607
2019-09-23,GOOGL,60.868592,61.271549,20798000,2.13,256.036,89.8,2991.78,14.91,1.72,0.0039435268
2019-09-23,NVDA,4.29513,4.348352,249712000,2.13,256.036,89.8,2991.78,14.91,1.72,0.0124495075
2019-09-24,NVDA,4.379691,4.290903,317268000,2.13,256.036,89.8,2966.6,17.05,1.64,-0.013211749
2019-09-24,GOOGL,61.535061,60.459686,35804000,2.13,256.036,89.8,2966.6,17.05,1.64,-0.0132502435
2019-09-24,AAPL,53.12064,52.315525,124763200,2.13,256.036,89.8,2966.6,17.05,1.64,-0.0047551744
2019-09-25,AAPL,52.524613,53.120636,87613600,2.13,256.036,89.8,2984.87,15.96,1.73,0.0153895221
2019-09-25,GOOGL,60.344547,61.829826,26798000,2.13,256.036,89.8,2984.87,15.96,1.73,0.0226620441
2019-09-25,NVDA,4.290407,4.432666,308432000,2.13,256.036,89.8,2984.87,15.96,1.73,0.0330380825
2019-09-26,NVDA,4.422966,4.41053,234564000,2.13,256.036,89.8,2977.62,16.07,1.7,-0.0049938818
2019-09-26,GOOGL,61.641257,61.648701,23166000,2.13,256.036,89.8,2977.62,16.07,1.7,-0.0029294218
2019-09-26,AAPL,52.873097,52.846661,75334000,2.13,256.036,89.8,2977.62,16.07,1.7,-0.0051576072
2019-09-27,AAPL,53.002876,52.589508,101408000,2.13,256.036,89.8,2961.79,17.22,1.69,-0.0048660134
2019-09-27,GOOGL,61.675495,60.837826,34122000,2.13,256.036,89.8,2961.79,17.22,1.69,-0.0131531554
2019-09-27,NVDA,4.368747,4.271752,362056000,2.13,256.036,89.8,2961.79,17.22,1.69,-0.0314650915
2019-09-30,NVDA,4.297618,4.329203,186184000,2.13,256.036,89.8,2976.74,16.24,1.68,0.0134489939
2019-09-30,GOOGL,60.572327,60.599125,24470000,2.13,256.036,89.8,2976.74,16.24,1.68,-0.0039235601
2019-09-30,AAPL,53.089399,53.827221,103909600,2.13,256.036,89.8,2976.74,16.24,1.68,0.0235353573
2019-10-01,AAPL,54.091581,53.976219,139223200,1.83,257.155,95.5,2940.25,18.56,1.65,0.0027680838
2019-10-01,GOOGL,60.666123,59.847805,24504000,1.83,257.155,95.5,2940.25,18.56,1.65,-0.0123981969
2019-10-01,NVDA,4.352333,4.327462,366008000,1.83,257.155,95.5,2940.25,18.56,1.65,-0.0004021369
2019-10-02,NVDA,4.305576,4.303586,293372000,1.83,257.155,95.5,2887.61,20.56,1.6,-0.0055172552
2019-10-02,GOOGL,59.376368,58.454334,33030000,1.83,257.155,95.5,2887.61,20.56,1.6,-0.0232835735
2019-10-02,AAPL,53.608525,52.623165,138449200,1.83,257.155,95.5,2887.61,20.56,1.6,-0.0250675958
2019-10-03,AAPL,52.495774,53.070171,114426000,1.83,257.155,95.5,2910.63,19.12,1.54,0.0084944762
2019-10-03,GOOGL,58.723307,59.025524,28368000,1.83,257.155,95.5,2910.63,19.12,1.54,0.0097715574
2019-10-03,NVDA,4.308064,4.509266,450588000,1.83,257.155,95.5,2910.63,19.12,1.54,0.0477925603
2019-10-04,NVDA,4.511503,4.52568,265524000,1.83,257.155,95.5,2952.01,17.04,1.52,0.0036399913
2019-10-04,GOOGL,59.266695,60.093945,24282000,1.83,257.155,95.5,2952.01,17.04,1.52,0.0181009898
2019-10-04,AAPL,54.228573,54.557827,138478800,1.83,257.155,95.5,2952.01,17.04,1.52,0.0280318605
2019-10-07,AAPL,54.379994,54.569855,122306000,1.83,257.155,95.5,2938.79,17.86,1.56,0.0002204586
2019-10-07,GOOGL,59.897426,59.959457,17040000,1.83,257.155,95.5,2938.79,17.86,1.56,-0.0022379485
2019-10-07,NVDA,4.590592,4.584374,480984000,1.83,257.155,95.5,2938.79,17.86,1.56,0.0129692874
2019-10-08,NVDA,4.492603,4.407794,444436000,1.83,257.155,95.5,2893.06,20.28,1.54,-0.0385177858
2019-10-08,GOOGL,59.48902,59.060261,20086000,1.83,257.155,95.5,2893.06,20.28,1.54,-0.0149967439
2019-10-08,AAPL,54.271836,53.930561,111820000,1.83,257.155,95.5,2893.06,20.28,1.54,-0.0117151433
2019-10-09,AAPL,54.56263,54.56263,74770400,1.83,257.155,95.5,2919.4,18.64,1.59,0.0117200456
2019-10-09,GOOGL,59.616059,59.669155,15948000,1.83,257.155,95.5,2919.4,18.64,1.59,0.0103097132
2019-10-09,NVDA,4.484642,4.494342,292412000,1.83,257.155,95.5,2919.4,18.64,1.59,0.0196350749
2019-10-10,NVDA,4.492104,4.552042,309124000,1.83,257.155,95.5,2938.13,17.57,1.67,0.0128383997
2019-10-10,GOOGL,59.480585,60.020008,12842000,1.83,257.155,95.5,2938.13,17.57,1.67,0.0058799721
2019-10-10,AAPL,54.778935,55.298054,113013600,1.83,257.155,95.5,2938.13,17.57,1.67,0.01347853
2019-10-11,AAPL,55.985405,56.76889,166795600,1.83,257.155,95.5,2970.27,15.58,1.76,0.0265983437
2019-10-11,GOOGL,60.742547,60.329666,22330000,1.83,257.155,95.5,2970.27,15.58,1.76,0.0051592471
2019-10-11,NVDA,4.636105,4.62566,446404000,1.83,257.155,95.5,2970.27,15.58,1.76,0.0161725079
2019-10-14,NVDA,4.616954,4.639089,200040000,1.83,257.155,95.5,2966.15,14.57,1.76,0.002903189
2019-10-14,GOOGL,60.239351,60.431896,13296000,1.83,257.155,95.5,2966.15,14.57,1.76,0.0016945241
2019-10-14,AAPL,56.454057,56.68718,96427600,1.83,257.155,95.5,2966.15,14.57,1.76,-0.001439359
2019-10-15,AAPL,56.812146,56.554993,87360000,1.83,257.155,95.5,2995.68,13.54,1.77,-0.0023318657
2019-10-15,GOOGL,60.616991,61.646214,27584000,1.83,257.155,95.5,2995.68,13.54,1.77,0.0200939801
2019-10-15,NVDA,4.72937,4.883815,664124000,1.83,257.155,95.5,2995.68,13.54,1.77,0.0527529648
2019-10-16,NVDA,4.849741,4.830093,428944000,1.83,257.155,95.5,2989.69,13.68,1.75,-0.0109998905
2019-10-16,GOOGL,61.624878,61.683933,22986000,1.83,257.155,95.5,2989.69,13.68,1.75,0.0006118742
2019-10-16,AAPL,56.086343,56.326675,73903200,1.83,257.155,95.5,2989.69,13.68,1.75,-0.0040370841
2019-10-17,AAPL,56.499716,56.54538,67585200,1.83,257.155,95.5,2997.95,13.79,1.76,0.0038827824
2019-10-17,GOOGL,62.100787,62.170261,20958000,1.83,257.155,95.5,2997.95,13.79,1.76,0.0078841945
2019-10-17,NVDA,4.874613,4.832084,263436000,1.83,257.155,95.5,2997.95,13.79,1.76,0.0004121649
2019-10-18,NVDA,4.832582,4.737576,307440000,1.83,257.155,95.5,2986.2,14.25,1.76,-0.0195583708
2019-10-18,GOOGL,62.264052,61.753906,31624000,1.83,257.155,95.5,2986.2,14.25,1.76,-0.0066970144
2019-10-18,AAPL,56.379538,56.816944,97433600,1.83,257.155,95.5,2986.2,14.25,1.76,0.0048025937
2019-10-21,AAPL,57.083739,57.80233,87247200,1.83,257.155,95.5,3006.72,14.0,1.8,0.0173431695
2019-10-21,GOOGL,61.966799,61.747456,18094000,1.83,257.155,95.5,3006.72,14.0,1.8,-0.0001044574
2019-10-21,NVDA,4.799007,4.874862,261868000,1.83,257.155,95.5,3006.72,14.0,1.8,0.0289779454
2019-10-22,NVDA,4.931814,4.864913,328720000,1.83,257.155,95.5,2995.99,14.46,1.78,-0.0020408231
2019-10-22,GOOGL,61.757376,61.594608,22862000,1.83,257.155,95.5,2995.99,14.46,1.78,-0.0024753618
2019-10-22,AAPL,57.958541,57.670143,82293600,1.83,257.155,95.5,2995.99,14.46,1.78,-0.0022868782
2019-10-23,AAPL,58.184445,58.444,75828800,1.83,257.155,95.5,3004.52,14.01,1.77,0.0134186786
2019-10-23,GOOGL,61.545476,62.409943,21282000,1.83,257.155,95.5,3004.52,14.01,1.77,0.0132371054
2019-10-23,NVDA,4.782841,4.851981,279916000,1.83,257.155,95.5,3004.52,14.01,1.77,-0.0026582799
2019-10-24,NVDA,4.893266,4.896002,232020000,1.83,257.155,95.5,3010.29,13.71,1.77,0.0090729146
2019-10-24,GOOGL,62.483398,62.483398,20224000,1.83,257.155,95.5,3010.29,13.71,1.77,0.0011769889
2019-10-24,AAPL,58.763657,58.54015,69275200,1.83,257.155,95.5,3010.29,13.71,1.77,0.0016451551
2019-10-25,AAPL,58.439207,59.261143,73477200,1.83,257.155,95.5,3022.55,12.65,1.8,0.0123162145
2019-10-25,GOOGL,62.130558,62.740948,27104000,1.83,257.155,95.5,3022.55,12.65,1.8,0.0041218834
2019-10-25,NVDA,4.976581,5.087006,423092000,1.83,257.155,95.5,3022.55,12.65,1.8,0.0390121957
2019-10-28,NVDA,5.130777,5.142964,330792000,1.83,257.155,95.5,3039.42,13.11,1.85,0.0110002367
2019-10-28,GOOGL,63.271931,63.965687,65428000,1.83,257.155,95.5,3039.42,13.11,1.85,0.0195205702
2019-10-28,AAPL,59.463005,59.854748,96572800,1.83,257.155,95.5,3039.42,13.11,1.85,0.0100167667
2019-10-29,AAPL,59.835533,58.470444,142839600,1.83,257.155,95.5,3036.89,13.2,1.84,-0.0231277233
2019-10-29,GOOGL,63.321561,62.560314,52654000,1.83,257.155,95.5,3036.89,13.2,1.84,-0.0219707267
2019-10-29,NVDA,5.129038,5.046717,211236000,1.83,257.155,95.5,3036.89,13.2,1.84,-0.0187144351
2019-10-30,NVDA,5.073576,5.048706,205960000,1.83,257.155,95.5,3046.77,12.33,1.78,0.0003940954
2019-10-30,AAPL,58.823725,58.463226,124522000,1.83,257.155,95.5,3046.77,12.33,1.78,-0.0001234368
2019-10-31,AAPL,59.419766,59.785069,139162000,1.83,257.155,95.5,3037.56,13.22,1.69,0.0226098058
2019-10-31,GOOGL,62.527561,62.46801,31904000,1.83,257.155,95.5,3037.56,13.22,1.69,-0.0015071037
2019-11-01,NVDA,4.964147,5.03851,283640000,1.55,257.879,96.8,3066.91,12.3,1.73,0.0078104799
2019-11-01,GOOGL,62.815384,63.135464,28812000,1.55,257.879,96.8,3066.91,12.3,1.73,0.0106847291
2019-11-01,AAPL,59.972514,61.481804,151125200,1.55,257.879,96.8,3066.91,12.3,1.73,0.0283805877
2019-11-04,AAPL,61.844703,61.885563,103272000,1.55,257.879,96.8,3078.27,12.83,1.79,0.0065671301
2019-11-04,GOOGL,63.327022,63.99696,30632000,1.55,257.879,96.8,3078.27,12.83,1.79,0.0136451991
2019-11-04,NVDA,5.119586,5.235234,376716000,1.55,257.879,96.8,3078.27,12.83,1.79,0.0390440714
2019-11-05,NVDA,5.234986,5.2131,300868000,1.55,257.879,96.8,3074.62,13.1,1.86,-0.0042278584
2019-11-05,GOOGL,64.075865,64.087776,25148000,1.55,257.879,96.8,3074.62,13.1,1.86,0.0014190752
2019-11-05,AAPL,61.777419,61.79665,79897600,1.55,257.879,96.8,3074.62,13.1,1.86,-0.0014367319
2019-11-06,AAPL,61.710118,61.823074,75864400,1.55,257.879,96.8,3076.78,12.62,1.81,0.0004276026
2019-11-06,GOOGL,64.020776,64.066429,24626000,1.55,257.879,96.8,3076.78,12.62,1.81,-0.0003330908
2019-11-06,NVDA,5.188976,5.163857,269012000,1.55,257.879,96.8,3076.78,12.62,1.81,-0.009446006
2019-11-07,NVDA,5.250405,5.181514,280340000,1.55,257.879,96.8,3085.18,12.73,1.92,0.0034193052
2019-11-07,GOOGL,64.228708,64.856964,45140000,1.55,257.879,96.8,3085.18,12.73,1.92,0.0123393013
2019-11-07,AAPL,62.370263,62.536591,94940400,1.55,257.879,96.8,3085.18,12.73,1.92,0.011541261
2019-11-08,AAPL,62.358225,62.707756,69986400,1.55,257.879,96.8,3093.08,12.07,1.94,0.0027370451
2019-11-08,GOOGL,64.587994,64.95919,30392000,1.55,257.879,96.8,3093.08,12.07,1.94,0.0015761801
2019-11-08,NVDA,5.164603,5.167587,189100000,1.55,257.879,96.8,3093.08,12.07,1.94,-0.0026877292
2019-11-11,NVDA,5.16684,5.177535,243436000,1.55,257.879,96.8,3087.01,12.69,1.94,0.0019250331
2019-11-11,GOOGL,64.711066,64.427216,17234000,1.55,257.879,96.8,3087.01,12.69,1.94,-0.0081893692
2019-11-11,AAPL,62.264207,63.204323,81821200,1.55,257.879,96.8,3087.01,12.69,1.94,0.0079187457
2019-11-12,AAPL,63.047621,63.146454,87388800,1.55,257.879,96.8,3091.84,12.68,1.92,-0.0009155854
2019-11-12,GOOGL,64.441591,64.3741,28852000,1.55,257.879,96.8,3091.84,12.68,1.92,-0.0008244318
2019-11-12,NVDA,5.215836,5.2131,283504000,1.55,257.879,96.8,3091.84,12.68,1.92,0.0068690794
2019-11-13,NVDA,5.181763,5.187235,300188000,1.55,257.879,96.8,3094.04,13.0,1.88,-0.0049615542
2019-11-13,GOOGL,64.174121,64.322998,20538000,1.55,257.879,96.8,3094.04,13.0,1.88,-0.0007938237
2019-11-13,AAPL,62.946395,63.751514,102734400,1.55,257.879,96.8,3094.04,13.0,1.88,0.0095818615
2019-11-14,AAPL,63.577934,63.310368,89182800,1.55,257.879,96.8,3096.63,13.05,1.82,-0.0069197862
2019-11-14,GOOGL,64.264423,64.966614,28948000,1.55,257.879,96.8,3096.63,13.05,1.82,0.010005997
2019-11-14,NVDA,5.196188,5.217577,518080000,1.55,257.879,96.8,3096.63,13.05,1.82,0.0058493789
2019-11-15,NVDA,5.215337,5.078301,1053628000,1.55,257.879,96.8,3120.46,12.05,1.84,-0.0266935306
2019-11-15,GOOGL,65.25942,66.176987,39286000,1.55,257.879,96.8,3120.46,12.05,1.84,0.0186306913
2019-11-15,AAPL,63.561066,64.062462,100206400,1.55,257.879,96.8,3120.46,12.05,1.84,0.0118794804
2019-11-18,AAPL,64.072108,64.385483,86703200,1.55,257.879,96.8,3122.03,12.46,1.81,0.005042281
2019-11-18,GOOGL,66.117429,65.497116,27984000,1.55,257.879,96.8,3122.03,12.46,1.81,-0.0102735201
2019-11-18,NVDA,5.070841,5.279505,574588000,1.55,257.879,96.8,3122.03,12.46,1.81,0.0396202055
2019-11-19,NVDA,5.248416,5.172809,414564000,1.55,257.879,96.8,3120.18,12.86,1.79,-0.0202094053
2019-11-19,GOOGL,65.834084,65.137352,21864000,1.55,257.879,96.8,3120.18,12.86,1.79,-0.0054928235
2019-11-19,AAPL,64.578324,64.190231,76167200,1.55,257.879,96.8,3120.18,12.86,1.79,-0.0030325386
2019-11-20,AAPL,64.009429,63.442951,106234400,1.55,257.879,96.8,3108.46,12.78,1.73,-0.0116416487
2019-11-20,GOOGL,65.076302,64.604866,28892000,1.55,257.879,96.8,3108.46,12.78,1.73,-0.0081748175
2019-11-20,NVDA,5.14993,5.252147,472588000,1.55,257.879,96.8,3108.46,12.78,1.73,0.015337522
2019-11-21,NVDA,5.24767,5.227276,288388000,1.55,257.879,96.8,3103.54,13.13,1.77,-0.0047354631
2019-11-21,GOOGL,64.47534,64.519508,25546000,1.55,257.879,96.8,3103.54,13.13,1.77,-0.0013212266
2019-11-21,AAPL,63.563496,63.158527,121395200,1.55,257.879,96.8,3103.54,13.13,1.77,-0.0044831431
2019-11-22,AAPL,63.298326,63.103073,65325200,1.55,257.879,96.8,3110.29,12.34,1.77,-0.0008780169
2019-11-22,GOOGL,64.661426,64.198425,27776000,1.55,257.879,96.8,3110.29,12.34,1.77,-0.0049765269
2019-11-22,NVDA,5.249909,5.244935,224100000,1.55,257.879,96.8,3110.29,12.34,1.77,0.0033782773
2019-11-25,NVDA,5.373018,5.501598,506476000,1.55,257.879,96.8,3133.64,11.87,1.76,0.0489354626
2019-11-25,GOOGL,64.326973,64.79245,23590000,1.55,257.879,96.8,3133.64,11.87,1.76,0.0092529475
2019-11-25,AAPL,63.32723,64.209488,84020400,1.55,257.879,96.8,3133.64,11.87,1.76,0.0175334534
2019-11-26,AAPL,64.346902,63.708111,105207600,1.55,257.879,96.8,3140.52,11.54,1.74,-0.0078084583
2019-11-26,GOOGL,65.004348,65.157692,21910000,1.55,257.879,96.8,3140.52,11.54,1.74,0.0056371075
2019-11-26,NVDA,5.48394,5.396894,385244000,1.55,257.879,96.8,3140.52,11.54,1.74,-0.0190317159
2019-11-27,NVDA,5.442439,5.431736,215784000,1.55,257.879,96.8,3153.63,11.75,1.77,0.0064561155
2019-11-27,GOOGL,65.277789,65.114517,18808000,1.55,257.879,96.8,3153.63,11.75,1.77,-0.0006626193
2019-11-27,AAPL,64.019066,64.56385,65235600,1.55,257.879,96.8,3153.63,11.75,1.77,0.0134321923
2019-11-29,AAPL,64.264932,64.421616,46617600,1.55,257.879,96.8,3140.98,12.62,1.78,-0.0022030099
2019-11-29,GOOGL,64.840085,64.715523,12802000,1.55,257.879,96.8,3140.98,12.62,1.78,-0.0061275805
2019-11-29,NVDA,5.400874,5.394403,141556000,1.55,257.879,96.8,3140.98,12.62,1.78,-0.0068732142
2019-12-02,NVDA,5.387436,5.207987,372036000,1.55,257.879,96.8,3113.87,14.91,1.83,-0.0345572389
2019-12-02,GOOGL,64.639593,63.959732,26538000,1.55,257.879,96.8,3113.87,14.91,1.83,-0.0116786619
2019-12-02,AAPL,64.426466,63.676792,94487200,1.55,257.879,96.8,3113.87,14.91,1.83,-0.011561701
2019-12-03,AAPL,62.266611,62.541416,114430400,1.55,257.879,96.8,3093.2,15.96,1.72,-0.0178302948
2019-12-03,GOOGL,63.453562,64.251534,25270000,1.55,257.879,96.8,3093.2,15.96,1.72,0.0045622682
2019-12-03,NVDA,5.024307,5.168413,465232000,1.55,257.879,96.8,3093.2,15.96,1.72,-0.0075987409
2019-12-04,NVDA,5.25204,5.212218,273424000,1.55,257.879,96.8,3112.76,14.8,1.77,0.0084755458
2019-12-04,GOOGL,64.81527,65.452454,35506000,1.55,257.879,96.8,3112.76,14.8,1.77,0.0186909174
2019-12-04,AAPL,62.931931,63.093433,67181600,1.55,257.879,96.8,3112.76,14.8,1.77,0.0088264265
2019-12-05,AAPL,63.58757,64.019051,74424400,1.55,257.879,96.8,3117.43,14.52,1.8,0.0146705793
2019-12-05,GOOGL,65.852433,65.850449,24408000,1.55,257.879,96.8,3117.43,14.52,1.8,0.0060806734
2019-12-05,NVDA,5.234121,5.195295,184884000,1.55,257.879,96.8,3117.43,14.52,1.8,-0.0032468762
2019-12-06,NVDA,5.264485,5.280662,232236000,1.55,257.879,96.8,3145.91,13.62,1.84,0.0164316377
2019-12-06,GOOGL,66.137774,66.467285,32968000,1.55,257.879,96.8,3145.91,13.62,1.84,0.0093672338
2019-12-06,AAPL,64.477062,65.255661,106075600,1.55,257.879,96.8,3145.91,13.62,1.84,0.0193162879
2019-12-09,AAPL,65.084529,64.342087,128042400,1.55,257.879,96.8,3135.96,15.86,1.83,-0.0139999228
2019-12-09,GOOGL,66.440986,66.645935,30842000,1.55,257.879,96.8,3135.96,15.86,1.83,0.002687787
2019-12-09,NVDA,5.257765,5.280662,211880000,1.55,257.879,96.8,3135.96,15.86,1.83,0.0
2019-12-10,NVDA,5.310778,5.325711,256388000,1.55,257.879,96.8,3132.52,15.68,1.85,0.008530974
2019-12-10,AAPL,64.74705,64.718124,90420400,1.55,257.879,96.8,3132.52,15.68,1.85,0.0058443488
2019-12-11,GOOGL,66.909454,66.708473,20480000,1.55,257.879,96.8,3141.63,14.99,1.79,0.0010127345
2019-12-11,NVDA,5.336163,5.409336,233796000,1.55,257.879,96.8,3141.63,14.99,1.79,0.0157020084
2019-12-12,NVDA,5.380465,5.576838,404348000,1.55,257.879,96.8,3168.57,13.94,1.9,0.0309653418
2019-12-12,GOOGL,66.656856,66.918877,29114000,1.55,257.879,96.8,3168.57,13.94,1.9,0.0031540737
2019-12-12,AAPL,64.549379,65.436455,137310400,1.55,257.879,96.8,3168.57,13.94,1.9,0.0025483087
2019-12-13,AAPL,65.436454,66.325943,133587600,1.55,257.879,96.8,3168.8,12.63,1.82,0.0135931603
2019-12-13,GOOGL,66.88959,66.838478,33170000,1.55,257.879,96.8,3168.8,12.63,1.82,-0.0012014332
2019-12-13,NVDA,5.579826,5.574848,454704000,1.55,257.879,96.8,3168.8,12.63,1.82,-0.0003568046
2019-12-16,NVDA,5.622387,5.60372,320976000,1.55,257.879,96.8,3191.45,12.14,1.89,0.0051789779
2019-12-16,GOOGL,67.241944,67.524811,28128000,1.55,257.879,96.8,3191.45,12.14,1.89,0.0102685268
2019-12-16,AAPL,66.771909,67.461319,128186000,1.55,257.879,96.8,3191.45,12.14,1.89,0.0171181279
2019-12-17,AAPL,67.391433,67.593918,114158400,1.55,257.879,96.8,3192.52,12.29,1.89,0.0019655542
2019-12-17,GOOGL,67.609661,67.236481,32948000,1.55,257.879,96.8,3192.52,12.29,1.89,-0.0042699872
2019-12-17,NVDA,5.622386,5.68187,321196000,1.55,257.879,96.8,3192.52,12.29,1.89,0.0139461423
2019-12-18,NVDA,5.716713,5.712234,343548000,1.55,257.879,96.8,3191.14,12.58,1.92,0.0053439378
2019-12-18,GOOGL,67.341185,67.088593,23330000,1.55,257.879,96.8,3191.14,12.58,1.92,-0.002199523
2019-12-18,AAPL,67.446843,67.432381,116028400,1.55,257.879,96.8,3191.14,12.58,1.92,-0.0023898181
2019-12-19,AAPL,67.374525,67.49987,98369200,1.55,257.879,96.8,3205.37,12.5,1.92,0.0010008489
2019-12-19,GOOGL,67.08859,67.313393,28922000,1.55,257.879,96.8,3205.37,12.5,1.92,0.0033507948
2019-12-19,NVDA,5.74683,5.860323,445360000,1.55,257.879,96.8,3205.37,12.5,1.92,0.025924957
2019-12-20,NVDA,5.926774,5.957636,603044000,1.55,257.879,96.8,3221.22,12.51,1.92,0.0166054678
2019-12-20,GOOGL,67.643907,67.054359,50090000,1.55,257.879,96.8,3221.22,12.51,1.92,-0.0038481674
2019-12-20,AAPL,68.032635,67.360092,275978000,1.55,257.879,96.8,3221.22,12.51,1.92,-0.0020707912
2019-12-23,AAPL,67.622832,68.45929,98572000,1.55,257.879,96.8,3224.01,12.61,1.93,0.0163182287
2019-12-23,GOOGL,67.427047,67.025085,19936000,1.55,257.879,96.8,3224.01,12.61,1.93,-0.000436571
2019-12-23,NVDA,5.986259,5.943948,355060000,1.55,257.879,96.8,3224.01,12.61,1.93,-0.0022975702
2019-12-24,NVDA,5.928518,5.938972,138864000,1.55,257.879,96.8,3223.38,12.67,1.9,-0.0008372801
2019-12-24,GOOGL,67.004234,66.7174,13468000,1.55,257.879,96.8,3223.38,12.67,1.9,-0.0045906074
2019-12-24,AAPL,68.625622,68.524376,48478800,1.55,257.879,96.8,3223.38,12.67,1.9,0.0009507309
2019-12-26,AAPL,68.656978,69.883942,93121200,1.55,257.879,96.8,3239.91,12.65,1.9,0.0198406146
2019-12-26,GOOGL,66.822604,67.612633,23662000,1.55,257.879,96.8,3239.91,12.65,1.9,0.0134182861
2019-12-26,NVDA,5.942455,5.953158,182852000,1.55,257.879,96.8,3239.91,12.65,1.9,0.0023886934
2019-12-27,NVDA,5.968341,5.895417,254644000,1.55,257.879,96.8,3240.02,13.43,1.88,-0.0096992497
2019-12-27,GOOGL,67.68856,67.224075,23212000,1.55,257.879,96.8,3240.02,13.43,1.88,-0.0057468171
2019-12-27,AAPL,70.175599,69.857407,146266000,1.55,257.879,96.8,3240.02,13.43,1.88,-0.0003797015
2019-12-30,AAPL,69.775425,70.271996,144114400,1.55,257.879,96.8,3221.29,14.82,1.9,0.0059347884
2019-12-30,GOOGL,67.331761,66.48317,19994000,1.55,257.879,96.8,3221.29,14.82,1.9,-0.0110214348
2019-12-30,NVDA,5.873515,5.782173,258056000,1.55,257.879,96.8,3221.29,14.82,1.9,-0.0192088298
2019-12-31,NVDA,5.746829,5.85634,231004000,1.55,257.879,96.8,3230.78,13.78,1.92,0.0128268829
2019-12-31,GOOGL,66.288635,66.467285,19514000,1.55,257.879,96.8,3230.78,13.78,1.92,-0.0002389236
2019-12-31,AAPL,69.888733,70.785454,100805600,1.55,257.879,96.8,3230.78,13.78,1.92,0.0073067265
2020-01-02,AAPL,71.40977,72.400505,135480400,1.55,259.127,99.8,3257.85,12.47,1.88,0.0228161463
2020-01-02,GOOGL,66.914918,67.920815,27278000,1.55,259.127,99.8,3257.85,12.47,1.88,0.0218683425
2020-01-02,NVDA,5.942207,5.971077,237536000,1.55,259.127,99.8,3257.85,12.47,1.88,0.0195920169
2020-01-03,NVDA,5.851362,5.875504,205384000,1.55,259.127,99.8,3234.85,14.02,1.8,-0.0160060602
2020-01-03,GOOGL,66.894565,67.565491,23408000,1.55,259.127,99.8,3234.85,14.02,1.8,-0.0052314418
2020-01-03,AAPL,71.62916,71.696655,146322800,1.55,259.127,99.8,3234.85,14.02,1.8,-0.0097216144
2020-01-06,AAPL,70.819216,72.267944,118387200,1.55,259.127,99.8,3246.28,13.85,1.81,0.0079681411
2020-01-06,GOOGL,67.074696,69.366386,46768000,1.55,259.127,99.8,3246.28,13.85,1.81,0.0266540755
2020-01-06,NVDA,5.782172,5.900145,262636000,1.55,259.127,99.8,3246.28,13.85,1.81,0.0041937781
2020-01-07,NVDA,5.928517,5.971575,314856000,1.55,259.127,99.8,3237.18,13.79,1.83,0.012106518
2020-01-07,GOOGL,69.497902,69.232407,34330000,1.55,259.127,99.8,3237.18,13.79,1.83,-0.0019314801
2020-01-07,AAPL,72.277578,71.928055,108872000,1.55,259.127,99.8,3237.18,13.79,1.83,-0.0047031852
2020-01-08,AAPL,71.631544,73.085098,132079200,1.55,259.127,99.8,3253.05,13.45,1.87,0.0160861219
2020-01-08,GOOGL,69.218004,69.725174,35314000,1.55,259.127,99.8,3253.05,13.45,1.87,0.007117582
2020-01-08,NVDA,5.967345,5.982776,277108000,1.55,259.127,99.8,3253.05,13.45,1.87,0.0018757037
2020-01-09,NVDA,6.06914,6.048482,255112000,1.55,259.127,99.8,3274.7,12.54,1.85,0.0109826497
2020-01-09,GOOGL,70.563338,70.457146,33200000,1.55,259.127,99.8,3274.7,12.54,1.85,0.010497955
2020-01-09,AAPL,74.061382,74.637505,170108400,1.55,259.127,99.8,3274.7,12.54,1.85,0.0212410785
2020-01-10,AAPL,74.871326,74.806236,140644800,1.55,259.127,99.8,3265.35,12.56,1.83,0.0022606824
2020-01-10,GOOGL,70.937522,70.912209,26258000,1.55,259.127,99.8,3265.35,12.56,1.83,0.0064587184
2020-01-10,NVDA,6.155752,6.080836,316296000,1.55,259.127,99.8,3265.35,12.56,1.83,0.0053490902
2020-01-13,NVDA,6.163966,6.271485,319840000,1.55,259.127,99.8,3288.13,12.32,1.85,0.0313524363
2020-01-13,GOOGL,71.224357,71.461571,30730000,1.55,259.127,99.8,3288.13,12.32,1.85,0.0077470748
2020-01-13,AAPL,75.122003,76.404404,121532000,1.55,259.127,99.8,3288.13,12.32,1.85,0.0213640934
2020-01-14,AAPL,76.341745,75.372704,161954400,1.55,259.127,99.8,3283.15,12.39,1.82,-0.0135031501
2020-01-14,GOOGL,71.460064,70.993095,26076000,1.55,259.127,99.8,3283.15,12.39,1.82,-0.0065556261
2020-01-14,NVDA,6.228677,6.154509,359088000,1.55,259.127,99.8,3283.15,12.39,1.82,-0.0186520824
2020-01-15,NVDA,6.1672,6.111947,263104000,1.55,259.127,99.8,3289.29,12.42,1.79,-0.0069155813
2020-01-15,GOOGL,71.113683,71.420364,21550000,1.55,259.127,99.8,3289.29,12.42,1.79,0.0060184583
2020-01-15,AAPL,75.172645,75.049706,121923600,1.55,259.127,99.8,3289.29,12.42,1.79,-0.0042853451
2020-01-16,AAPL,75.592055,75.989792,108829200,1.55,259.127,99.8,3316.81,12.32,1.81,0.0125261833
2020-01-16,GOOGL,71.730526,71.964264,26080000,1.55,259.127,99.8,3316.81,12.32,1.81,0.0076154685
2020-01-16,NVDA,6.165459,6.195575,284192000,1.55,259.127,99.8,3316.81,12.32,1.81,0.0136826612
2020-01-17,NVDA,6.214739,6.204286,253792000,1.55,259.127,99.8,3329.62,12.1,1.84,0.0014060581
2020-01-17,GOOGL,72.578617,73.421249,52424000,1.55,259.127,99.8,3329.62,12.1,1.84,0.0202459581
2020-01-17,AAPL,76.238095,76.831093,137816400,1.55,259.127,99.8,3329.62,12.1,1.84,0.0110712366
2020-01-21,AAPL,76.459862,76.31041,110843200,1.55,259.127,99.8,3320.79,12.85,1.78,-0.0067769866
2020-01-21,GOOGL,73.395437,73.556725,48930000,1.55,259.127,99.8,3320.79,12.85,1.78,0.0018451764
2020-01-22,NVDA,6.216232,6.224943,239240000,1.55,259.127,99.8,3321.75,12.91,1.77,0.0087519972
2020-01-22,GOOGL,73.927925,73.637115,28458000,1.55,259.127,99.8,3321.75,12.91,1.77,0.0010929107
2020-01-22,AAPL,76.794938,76.582817,101832400,1.55,259.127,99.8,3321.75,12.91,1.77,0.0035697297
2020-01-23,AAPL,76.635834,76.951614,104472000,1.55,259.127,99.8,3325.54,12.98,1.74,0.0048156664
2020-01-23,GOOGL,73.819744,73.677811,26650000,1.55,259.127,99.8,3325.54,12.98,1.74,0.0005526451
2020-01-23,NVDA,6.265014,6.293386,244516000,1.55,259.127,99.8,3325.54,12.98,1.74,0.0109950078
2020-01-24,NVDA,6.408871,6.234152,373512000,1.55,259.127,99.8,3295.47,14.56,1.7,-0.0094122011
2020-01-24,GOOGL,74.081263,72.758759,29786000,1.55,259.127,99.8,3295.47,14.56,1.7,-0.0124739337
2020-01-24,AAPL,77.197488,76.729843,146537600,1.55,259.127,99.8,3295.47,14.56,1.7,-0.002881957
2020-01-27,AAPL,74.741153,74.473587,161940000,1.55,259.127,99.8,3243.63,18.23,1.61,-0.0294051964
2020-01-27,GOOGL,71.040248,71.049675,34132000,1.55,259.127,99.8,3243.63,18.23,1.61,-0.0234897295
2020-01-27,NVDA,5.929513,5.978295,470536000,1.55,259.127,99.8,3243.63,18.23,1.61,-0.0410411104
2020-01-28,NVDA,6.044251,6.171682,310976000,1.55,259.127,99.8,3276.24,16.28,1.65,0.03234811
2020-01-28,GOOGL,71.546414,71.981133,29724000,1.55,259.127,99.8,3276.24,16.28,1.65,0.0131099476
2020-01-28,AAPL,75.35342,76.580383,162234000,1.55,259.127,99.8,3276.24,16.28,1.65,0.028289174
2020-01-29,AAPL,78.209923,78.183403,216229200,1.55,259.127,99.8,3273.4,16.39,1.6,0.020932511
2020-01-29,GOOGL,72.376141,72.288803,21566000,1.55,259.127,99.8,3273.4,16.39,1.6,0.0042743228
2020-01-29,NVDA,6.157247,6.111203,258848000,1.55,259.127,99.8,3273.4,16.39,1.6,-0.0097993851
2020-01-30,NVDA,6.013388,6.117921,290504000,1.55,259.127,99.8,3283.66,15.49,1.57,0.0010993185
2020-01-30,GOOGL,71.365774,72.167221,27110000,1.55,259.127,99.8,3283.66,15.49,1.57,-0.001681893
2020-01-30,AAPL,77.2674,78.070107,126743200,1.55,259.127,99.8,3283.66,15.49,1.57,-0.001449112
2020-01-31,AAPL,77.361381,74.608551,199588400,1.55,259.127,99.8,3225.52,18.84,1.51,-0.0443390644
2020-01-31,GOOGL,72.842613,71.101768,43822000,1.55,259.127,99.8,3225.52,18.84,1.51,-0.0147636636
2020-01-31,NVDA,6.072126,5.884464,370420000,1.55,259.127,99.8,3225.52,18.84,1.51,-0.0381595439
2020-02-03,NVDA,5.866295,5.981531,255564000,1.55,259.127,99.8,3248.92,17.97,1.54,0.0164953678
2020-02-03,GOOGL,72.534444,73.574089,71636000,1.55,259.127,99.8,3248.92,17.97,1.54,0.0347715761
2020-02-03,AAPL,73.352673,74.403671,173788400,1.55,259.127,99.8,3248.92,17.97,1.54,-0.0027460627
2020-02-04,AAPL,76.006676,76.860008,136616400,1.55,259.127,99.8,3297.59,16.05,1.61,0.0330136529
2020-02-04,GOOGL,72.179144,71.728546,95880000,1.55,259.127,99.8,3297.59,16.05,1.61,-0.0250841421
2020-02-04,NVDA,6.123396,6.150774,271544000,1.55,259.127,99.8,3297.59,16.05,1.61,0.0282942391
2020-02-05,NVDA,6.271735,6.241122,208220000,1.55,259.127,99.8,3334.69,15.15,1.66,0.0146889238
2020-02-05,GOOGL,72.631714,71.7603,36376000,1.55,259.127,99.8,3334.69,15.15,1.66,0.0004426904
2020-02-05,AAPL,77.985731,77.486755,118826800,1.55,259.127,99.8,3334.69,15.15,1.66,0.0081543984
2020-02-06,AAPL,77.756741,78.39312,105425600,1.55,259.127,99.8,3345.78,14.96,1.65,0.011697024
2020-02-06,GOOGL,72.054566,73.245071,37822000,1.55,259.127,99.8,3345.78,14.96,1.65,0.0206907125
2020-02-06,NVDA,6.275468,6.327983,218284000,1.55,259.127,99.8,3345.78,14.96,1.65,0.0139175515
2020-02-07,NVDA,6.287913,6.26178,189752000,1.55,259.127,99.8,3327.71,15.47,1.59,-0.0104618868
2020-02-07,GOOGL,72.819305,73.400909,28360000,1.55,259.127,99.8,3327.71,15.47,1.59,0.0021276246
2020-02-07,AAPL,77.892957,77.327553,117684000,1.55,259.127,99.8,3327.71,15.47,1.59,-0.0135926089
2020-02-10,AAPL,75.91402,77.694801,109348800,1.55,259.127,99.8,3352.09,15.04,1.56,0.0047492585
2020-02-10,GOOGL,73.307614,74.867325,38302000,1.55,259.127,99.8,3352.09,15.04,1.56,0.019978164
2020-02-10,NVDA,6.284428,6.545014,529608000,1.55,259.127,99.8,3352.09,15.04,1.56,0.0452321274
2020-02-11,NVDA,6.653282,6.667468,638556000,1.55,259.127,99.8,3357.75,15.18,1.59,0.018709535
2020-02-11,GOOGL,75.096102,74.936806,34852000,1.55,259.127,99.8,3357.75,15.18,1.59,0.0009280537
2020-02-11,AAPL,78.190151,77.226059,94323200,1.55,259.127,99.8,3357.75,15.18,1.59,-0.006033124
2020-02-12,AAPL,77.675478,79.059998,113730400,1.55,259.127,99.8,3379.45,13.74,1.62,0.0237476653
2020-02-12,GOOGL,75.224633,75.362099,31042000,1.55,259.127,99.8,3379.45,13.74,1.62,0.0056753549
2020-02-12,NVDA,6.720231,6.7832,374644000,1.55,259.127,99.8,3379.45,13.74,1.62,0.0173576708
2020-02-13,NVDA,6.725209,6.739395,528016000,1.55,259.127,99.8,3373.94,14.15,1.61,-0.0064578144
2020-02-13,GOOGL,74.93382,75.102051,22914000,1.55,259.127,99.8,3373.94,14.15,1.61,-0.0034506458
2020-02-13,AAPL,78.332705,78.497009,94747600,1.55,259.127,99.8,3373.94,14.15,1.61,-0.0071210258
2020-02-14,AAPL,78.465595,78.516342,80113600,1.55,259.127,99.8,3380.16,13.68,1.59,0.0002462882
2020-02-14,GOOGL,75.158633,75.367058,23198000,1.55,259.127,99.8,3380.16,13.68,1.59,0.0035286256
2020-02-14,NVDA,7.149564,7.212533,1041924000,1.55,259.127,99.8,3380.16,13.68,1.59,0.0702047244
2020-02-18,NVDA,7.109243,7.381278,620164000,1.55,259.127,99.8,3370.29,14.83,1.55,0.0233961535
2020-02-18,GOOGL,75.149198,75.402283,25642000,1.55,259.127,99.8,3370.29,14.83,1.55,0.0004673781
2020-02-18,AAPL,76.199145,77.078667,152531200,1.55,259.127,99.8,3370.29,14.83,1.55,-0.0183105254
2020-02-19,AAPL,77.320307,78.194992,93984000,1.55,259.127,99.8,3386.15,14.38,1.56,0.0144829358
2020-02-19,GOOGL,75.787373,75.671745,22746000,1.55,259.127,99.8,3386.15,14.38,1.56,0.0035736662
2020-02-19,NVDA,7.503731,7.832512,694332000,1.55,259.127,99.8,3386.15,14.38,1.56,0.061132278
2020-02-20,NVDA,7.784478,7.68318,810052000,1.55,259.127,99.8,3373.23,15.56,1.52,-0.0190656636
2020-02-20,GOOGL,75.380949,75.280708,25962000,1.55,259.127,99.8,3373.23,15.56,1.52,-0.0051675429
2020-02-20,AAPL,77.955777,77.392784,100566000,1.55,259.127,99.8,3373.23,15.56,1.52,-0.0102590706
2020-02-21,AAPL,76.986857,75.640999,129554000,1.55,259.127,99.8,3337.75,17.08,1.46,-0.022634995
2020-02-21,GOOGL,74.664849,73.616768,42520000,1.55,259.127,99.8,3337.75,17.08,1.46,-0.0221031452
2020-02-21,NVDA,7.570931,7.319056,768180000,1.55,259.127,99.8,3337.75,17.08,1.46,-0.0473923925
2020-02-24,NVDA,6.724712,6.801619,856916000,1.55,259.127,99.8,3225.89,25.03,1.38,-0.0706972942
2020-02-24,GOOGL,70.618929,70.460625,49560000,1.55,259.127,99.8,3225.89,25.03,1.38,-0.0428726128
2020-02-24,AAPL,71.825728,72.048019,222195200,1.55,259.127,99.8,3225.89,25.03,1.38,-0.0475004229
2020-02-25,AAPL,72.717313,69.607582,230673600,1.55,259.127,99.8,3128.21,27.85,1.33,-0.033872372
2020-02-25,GOOGL,71.013452,68.796204,51580000,1.55,259.127,99.8,3128.21,27.85,1.33,-0.0236220029
2020-02-25,NVDA,6.876783,6.522117,1055496000,1.55,259.127,99.8,3128.21,27.85,1.33,-0.0410933714
2020-02-26,NVDA,6.522366,6.661495,747732000,1.55,259.127,99.8,3116.39,27.56,1.33,0.0213699924
2020-02-26,GOOGL,69.225947,69.002136,49776000,1.55,259.127,99.8,3116.39,27.56,1.33,0.0029933718
2020-02-26,AAPL,69.233081,70.71183,198054800,1.55,259.127,99.8,3116.39,27.56,1.33,0.0158639047
2020-02-27,AAPL,67.921044,66.089516,320605600,1.55,259.127,99.8,2978.76,39.16,1.3,-0.0653683329
2020-02-27,GOOGL,67.447382,65.254448,62290000,1.55,259.127,99.8,2978.76,39.16,1.3,-0.0543126416
2020-02-27,NVDA,6.347956,6.290678,906416000,1.55,259.127,99.8,2978.76,39.16,1.3,-0.055665691
2020-02-28,NVDA,6.038155,6.725746,1133252000,1.55,259.127,99.8,2954.22,40.11,1.13,0.0691607691
2020-02-28,GOOGL,63.237698,66.46035,80198000,1.55,259.127,99.8,2954.22,40.11,1.13,0.0184799985
2020-02-28,AAPL,62.160672,66.050842,426510000,1.55,259.127,99.8,2954.22,40.11,1.13,-0.000585167
2020-03-02,AAPL,68.206172,72.200249,341397200,1.55,259.127,99.8,3090.23,33.42,1.1,0.0931011055
2020-03-02,GOOGL,67.062802,68.796204,55430000,1.55,259.127,99.8,3090.23,33.42,1.1,0.0351465735
2020-03-02,NVDA,6.895836,6.884131,890744000,1.55,259.127,99.8,3090.23,33.42,1.1,0.0235491012
2020-03-03,NVDA,6.939916,6.621646,652792000,1.55,259.127,99.8,3003.37,36.82,1.02,-0.0381289971
2020-03-03,GOOGL,69.359941,66.384422,56602000,1.55,259.127,99.8,3003.37,36.82,1.02,-0.0350568954
2020-03-03,AAPL,73.374545,69.907211,319475600,1.55,259.127,99.8,3003.37,36.82,1.02,-0.0317594116
2020-03-04,AAPL,71.627578,73.149818,219178400,1.55,259.127,99.8,3130.12,31.99,1.02,0.0463844438
2020-03-04,GOOGL,67.438444,68.561958,47598000,1.55,259.127,99.8,3130.12,31.99,1.02,0.0328019125
2020-03-04,NVDA,6.728983,7.085355,597408000,1.55,259.127,99.8,3130.12,31.99,1.02,0.0700291698
2020-03-05,NVDA,6.885875,6.805934,540328000,1.55,259.127,99.8,3023.94,39.62,0.92,-0.039436328
2020-03-05,GOOGL,66.772963,65.24501,54380000,1.55,259.127,99.8,3023.94,39.62,0.92,-0.0483788389
2020-03-05,AAPL,71.405291,70.777069,187572800,1.55,259.127,99.8,3023.94,39.62,0.92,-0.0324368451
2020-03-06,AAPL,68.138513,69.837143,226176800,1.55,259.127,99.8,2972.37,41.94,0.74,-0.0132800942
2020-03-06,GOOGL,63.021324,64.301155,64640000,1.55,259.127,99.8,2972.37,41.94,0.74,-0.0144663213
2020-03-06,NVDA,6.62638,6.625384,515412000,1.55,259.127,99.8,2972.37,41.94,0.74,-0.0265284036
2020-03-09,NVDA,5.974399,6.112366,614160000,1.55,259.127,99.8,2746.56,54.46,0.54,-0.0774321406
2020-03-09,GOOGL,59.796198,60.333637,69252000,1.55,259.127,99.8,2746.56,54.46,0.54,-0.0617021241
2020-03-09,AAPL,63.728823,64.31356,286744800,1.55,259.127,99.8,2746.56,54.46,0.54,-0.0790923315
2020-03-10,AAPL,66.964206,68.945534,285290000,1.55,259.127,99.8,2882.23,47.3,0.76,0.0720217203
2020-03-10,GOOGL,62.24917,63.280376,54872000,1.55,259.127,99.8,2882.23,47.3,0.76,0.0488407351
2020-03-10,NVDA,6.388798,6.501861,580648000,1.55,259.127,99.8,2882.23,47.3,0.76,0.0637223632
2020-03-11,NVDA,6.361902,6.138018,499964000,1.55,259.127,99.8,2741.38,53.9,0.82,-0.0559598222
2020-03-11,GOOGL,61.945457,60.090965,54732000,1.55,259.127,99.8,2741.38,53.9,0.82,-0.0504012672
2020-03-11,AAPL,67.02461,66.551018,255598800,1.55,259.127,99.8,2741.38,53.9,0.82,-0.0347305454
2020-03-12,AAPL,61.841735,59.978798,418474000,1.55,259.127,99.8,2480.64,75.47,0.88,-0.0987546107
2020-03-12,GOOGL,55.710075,55.160725,94326000,1.55,259.127,99.8,2480.64,75.47,0.88,-0.0820462878
2020-03-12,NVDA,5.61479,5.386921,816540000,1.55,259.127,99.8,2480.64,75.47,0.88,-0.1223678867
2020-03-13,NVDA,5.740305,5.997809,634836000,1.55,259.127,99.8,2711.02,57.83,0.94,0.1134020637
2020-03-13,GOOGL,58.308937,60.258209,79400000,1.55,259.127,99.8,2711.02,57.83,0.94,0.092411487
2020-03-13,AAPL,64.0043,67.164764,370732000,1.55,259.127,99.8,2711.02,57.83,0.94,0.1198084447
2020-03-16,AAPL,58.461383,58.524208,322423600,1.55,259.127,99.8,2386.13,82.69,0.73,-0.1286471621
2020-03-16,GOOGL,54.071951,53.247681,96520000,1.55,259.127,99.8,2386.13,82.69,0.73,-0.1163414687
2020-03-16,NVDA,5.289796,4.891088,726972000,1.55,259.127,99.8,2386.13,82.69,0.73,-0.1845209352
2020-03-17,NVDA,5.003404,5.410829,833632000,1.55,259.127,99.8,2529.19,75.91,1.02,0.1062627744
2020-03-17,GOOGL,54.123059,55.483776,83194000,1.55,259.127,99.8,2529.19,75.91,1.02,0.0419942315
2020-03-17,AAPL,59.80483,61.09753,324056000,1.55,259.127,99.8,2529.19,75.91,1.02,0.0439702199
2020-03-18,AAPL,57.934647,59.601864,300233600,1.55,259.127,99.8,2398.1,76.45,1.18,-0.024479983
2020-03-18,GOOGL,52.599574,54.150356,93044000,1.55,259.127,99.8,2398.1,76.45,1.18,-0.0240326073
2020-03-18,NVDA,4.983232,5.05097,874268000,1.55,259.127,99.8,2398.1,76.45,1.18,-0.066507099
2020-03-19,NVDA,5.029554,5.303744,765512000,1.55,259.127,99.8,2409.39,72.0,1.12,0.050044597
2020-03-19,GOOGL,54.002971,55.166679,74064000,1.55,259.127,99.8,2409.39,72.0,1.12,0.0187685393
2020-03-19,AAPL,59.775847,59.145203,271857200,1.55,259.127,99.8,2409.39,72.0,1.12,-0.0076618615
2020-03-20,AAPL,59.725097,55.390331,401693200,1.55,259.127,99.8,2304.92,66.04,0.92,-0.0634856455
2020-03-20,GOOGL,56.120964,53.009972,82878000,1.55,259.127,99.8,2304.92,66.04,0.92,-0.0390943915
2020-03-20,NVDA,5.453912,5.123939,804636000,1.55,259.127,99.8,2304.92,66.04,0.92,-0.0339015767
2020-03-23,NVDA,5.122941,5.296769,643876000,1.55,259.127,99.8,2237.4,61.59,0.76,0.0337299331
2020-03-23,GOOGL,52.422412,52.311253,83672000,1.55,259.127,99.8,2237.4,61.59,0.76,-0.0131808979
2020-03-23,AAPL,55.110045,54.213612,336752800,1.55,259.127,99.8,2237.4,61.59,0.76,-0.0212441348
2020-03-24,AAPL,57.110698,59.652603,287531200,1.55,259.127,99.8,2447.33,61.67,0.84,0.1003252022
2020-03-24,GOOGL,54.785063,56.076801,72468000,1.55,259.127,99.8,2447.33,61.67,0.84,0.0719835316
2020-03-24,NVDA,5.70295,6.205507,1101644000,1.55,259.127,99.8,2447.33,61.67,0.84,0.1715646262
2020-03-25,NVDA,6.320562,6.11685,793432000,1.55,259.127,99.8,2475.56,63.95,0.88,-0.0142868109
2020-03-25,GOOGL,55.807332,54.667942,90324000,1.55,259.127,99.8,2475.56,63.95,0.88,-0.0251237449
2020-03-25,AAPL,60.587692,59.32399,303602000,1.55,259.127,99.8,2475.56,63.95,0.88,-0.0055087836
2020-03-26,AAPL,59.565624,62.445805,252087200,1.55,259.127,99.8,2630.07,61.0,0.83,0.0526231417
2020-03-26,GOOGL,55.31803,57.709957,76562000,1.55,259.127,99.8,2630.07,61.0,0.83,0.055645319
2020-03-26,NVDA,6.324048,6.406231,696108000,1.55,259.127,99.8,2630.07,61.0,0.83,0.0473088325
2020-03-27,NVDA,6.225927,6.293915,638828000,1.55,259.127,99.8,2541.47,65.54,0.72,-0.0175323264
2020-03-27,GOOGL,55.95075,55.096703,62794000,1.55,259.127,99.8,2541.47,65.54,0.72,-0.0452825592
2020-03-27,AAPL,61.070942,59.860397,204216800,1.55,259.127,99.8,2541.47,65.54,0.72,-0.0414024172
2020-03-30,AAPL,60.585287,61.568703,167976400,1.55,259.127,99.8,2626.65,57.08,0.7,0.028538156
2020-03-30,GOOGL,56.207316,56.885689,58736000,1.55,259.127,99.8,2626.65,57.08,0.7,0.0324699324
2020-03-30,NVDA,6.359411,6.614176,602252000,1.55,259.127,99.8,2626.65,57.08,0.7,0.0508843047
2020-03-31,NVDA,6.654271,6.564618,949960000,1.55,259.127,99.8,2584.59,53.54,0.7,-0.0074927188
2020-03-31,GOOGL,57.005781,57.661823,65228000,1.55,259.127,99.8,2584.59,53.54,0.7,0.0136437566
2020-03-31,AAPL,61.75958,61.443047,197002000,1.55,259.127,99.8,2584.59,53.54,0.7,-0.0020409091
2020-04-01,AAPL,59.560782,58.210094,176218400,0.05,256.032,71.8,2470.5,57.06,0.62,-0.0526170543
2020-04-01,GOOGL,55.778547,54.691757,51970000,0.05,256.032,71.8,2470.5,57.06,0.62,-0.0515083621
2020-04-01,NVDA,6.366634,6.053345,656912000,0.05,256.032,71.8,2470.5,57.06,0.62,-0.0778831876
2020-04-02,NVDA,6.082482,6.362151,675764000,0.05,256.032,71.8,2526.9,50.91,0.63,0.0510141015
2020-04-02,GOOGL,54.587551,55.432667,56410000,0.05,256.032,71.8,2526.9,50.91,0.63,0.0135470062
2020-04-02,AAPL,58.072369,59.181431,165934000,0.05,256.032,71.8,2526.9,50.91,0.63,0.016686734
2020-04-03,AAPL,58.666773,58.330914,129880000,0.05,256.032,71.8,2488.65,46.8,0.62,-0.0143713537
2020-04-03,GOOGL,55.317534,54.225285,51374000,0.05,256.032,71.8,2488.65,46.8,0.62,-0.0217810593
2020-04-03,NVDA,6.324546,6.074264,663212000,0.05,256.032,71.8,2488.65,46.8,0.62,-0.0452499652
2020-04-06,NVDA,6.356424,6.684157,727884000,0.05,256.032,71.8,2663.68,45.24,0.67,0.100406134
2020-04-06,GOOGL,56.225182,58.715862,63320000,0.05,256.032,71.8,2663.68,45.24,0.67,0.0828133542
2020-04-06,AAPL,60.623949,63.419563,201820400,0.05,256.032,71.8,2663.68,45.24,0.67,0.0872376145
2020-04-07,AAPL,65.43229,62.685005,202887200,0.05,256.032,71.8,2659.41,46.7,0.75,-0.011582516
2020-04-07,GOOGL,60.39418,58.684597,61620000,0.05,256.032,71.8,2659.41,46.7,0.75,-0.000532484
2020-04-07,NVDA,6.905798,6.450808,784520000,0.05,256.032,71.8,2659.41,46.7,0.75,-0.0349108088
2020-04-08,NVDA,6.559886,6.648045,542444000,0.05,256.032,71.8,2749.98,43.35,0.77,0.0305756278
2020-04-08,GOOGL,59.703893,59.89743,40334000,0.05,256.032,71.8,2749.98,43.35,0.77,0.0206669802
2020-04-08,AAPL,63.484787,64.289406,168895200,0.05,256.032,71.8,2749.98,43.35,0.77,0.0255946479
2020-04-09,AAPL,64.924886,64.753326,161834800,0.05,256.032,71.8,2789.82,41.67,0.73,0.0072161282
2020-04-09,GOOGL,60.452235,59.876087,54028000,0.05,256.032,71.8,2789.82,41.67,0.73,-0.0003563297
2020-04-09,NVDA,6.773809,6.54843,525564000,0.05,256.032,71.8,2789.82,41.67,0.73,-0.0149841188
2020-04-13,NVDA,6.488662,6.720267,398408000,0.05,256.032,71.8,2761.63,41.17,0.76,0.026240924
2020-04-13,GOOGL,59.624499,60.066658,38702000,0.05,256.032,71.8,2761.63,41.17,0.76,0.0031827536
2020-04-13,AAPL,64.830652,66.024284,131022800,0.05,256.032,71.8,2761.63,41.17,0.76,0.0196276858
2020-04-14,AAPL,67.655252,69.358711,194994800,0.05,256.032,71.8,2846.06,37.76,0.76,0.0505030371
2020-04-14,GOOGL,61.533569,62.787098,63358000,0.05,256.032,71.8,2846.06,37.76,0.76,0.0452903491
2020-04-14,NVDA,6.84852,7.071409,530948000,0.05,256.032,71.8,2846.06,37.76,0.76,0.0522511887
2020-04-15,NVDA,6.903307,6.993957,366148000,0.05,256.032,71.8,2783.36,40.84,0.63,-0.0109528646
2020-04-15,GOOGL,61.858118,62.393574,42236000,0.05,256.032,71.8,2783.36,40.84,0.63,-0.0062675961
2020-04-15,AAPL,68.235154,68.725655,131154400,0.05,256.032,71.8,2783.36,40.84,0.63,-0.0091272838
2020-04-16,AAPL,69.438443,69.271721,157125200,0.05,256.032,71.8,2799.55,40.11,0.61,0.007945596
2020-04-16,GOOGL,62.881884,62.400024,57896000,0.05,256.032,71.8,2799.55,40.11,0.61,0.0001033865
2020-04-16,NVDA,7.149357,7.339123,745620000,0.05,256.032,71.8,2799.55,40.11,0.61,0.0493521342
2020-04-17,NVDA,7.421306,7.279853,539120000,0.05,256.032,71.8,2874.56,38.15,0.65,-0.0080759486
2020-04-17,GOOGL,63.604426,63.47044,51050000,0.05,256.032,71.8,2874.56,38.15,0.65,0.0171540878
2020-04-17,AAPL,68.788471,68.331795,215250000,0.05,256.032,71.8,2874.56,38.15,0.65,-0.0135686848
2020-04-20,AAPL,67.1599,66.913437,130015200,0.05,256.032,71.8,2823.16,43.83,0.63,-0.0207569237
2020-04-20,GOOGL,63.018345,62.584621,35292000,0.05,256.032,71.8,2823.16,43.83,0.63,-0.0139563942
2020-04-20,NVDA,7.153343,7.148611,449388000,0.05,256.032,71.8,2823.16,43.83,0.63,-0.0180281494
2020-04-21,NVDA,7.030567,6.711799,735160000,0.05,256.032,71.8,2736.56,45.41,0.58,-0.0611043841
2020-04-21,GOOGL,61.669545,60.1535,49648000,0.05,256.032,71.8,2736.56,45.41,0.58,-0.0388453548
2020-04-21,AAPL,66.756416,64.845154,180991600,0.05,256.032,71.8,2736.56,45.41,0.58,-0.0309098318
2020-04-22,AAPL,66.11129,66.712944,116862400,0.05,256.032,71.8,2799.31,41.98,0.63,0.0288038521
2020-04-22,GOOGL,61.590139,62.448654,46296000,0.05,256.032,71.8,2799.31,41.98,0.63,0.0381549633
2020-04-22,NVDA,6.904055,7.126196,483356000,0.05,256.032,71.8,2799.31,41.98,0.63,0.0617416032
2020-04-23,NVDA,7.168285,7.072904,424160000,0.05,256.032,71.8,2797.8,41.38,0.61,-0.0074784287
2020-04-23,GOOGL,62.812407,63.081871,34202000,0.05,256.032,71.8,2797.8,41.38,0.61,0.0101397999
2020-04-23,AAPL,66.657349,66.454384,124814400,0.05,256.032,71.8,2797.8,41.38,0.61,-0.0038757123
2020-04-24,AAPL,66.978708,68.372887,126161200,0.05,256.032,71.8,2836.74,35.93,0.6,0.0288694695
2020-04-24,GOOGL,62.279435,63.351337,37402000,0.05,256.032,71.8,2836.74,35.93,0.6,0.0042716932
2020-04-24,NVDA,7.062693,7.211866,352328000,0.05,256.032,71.8,2836.74,35.93,0.6,0.0196471317
2020-04-27,NVDA,7.346346,7.398395,479388000,0.05,256.032,71.8,2878.48,33.29,0.67,0.0258641363
2020-04-27,GOOGL,64.115555,63.066483,44186000,0.05,256.032,71.8,2878.48,33.29,0.67,-0.0044964305
2020-04-27,AAPL,68.090162,68.421196,117087600,0.05,256.032,71.8,2878.48,33.29,0.67,0.0007065568
2020-04-28,AAPL,68.882718,67.312149,112004800,0.05,256.032,71.8,2863.39,33.57,0.62,-0.0162091136
2020-04-28,GOOGL,63.678861,61.167336,80700000,0.05,256.032,71.8,2863.39,33.57,0.62,-0.030113413
2020-04-28,NVDA,7.545823,7.255944,442904000,0.05,256.032,71.8,2863.39,33.57,0.62,-0.0192542866
2020-04-29,NVDA,7.390673,7.432761,379160000,0.05,256.032,71.8,2939.51,31.23,0.63,0.0243685654
2020-04-29,GOOGL,66.745685,66.605743,108358000,0.05,256.032,71.8,2939.51,31.23,0.63,0.0889103286
2020-04-29,AAPL,68.798148,69.523026,137280800,0.05,256.032,71.8,2939.51,31.23,0.63,0.0328451327
2020-04-30,AAPL,70.06185,70.989693,183064000,0.05,256.032,71.8,2912.43,34.15,0.64,0.0210961356
2020-04-30,GOOGL,66.068809,66.830055,55842000,0.05,256.032,71.8,2912.43,34.15,0.64,0.003367755
2020-05-01,NVDA,7.081371,7.042272,342096000,0.05,255.802,72.3,2830.71,37.19,0.64,-0.0325029342
2020-05-01,GOOGL,65.708018,65.372055,48872000,0.05,255.802,72.3,2830.71,37.19,0.64,-0.0218165342
2020-05-01,AAPL,69.165415,69.846802,240616800,0.05,255.802,72.3,2830.71,37.19,0.64,-0.0160993926
2020-05-04,AAPL,69.870967,70.835052,133568000,0.05,255.802,72.3,2842.74,35.97,0.64,0.014148833
2020-05-04,GOOGL,64.916022,65.648979,30806000,0.05,255.802,72.3,2842.74,35.97,0.64,0.004236124
2020-05-04,NVDA,6.994954,7.254201,317556000,0.05,255.802,72.3,2842.74,35.97,0.64,0.0300938843
2020-05-05,GOOGL,66.373498,66.945175,39666000,0.05,255.802,72.3,2868.44,33.61,0.66,0.0197443433
2020-05-05,AAPL,71.294121,71.898186,147751200,0.05,255.802,72.3,2868.44,33.61,0.66,0.0150085756
2020-05-06,AAPL,72.598912,72.639992,142333600,0.05,255.802,72.3,2848.42,34.12,0.72,0.0103174513
2020-05-06,GOOGL,67.390818,66.767029,31732000,0.05,255.802,72.3,2848.42,34.12,0.72,-0.0026610784
2020-05-06,NVDA,7.394658,7.416075,323464000,0.05,255.802,72.3,2848.42,34.12,0.72,0.0137876522
2020-05-07,NVDA,7.555287,7.592393,373732000,0.05,255.802,72.3,2881.19,31.44,0.63,0.023775198
2020-05-07,GOOGL,67.555067,67.950577,30652000,0.05,255.802,72.3,2881.19,31.44,0.63,0.0177265335
2020-05-07,AAPL,73.265837,73.391479,115215200,0.05,255.802,72.3,2881.19,31.44,0.63,0.0103453719
2020-05-08,AAPL,74.050478,75.138313,133838400,0.05,255.802,72.3,2929.8,27.98,0.69,0.0238015886
2020-05-08,GOOGL,68.57289,68.697945,33326000,0.05,255.802,72.3,2929.8,27.98,0.69,0.0109986978
2020-05-08,NVDA,7.664117,7.78241,339216000,0.05,255.802,72.3,2929.8,27.98,0.69,0.0250272525
2020-05-11,NVDA,7.777427,8.034433,469060000,0.05,255.802,72.3,2930.32,27.57,0.73,0.032383698
2020-05-11,GOOGL,68.323273,69.653221,32718000,0.05,255.802,72.3,2930.32,27.57,0.73,0.0139054595
2020-05-11,AAPL,74.646477,76.320633,145946400,0.05,255.802,72.3,2930.32,27.57,0.73,0.0157352433
2020-05-12,AAPL,77.003851,75.448418,162301200,0.05,255.802,72.3,2870.12,33.04,0.69,-0.0114283024
2020-05-12,GOOGL,69.882974,68.243362,33918000,0.05,255.802,72.3,2870.12,33.04,0.69,-0.0202411128
2020-05-12,NVDA,8.092212,7.772448,493060000,0.05,255.802,72.3,2870.12,33.04,0.69,-0.0326078132
2020-05-13,NVDA,7.887005,7.750034,625852000,0.05,255.802,72.3,2820.0,35.28,0.64,-0.0028837414
2020-05-13,GOOGL,68.292002,66.910934,40368000,0.05,255.802,72.3,2820.0,35.28,0.64,-0.0195246531
2020-05-13,AAPL,75.627705,74.537445,200622400,0.05,255.802,72.3,2820.0,35.28,0.64,-0.0120741113
2020-05-14,AAPL,73.776663,74.995331,158929200,0.05,255.802,72.3,2852.5,32.61,0.63,0.0061430297
2020-05-14,GOOGL,66.175988,67.334236,36660000,0.05,255.802,72.3,2852.5,32.61,0.63,0.0063263456
2020-05-14,NVDA,7.811547,7.99957,602312000,0.05,255.802,72.3,2852.5,32.61,0.63,0.0321979942
2020-05-15,NVDA,7.859361,8.458047,987660000,0.05,255.802,72.3,2863.7,31.89,0.64,0.0573127089
2020-05-15,GOOGL,66.907462,68.138161,41544000,0.05,255.802,72.3,2863.7,31.89,0.64,0.0119393136
2020-05-15,AAPL,72.768809,74.551987,166348400,0.05,255.802,72.3,2863.7,31.89,0.64,-0.0059116229
2020-05-18,AAPL,75.874826,76.308502,135178400,0.05,255.802,72.3,2953.91,29.3,0.73,0.0235609483
2020-05-18,GOOGL,67.568473,68.739624,47094000,0.05,255.802,72.3,2953.91,29.3,0.73,0.0088271141
2020-05-18,NVDA,8.726758,8.716547,774460000,0.05,255.802,72.3,2953.91,29.3,0.73,0.030562623
2020-05-19,NVDA,8.756395,8.771586,717320000,0.05,255.802,72.3,2922.94,30.53,0.7,0.0063143589
2020-05-19,GOOGL,68.754505,68.204659,31586000,0.05,255.802,72.3,2922.94,30.53,0.7,-0.0077824911
2020-05-19,AAPL,76.325474,75.867569,101729600,0.05,255.802,72.3,2922.94,30.53,0.7,-0.0057782975
2020-05-20,AAPL,76.725215,77.343033,111504800,0.05,255.802,72.3,2971.61,27.99,0.68,0.0194478865
2020-05-20,GOOGL,68.937126,69.929626,38262000,0.05,255.802,72.3,2971.61,27.99,0.68,0.0252910577
2020-05-20,NVDA,8.95637,8.935451,587536000,0.05,255.802,72.3,2971.61,27.99,0.68,0.0186812428
2020-05-21,NVDA,9.016637,8.741451,761068000,0.05,255.802,72.3,2948.51,29.53,0.68,-0.0217111929
2020-05-21,GOOGL,70.020436,69.810028,30894000,0.05,255.802,72.3,2948.51,29.53,0.68,-0.0017102678
2020-05-21,AAPL,77.204945,76.766418,102688800,0.05,255.802,72.3,2948.51,29.53,0.68,-0.0074552854
2020-05-22,AAPL,76.504754,77.260674,81803200,0.05,255.802,72.3,2955.45,28.16,0.66,0.0064384281
2020-05-22,GOOGL,69.668595,70.132095,28544000,0.05,255.802,72.3,2955.45,28.16,0.66,0.0046134813
2020-05-22,NVDA,8.791259,8.991485,1038764000,0.05,255.802,72.3,2955.45,28.16,0.66,0.0286031885
2020-05-26,NVDA,9.121482,8.684173,770780000,0.05,255.802,72.3,2991.77,28.01,0.69,-0.0341781167
2020-05-26,GOOGL,71.557328,70.535545,44590000,0.05,255.802,72.3,2991.77,28.01,0.69,0.0057527158
2020-05-26,AAPL,78.377568,76.737335,125522000,0.05,255.802,72.3,2991.77,28.01,0.69,-0.0067736701
2020-05-27,AAPL,76.594379,77.071663,112945200,0.05,255.802,72.3,3036.13,27.62,0.68,0.0043567801
2020-05-27,GOOGL,70.467566,70.481461,31684000,0.05,255.802,72.3,3036.13,27.62,0.68,-0.0007667734
2020-05-27,NVDA,8.591781,8.492415,1175892000,0.05,255.802,72.3,3036.13,27.62,0.68,-0.0220812287
2020-05-28,NVDA,8.37985,8.454313,734896000,0.05,255.802,72.3,3029.73,28.59,0.7,-0.0044866093
2020-05-28,GOOGL,69.475063,70.380226,35170000,0.05,255.802,72.3,3029.73,28.59,0.7,-0.0014363272
2020-05-28,AAPL,76.747037,77.105614,133560800,0.05,255.802,72.3,3029.73,28.59,0.7,0.0004405096
2020-05-29,AAPL,77.347889,77.030502,153532400,0.05,255.802,72.3,3044.31,27.51,0.65,-0.0009741365
2020-05-29,GOOGL,70.488902,71.138496,37044000,0.05,255.802,72.3,3044.31,27.51,0.65,0.0107739106
2020-05-29,NVDA,8.521548,8.841311,745256000,0.05,255.802,72.3,3044.31,27.51,0.65,0.0457752349
2020-06-01,NVDA,8.799229,8.772332,389876000,0.08,257.042,78.1,3055.73,28.23,0.66,-0.0078019266
2020-06-01,GOOGL,70.75044,71.205498,25162000,0.08,257.042,78.1,3055.73,28.23,0.66,0.0009418437
2020-06-01,AAPL,76.984464,77.977814,80791200,0.08,257.042,78.1,3055.73,28.23,0.66,0.0122978739
2020-06-02,AAPL,77.711325,78.338829,87642800,0.08,257.042,78.1,3080.82,26.84,0.68,0.0046297184
2020-06-02,GOOGL,71.211947,71.574707,23442000,0.08,257.042,78.1,3080.82,26.84,0.68,0.0051851234
2020-06-02,NVDA,8.76237,8.791258,391320000,0.08,257.042,78.1,3080.82,26.84,0.68,0.0021574271
2020-06-03,NVDA,8.788272,8.735724,365440000,0.08,257.042,78.1,3122.87,25.66,0.77,-0.00631689
2020-06-03,GOOGL,71.594059,71.422852,27732000,0.08,257.042,78.1,3122.87,25.66,0.77,-0.0021216359
2020-06-03,AAPL,78.658626,78.770073,104491200,0.08,257.042,78.1,3122.87,25.66,0.77,0.005504855
2020-06-04,AAPL,78.593211,78.09169,87560400,0.08,257.042,78.1,3112.35,25.81,0.82,-0.0086121905
2020-06-04,GOOGL,71.300272,70.1847,26982000,0.08,257.042,78.1,3112.35,25.81,0.82,-0.0173355099
2020-06-04,NVDA,8.698348,8.736718,424280000,0.08,257.042,78.1,3112.35,25.81,0.82,0.0001137546
2020-06-05,NVDA,8.764624,8.889697,481748000,0.08,257.042,78.1,3193.93,24.52,0.91,0.0175098812
2020-06-05,GOOGL,70.251207,71.461067,42642000,0.08,257.042,78.1,3193.93,24.52,0.91,0.0181858323
2020-06-05,AAPL,78.341238,80.315819,137250400,0.08,257.042,78.1,3193.93,24.52,0.91,0.028480991
2020-06-08,AAPL,80.012963,80.79068,95654400,0.08,257.042,78.1,3232.39,25.81,0.88,0.0059124236
2020-06-08,GOOGL,70.779216,71.859055,33878000,0.08,257.042,78.1,3232.39,25.81,0.88,0.0055692894
2020-06-08,NVDA,8.847096,8.775092,387736000,0.08,257.042,78.1,3232.39,25.81,0.88,-0.0128918847
2020-06-09,NVDA,8.770106,9.015269,468488000,0.08,257.042,78.1,3207.18,27.57,0.84,0.0273703286
2020-06-09,GOOGL,71.720109,72.05954,33624000,0.08,257.042,78.1,3207.18,27.57,0.84,0.0027899787
2020-06-09,AAPL,80.470877,83.341888,147712400,0.08,257.042,78.1,3207.18,27.57,0.84,0.031578005
2020-06-10,AAPL,84.289205,85.486069,166651600,0.08,257.042,78.1,3190.14,27.57,0.75,0.0257275224
2020-06-10,GOOGL,72.527502,72.685806,31762000,0.08,257.042,78.1,3190.14,27.57,0.75,0.0086909586
2020-06-10,NVDA,9.136608,9.334931,632180000,0.08,257.042,78.1,3190.14,27.57,0.75,0.0354578531
2020-06-11,NVDA,9.118919,8.766372,583652000,0.08,257.042,78.1,3002.1,40.79,0.66,-0.0609066766
2020-06-11,GOOGL,71.511176,69.569351,47144000,0.08,257.042,78.1,3002.1,40.79,0.66,-0.0428757035
2020-06-11,AAPL,84.630811,81.381836,201662400,0.08,257.042,78.1,3002.1,40.79,0.66,-0.0480105455
2020-06-12,AAPL,83.518774,82.084473,200146000,0.08,257.042,78.1,3041.31,36.09,0.71,0.0086338273
2020-06-12,GOOGL,70.75837,70.116226,36676000,0.08,257.042,78.1,3041.31,36.09,0.71,0.007860861
2020-06-12,NVDA,9.131375,8.902156,570908000,0.08,257.042,78.1,3041.31,36.09,0.71,0.0154892073
2020-06-15,NVDA,8.785307,9.142589,400004000,0.08,257.042,78.1,3066.59,34.4,0.71,0.0270083722
2020-06-15,GOOGL,68.953513,70.504295,30468000,0.08,257.042,78.1,3066.59,34.4,0.71,0.0055346554
2020-06-15,AAPL,80.739812,83.099617,138808800,0.08,257.042,78.1,3066.59,34.4,0.71,0.0123670691
2020-06-16,AAPL,85.151728,85.301941,165428800,0.08,257.042,78.1,3124.74,33.67,0.75,0.026502215
2020-06-16,GOOGL,71.906698,71.781151,30648000,0.08,257.042,78.1,3124.74,33.67,0.75,0.0181103217
2020-06-16,NVDA,9.193662,9.037693,535716000,0.08,257.042,78.1,3124.74,33.67,0.75,-0.0114732923
2020-06-17,NVDA,9.08279,9.204624,408304000,0.08,257.042,78.1,3113.49,33.47,0.74,0.0184705491
2020-06-17,GOOGL,72.102214,72.082359,30610000,0.08,257.042,78.1,3113.49,33.47,0.74,0.004196206
2020-06-17,AAPL,86.045744,85.183228,114406400,0.08,257.042,78.1,3113.49,33.47,0.74,-0.0013916844
2020-06-18,AAPL,85.139601,85.217133,96820400,0.08,257.042,78.1,3115.34,32.94,0.71,0.0003980247
2020-06-18,GOOGL,71.948883,71.168282,34862000,0.08,257.042,78.1,3115.34,32.94,0.71,-0.0126810189
2020-06-18,NVDA,9.195658,9.186688,254408000,0.08,257.042,78.1,3115.34,32.94,0.71,-0.001948559
2020-06-19,NVDA,9.211103,9.229789,524160000,0.08,257.042,78.1,3097.74,35.12,0.7,0.0046916098
2020-06-19,GOOGL,71.460069,70.69783,52784000,0.08,257.042,78.1,3097.74,35.12,0.7,-0.0066104077
2020-06-19,AAPL,85.922169,84.730148,264476000,0.08,257.042,78.1,3097.74,35.12,0.7,-0.0057146285
2020-06-22,AAPL,85.122661,86.947029,135445200,0.08,257.042,78.1,3117.86,31.77,0.71,0.0261640141
2020-06-22,GOOGL,70.716191,71.989067,29442000,0.08,257.042,78.1,3117.86,31.77,0.71,0.0182641656
2020-06-22,NVDA,9.268408,9.494388,398468000,0.08,257.042,78.1,3117.86,31.77,0.71,0.02866792
2020-06-23,NVDA,9.518553,9.417896,375108000,0.08,257.042,78.1,3131.29,31.37,0.72,-0.0080564813
2020-06-23,GOOGL,72.055556,72.650063,37752000,0.08,257.042,78.1,3131.29,31.37,0.72,0.0091818871
2020-06-23,AAPL,88.189926,88.802895,212155600,0.08,257.042,78.1,3131.29,31.37,0.72,0.0213447831
2020-06-24,AAPL,88.432208,87.235344,192623200,0.08,257.042,78.1,3050.33,33.84,0.69,-0.0176520221
2020-06-24,GOOGL,72.615342,71.097809,31592000,0.08,257.042,78.1,3050.33,33.84,0.69,-0.0213661719
2020-06-24,NVDA,9.444059,9.204127,449372000,0.08,257.042,78.1,3050.33,33.84,0.69,-0.0226981645
2020-06-25,NVDA,9.323966,9.45776,376072000,0.08,257.042,78.1,3083.76,32.22,0.68,0.0275563926
2020-06-25,GOOGL,71.02435,71.514648,23958000,0.08,257.042,78.1,3083.76,32.22,0.68,0.0058629036
2020-06-25,AAPL,87.39039,88.393425,137522400,0.08,257.042,78.1,3083.76,32.22,0.68,0.0132753653
2020-06-26,AAPL,88.289237,85.67746,205256800,0.08,257.042,78.1,3009.05,34.73,0.64,-0.0307258744
2020-06-26,GOOGL,71.094325,67.616104,97640000,0.08,257.042,78.1,3009.05,34.73,0.64,-0.0545139268
2020-06-26,NVDA,9.467729,9.1239,592084000,0.08,257.042,78.1,3009.05,34.73,0.64,-0.0353000551
2020-06-29,NVDA,9.138599,9.168746,342248000,0.08,257.042,78.1,3053.24,31.78,0.64,0.0049151765
2020-06-29,GOOGL,67.506928,69.334618,45074000,0.08,257.042,78.1,3053.24,31.78,0.64,0.0254157425
2020-06-29,AAPL,85.585413,87.652061,130646000,0.08,257.042,78.1,3053.24,31.78,0.64,0.0230469222
2020-06-30,AAPL,87.240189,88.383751,140223200,0.08,257.042,78.1,3100.29,30.43,0.66,0.0083476582
2020-06-30,GOOGL,69.320232,70.370789,40286000,0.08,257.042,78.1,3100.29,30.43,0.66,0.0149444966
2020-06-30,NVDA,9.282363,9.465489,367892000,0.08,257.042,78.1,3100.29,30.43,0.66,0.032364665
2020-07-01,NVDA,9.488408,9.497626,326648000,0.09,258.352,72.5,3115.86,28.62,0.69,0.003395167
2020-07-01,GOOGL,70.426376,71.559311,42182000,0.09,258.352,72.5,3115.86,28.62,0.69,0.0168894276
2020-07-01,AAPL,88.46125,88.216545,110737200,0.09,258.352,72.5,3115.86,28.62,0.69,-0.0018918162
2020-07-02,AAPL,89.122677,88.216545,114041600,0.09,258.352,72.5,3130.01,27.68,0.68,0.0
2020-07-02,GOOGL,72.047638,72.945351,57218000,0.09,258.352,72.5,3130.01,27.68,0.68,0.019369104
2020-07-02,NVDA,9.606256,9.579597,364056000,0.09,258.352,72.5,3130.01,27.68,0.68,0.0086307005
2020-07-06,NVDA,9.708657,9.805825,315892000,0.09,258.352,72.5,3179.72,27.94,0.69,0.023615581
2020-07-06,GOOGL,73.849519,74.420204,44712000,0.09,258.352,72.5,3179.72,27.94,0.69,0.0202186089
2020-07-06,AAPL,89.643583,90.576363,118655600,0.09,258.352,72.5,3179.72,27.94,0.69,0.0267502825
2020-07-07,AAPL,90.954343,90.295341,112424400,0.09,258.352,72.5,3145.32,29.43,0.65,-0.0031025878
2020-07-07,GOOGL,74.24552,73.937347,42364000,0.09,258.352,72.5,3145.32,29.43,0.65,-0.0064882481
2020-07-07,NVDA,9.912462,9.838215,357800000,0.09,258.352,72.5,3145.32,29.43,0.65,0.003303102
2020-07-08,NVDA,9.959802,10.181297,365480000,0.09,258.352,72.5,3169.94,28.08,0.67,0.0348724268
2020-07-08,GOOGL,74.477277,74.616226,31766000,0.09,258.352,72.5,3169.94,28.08,0.67,0.0091818115
2020-07-08,AAPL,91.271723,92.398323,117092000,0.09,258.352,72.5,3169.94,28.08,0.67,0.0232900339
2020-07-09,AAPL,93.2899,92.795654,125642800,0.09,258.352,72.5,3152.05,29.26,0.62,0.0043001997
2020-07-09,GOOGL,74.930336,75.363564,41836000,0.09,258.352,72.5,3152.05,29.26,0.62,0.0100157483
2020-07-09,NVDA,10.344989,10.473302,494548000,0.09,258.352,72.5,3152.05,29.26,0.62,0.028680489
2020-07-10,NVDA,10.552781,10.443653,497676000,0.09,258.352,72.5,3185.04,27.29,0.65,-0.0028308915
2020-07-10,GOOGL,75.095108,76.373451,35918000,0.09,258.352,72.5,3185.04,27.29,0.65,0.0134002116
2020-07-10,AAPL,92.391043,92.957977,90257200,0.09,258.352,72.5,3185.04,27.29,0.65,0.0017492522
2020-07-13,AAPL,94.261476,92.529175,191649200,0.09,258.352,72.5,3155.22,32.19,0.64,-0.0046128638
2020-07-13,GOOGL,76.915846,75.044487,42954000,0.09,258.352,72.5,3155.22,32.19,0.64,-0.0174008666
2020-07-13,NVDA,10.55901,10.018104,457076000,0.09,258.352,72.5,3155.22,32.19,0.64,-0.040747189
2020-07-14,NVDA,10.040775,10.341749,542676000,0.09,258.352,72.5,3197.52,29.52,0.63,0.0323060736
2020-07-14,GOOGL,74.079769,75.47274,38108000,0.09,258.352,72.5,3197.52,29.52,0.63,0.0057066574
2020-07-14,AAPL,91.911334,94.060364,170989200,0.09,258.352,72.5,3197.52,29.52,0.63,0.0165481749
2020-07-15,AAPL,95.933189,94.707253,153198000,0.09,258.352,72.5,3226.56,27.76,0.64,0.0068773786
2020-07-15,GOOGL,75.59037,75.275253,31026000,0.09,258.352,72.5,3226.56,27.76,0.64,-0.002616665
2020-07-15,NVDA,10.378876,10.192511,403984000,0.09,258.352,72.5,3226.56,27.76,0.64,-0.0144306909
2020-07-16,NVDA,9.980981,10.100325,344964000,0.09,258.352,72.5,3215.57,28.0,0.62,-0.0090444816
2020-07-16,GOOGL,74.512005,75.177979,26484000,0.09,258.352,72.5,3215.57,28.0,0.62,-0.0012922544
2020-07-16,AAPL,93.580636,93.54187,110577600,0.09,258.352,72.5,3215.57,28.0,0.62,-0.0123051018
2020-07-17,AAPL,93.992536,93.352913,92186800,0.09,258.352,72.5,3224.73,25.68,0.64,-0.0020200282
2020-07-17,GOOGL,75.276734,75.273758,34264000,0.09,258.352,72.5,3224.73,25.68,0.64,0.0012740356
2020-07-17,NVDA,10.190763,10.166844,266284000,0.09,258.352,72.5,3224.73,25.68,0.64,0.0065859009
2020-07-20,NVDA,10.239349,10.475045,284852000,0.09,258.352,72.5,3251.84,24.46,0.62,0.0303143065
2020-07-20,GOOGL,75.181948,77.605637,30166000,0.09,258.352,72.5,3251.84,24.46,0.62,0.0309786402
2020-07-20,AAPL,93.440133,95.320221,90318000,0.09,258.352,72.5,3251.84,24.46,0.62,0.0210738796
2020-07-21,AAPL,96.110052,94.004639,103433200,0.09,258.352,72.5,3257.3,24.84,0.61,-0.0138017124
2020-07-21,GOOGL,78.657191,77.212601,27486000,0.09,258.352,72.5,3257.3,24.84,0.61,-0.0050645276
2020-07-21,NVDA,10.477288,10.293415,277036000,0.09,258.352,72.5,3257.3,24.84,0.61,-0.0173393175
2020-07-22,NVDA,10.332284,10.403292,367292000,0.09,258.352,72.5,3276.02,24.32,0.6,0.0106744586
2020-07-22,GOOGL,77.20218,77.655754,24482000,0.09,258.352,72.5,3276.02,24.32,0.6,0.005739392
2020-07-22,AAPL,93.706616,94.268707,89001600,0.09,258.352,72.5,3276.02,24.32,0.6,0.0028091018
2020-07-23,AAPL,94.002195,89.977928,197004400,0.09,258.352,72.5,3235.66,26.08,0.59,-0.0455164735
2020-07-23,GOOGL,77.709359,75.268799,33910000,0.09,258.352,72.5,3235.66,26.08,0.59,-0.0307376483
2020-07-23,NVDA,10.414499,10.095338,411660000,0.09,258.352,72.5,3235.66,26.08,0.59,-0.0296015764
2020-07-24,NVDA,9.841455,10.159869,473292000,0.09,258.352,72.5,3215.63,25.84,0.59,0.0063921908
2020-07-24,GOOGL,74.397379,74.844994,29902000,0.09,258.352,72.5,3215.63,25.84,0.59,-0.0056305567
2020-07-24,AAPL,88.177813,89.755051,185438800,0.09,258.352,72.5,3215.63,25.84,0.59,-0.0024770242
2020-07-27,AAPL,90.816233,91.882263,121214000,0.09,258.352,72.5,3239.41,24.74,0.62,0.0237001986
2020-07-27,GOOGL,75.095602,75.898033,27124000,0.09,258.352,72.5,3239.41,24.74,0.62,0.0140696057
2020-07-27,NVDA,10.19749,10.386097,292132000,0.09,258.352,72.5,3239.41,24.74,0.62,0.0222667985
2020-07-28,NVDA,10.33901,10.180799,271636000,0.09,258.352,72.5,3218.44,25.44,0.59,-0.0197666577
2020-07-28,GOOGL,75.67819,74.618698,30910000,0.09,258.352,72.5,3218.44,25.44,0.59,-0.0168559707
2020-07-28,AAPL,91.453415,90.372849,103625600,0.09,258.352,72.5,3218.44,25.44,0.59,-0.0164277045
2020-07-29,AAPL,90.855005,92.105171,90329200,0.09,258.352,72.5,3258.44,24.1,0.58,0.0191686189
2020-07-29,GOOGL,74.685697,75.604256,22676000,0.09,258.352,72.5,3258.44,24.1,0.58,0.0132079168
2020-07-29,NVDA,10.355452,10.429948,284508000,0.09,258.352,72.5,3258.44,24.1,0.58,0.0244724735
2020-07-30,NVDA,10.339757,10.577946,308880000,0.09,258.352,72.5,3246.22,24.76,0.55,0.0141897024
2020-07-30,GOOGL,74.336834,76.34169,36042000,0.09,258.352,72.5,3246.22,24.76,0.55,0.009753874
2020-07-30,AAPL,91.278978,93.219643,158130000,0.09,258.352,72.5,3246.22,24.76,0.55,0.0120999877
2020-07-31,AAPL,99.707904,102.978683,374336800,0.09,258.352,72.5,3271.12,24.46,0.55,0.1046886746
2020-07-31,GOOGL,74.291182,73.839592,91468000,0.09,258.352,72.5,3271.12,24.46,0.55,-0.0327749894
2020-08-03,NVDA,10.696044,10.972851,412720000,0.09,258.352,72.5,3294.61,24.28,0.56,0.0372596486
2020-08-03,GOOGL,73.990944,73.582031,45482000,0.09,258.352,72.5,3294.61,24.28,0.56,-0.0034881115
2020-08-03,AAPL,104.858773,105.573502,308151200,0.09,258.352,72.5,3294.61,24.28,0.56,0.0251976237
2020-08-04,AAPL,105.762492,106.278549,173071600,0.09,258.352,72.5,3306.51,23.76,0.52,0.006678263
2020-08-04,GOOGL,73.778053,73.112579,37212000,0.09,258.352,72.5,3306.51,23.76,0.52,-0.0063799802
2020-08-04,NVDA,11.012464,11.18961,310336000,0.09,258.352,72.5,3306.51,23.76,0.52,0.0197540942
2020-08-05,NVDA,11.205803,11.248407,249924000,0.09,258.352,72.5,3327.77,22.99,0.55,0.0052546817
2020-08-05,GOOGL,73.287266,73.39991,29134000,0.09,258.352,72.5,3327.77,22.99,0.55,0.0039299753
2020-08-05,AAPL,105.999905,106.66375,121776800,0.09,258.352,72.5,3327.77,22.99,0.55,0.0036244426
2020-08-06,AAPL,106.995668,110.385162,202428800,0.09,258.352,72.5,3349.16,22.65,0.55,0.0348891978
2020-08-06,GOOGL,73.254009,74.683205,33306000,0.09,258.352,72.5,3349.16,22.65,0.55,0.0174836002
2020-08-06,NVDA,11.311196,11.296994,244316000,0.09,258.352,72.5,3349.16,22.65,0.55,0.0043194422
2020-08-07,NVDA,11.274071,11.161455,342516000,0.09,258.352,72.5,3351.28,22.21,0.57,-0.011997798
2020-08-07,GOOGL,74.886174,74.356674,27718000,0.09,258.352,72.5,3351.28,22.21,0.57,-0.0043722074
2020-08-07,AAPL,109.907035,107.875496,198045600,0.09,258.352,72.5,3351.28,22.21,0.57,-0.0227355415
2020-08-10,AAPL,109.319655,109.443443,212403600,0.09,258.352,72.5,3360.47,22.13,0.59,0.0145347873
2020-08-10,GOOGL,73.981017,74.279762,20546000,0.09,258.352,72.5,3360.47,22.13,0.59,-0.0010343648
2020-08-10,NVDA,11.295747,11.127071,427796000,0.09,258.352,72.5,3360.47,22.13,0.59,-0.0030805816
2020-08-11,NVDA,11.036132,10.813143,354512000,0.09,258.352,72.5,3333.69,24.03,0.64,-0.0282130485
2020-08-11,GOOGL,74.13982,73.47187,31098000,0.09,258.352,72.5,3333.69,24.03,0.64,-0.0108763386
2020-08-11,AAPL,108.708008,106.188606,187902400,0.09,258.352,72.5,3333.69,24.03,0.64,-0.0297398998
2020-08-12,AAPL,107.278419,109.717728,165598000,0.09,258.352,72.5,3380.35,22.28,0.69,0.0332344639
2020-08-12,GOOGL,73.798407,74.79686,22512000,0.09,258.352,72.5,3380.35,22.28,0.69,0.0180339674
2020-08-12,NVDA,10.953415,11.401388,464412000,0.09,258.352,72.5,3380.35,22.28,0.69,0.0544009641
2020-08-13,NVDA,11.50678,11.40413,374460000,0.09,258.352,72.5,3373.43,22.13,0.71,0.0002404807
2020-08-13,GOOGL,74.844992,75.263824,22388000,0.09,258.352,72.5,3373.43,22.13,0.71,0.006243106
2020-08-13,AAPL,111.096365,111.65947,210082000,0.09,258.352,72.5,3373.43,22.13,0.71,0.0176976135
2020-08-14,GOOGL,75.112974,74.667343,21942000,0.09,258.352,72.5,3372.85,22.05,0.71,-0.0079252061
2020-08-14,NVDA,11.490832,11.524717,366436000,0.09,258.352,72.5,3372.85,22.05,0.71,0.0105740069
2020-08-17,NVDA,11.810991,12.295091,621300000,0.09,258.352,72.5,3381.99,21.35,0.69,0.0668453136
2020-08-17,GOOGL,75.230074,75.243469,19990000,0.09,258.352,72.5,3381.99,21.35,0.69,0.0077159046
2020-08-17,AAPL,112.681275,111.268661,119561600,0.09,258.352,72.5,3381.99,21.35,0.69,-0.0026108604
2020-08-18,AAPL,111.021098,112.195847,105633600,0.09,258.352,72.5,3389.78,21.51,0.67,0.0083328499
2020-08-18,GOOGL,75.73377,77.20565,28378000,0.09,258.352,72.5,3389.78,21.51,0.67,0.0260777595
2020-08-18,NVDA,12.407707,12.2191,503448000,0.09,258.352,72.5,3389.78,21.51,0.67,-0.0061805707
2020-08-19,NVDA,12.25473,12.097267,622624000,0.09,258.352,72.5,3374.85,22.54,0.68,-0.0099706891
2020-08-19,GOOGL,77.042387,76.651344,30472000,0.09,258.352,72.5,3374.85,22.54,0.68,-0.0071796044
2020-08-19,AAPL,112.603614,112.336624,145538000,0.09,258.352,72.5,3374.85,22.54,0.68,0.0012547487
2020-08-20,AAPL,112.377897,114.829338,126907200,0.09,258.352,72.5,3385.51,22.72,0.65,0.0221896817
2020-08-20,GOOGL,76.421082,78.221481,26382000,0.09,258.352,72.5,3385.51,22.72,0.65,0.020484142
2020-08-20,NVDA,11.934321,12.099756,921388000,0.09,258.352,72.5,3385.51,22.72,0.65,0.0002057564
2020-08-21,NVDA,12.160302,12.640416,999868000,0.09,258.352,72.5,3397.16,22.54,0.64,0.0446835369
2020-08-21,GOOGL,78.000643,78.187737,34838000,0.09,258.352,72.5,3397.16,22.54,0.64,-0.0004314008
2020-08-21,AAPL,115.788062,120.746773,338054800,0.09,258.352,72.5,3397.16,22.54,0.64,0.0515324288
2020-08-24,AAPL,124.948193,122.190933,345937600,0.09,258.352,72.5,3431.28,22.37,0.65,0.0119602407
2020-08-24,GOOGL,79.026392,78.663139,25638000,0.09,258.352,72.5,3431.28,22.37,0.65,0.0060802736
2020-08-24,NVDA,12.839983,12.677038,490564000,0.09,258.352,72.5,3431.28,22.37,0.65,0.0028972185
2020-08-25,NVDA,12.587844,12.706689,289076000,0.09,258.352,72.5,3443.62,22.03,0.69,0.0023389287
2020-08-25,GOOGL,78.412533,79.690384,25150000,0.09,258.352,72.5,3443.62,22.03,0.69,0.0130587792
2020-08-25,AAPL,121.064711,121.188492,211495600,0.09,258.352,72.5,3443.62,22.03,0.69,-0.0082038935
2020-08-26,AAPL,122.504057,122.836578,163022400,0.09,258.352,72.5,3478.73,23.27,0.69,0.0135993651
2020-08-26,GOOGL,79.712709,81.590019,52188000,0.09,258.352,72.5,3478.73,23.27,0.69,0.0238376981
2020-08-26,NVDA,12.755773,12.729612,321244000,0.09,258.352,72.5,3478.73,23.27,0.69,0.0018040474
2020-08-27,NVDA,12.738083,12.585354,317604000,0.09,258.352,72.5,3484.55,24.47,0.74,-0.0113325131
2020-08-27,GOOGL,81.713096,80.815384,31350000,0.09,258.352,72.5,3484.55,24.47,0.74,-0.0094942411
2020-08-27,AAPL,123.438492,121.368118,155552400,0.09,258.352,72.5,3484.55,24.47,0.74,-0.0119545831
2020-08-28,AAPL,122.34139,121.171501,187630000,0.09,258.352,72.5,3508.01,22.96,0.74,-0.0016200064
2020-08-28,GOOGL,80.86253,81.356789,22418000,0.09,258.352,72.5,3508.01,22.96,0.74,0.006699278
2020-08-28,NVDA,12.631944,13.103087,537160000,0.09,258.352,72.5,3508.01,22.96,0.74,0.0411377844
2020-08-31,NVDA,13.137969,13.329068,500840000,0.09,258.352,72.5,3500.31,26.41,0.72,0.0172463749
2020-08-31,GOOGL,81.562241,80.865509,26422000,0.09,258.352,72.5,3500.31,26.41,0.72,-0.0060385815
2020-08-31,AAPL,123.86325,125.280708,225702700,0.09,258.352,72.5,3500.31,26.41,0.72,0.0339123236
2020-09-01,AAPL,128.892336,130.270966,151948100,0.09,259.997,80.4,3526.65,26.12,0.68,0.0398326074
2020-09-01,NVDA,13.438228,13.778172,511316000,0.09,259.997,80.4,3526.65,26.12,0.68,0.0336935298
2020-09-02,NVDA,14.658184,14.302042,874012000,0.09,259.997,80.4,3580.84,26.57,0.66,0.0380217699
2020-09-02,GOOGL,82.775069,85.225555,49522000,0.09,259.997,80.4,3580.84,26.57,0.66,0.0376476769
2020-09-02,AAPL,133.581648,127.571976,200119000,0.09,259.997,80.4,3580.84,26.57,0.66,-0.0207182764
2020-09-03,AAPL,123.212781,117.358444,257599600,0.09,259.997,80.4,3455.06,33.6,0.63,-0.0800609337
2020-09-03,GOOGL,84.338763,80.864517,63726000,0.09,259.997,80.4,3455.06,33.6,0.63,-0.051170546
2020-09-03,NVDA,13.785898,12.975168,945128000,0.09,259.997,80.4,3455.06,33.6,0.63,-0.0927751281
2020-09-04,NVDA,12.744134,12.583385,1463684000,0.09,259.997,80.4,3426.96,30.75,0.72,-0.0301948851
2020-09-04,GOOGL,79.846705,78.467628,55850000,0.09,259.997,80.4,3426.96,30.75,0.72,-0.0296407969
2020-09-04,AAPL,116.57204,117.436111,332607200,0.09,259.997,80.4,3426.96,30.75,0.72,0.000661795
2020-09-08,AAPL,110.630334,109.533257,231366600,0.09,259.997,80.4,3331.84,31.46,0.69,-0.0672949302
2020-09-08,GOOGL,75.678194,75.608719,54032000,0.09,259.997,80.4,3331.84,31.46,0.69,-0.0364342553
2020-09-08,NVDA,11.698138,11.876085,795728000,0.09,259.997,80.4,3331.84,31.46,0.69,-0.0562089819
2020-09-09,NVDA,12.361574,12.675598,736200000,0.09,259.997,80.4,3398.96,28.81,0.71,0.0673212464
2020-09-09,GOOGL,76.864227,76.781357,39242000,0.09,259.997,80.4,3398.96,28.81,0.71,0.0155092952
2020-09-09,AAPL,113.843896,113.902145,176940500,0.09,259.997,80.4,3398.96,28.81,0.71,0.0398864143
2020-09-10,AAPL,116.8536,110.183739,182274400,0.09,259.997,80.4,3339.19,29.71,0.68,-0.0326456246
2020-09-10,GOOGL,76.927758,75.730301,33024000,0.09,259.997,80.4,3339.19,29.71,0.68,-0.0136889468
2020-09-10,NVDA,12.949001,12.273601,698684000,0.09,259.997,80.4,3339.19,29.71,0.68,-0.0317142877
2020-09-11,NVDA,12.446808,12.126802,636928000,0.09,259.997,80.4,3340.97,26.87,0.67,-0.0119604783
2020-09-11,GOOGL,75.834519,75.219666,30706000,0.09,259.997,80.4,3340.97,26.87,0.67,-0.0067428146
2020-09-11,AAPL,111.232289,108.73716,180860300,0.09,259.997,80.4,3340.97,26.87,0.67,-0.0131287883
2020-09-14,AAPL,111.377875,111.999229,140150100,0.09,259.997,80.4,3383.54,25.85,0.68,0.0299995853
2020-09-14,GOOGL,76.008198,74.875755,42660000,0.09,259.997,80.4,3383.54,25.85,0.68,-0.0045720785
2020-09-14,NVDA,13.040464,12.83236,1201744000,0.09,259.997,80.4,3383.54,25.85,0.68,0.0581816869
2020-09-15,NVDA,13.238847,12.950743,727556000,0.09,259.997,80.4,3401.2,25.59,0.68,0.0092253063
2020-09-15,GOOGL,75.821612,76.180397,23042000,0.09,259.997,80.4,3401.2,25.59,0.68,0.0174240877
2020-09-15,AAPL,114.882724,112.174004,184642000,0.09,259.997,80.4,3401.2,25.59,0.68,0.0015604944
2020-09-16,AAPL,111.873037,108.863342,154679000,0.09,259.997,80.4,3385.49,26.04,0.69,-0.0295136236
2020-09-16,GOOGL,76.545643,75.037537,22128000,0.09,259.997,80.4,3385.49,26.04,0.69,-0.0150020275
2020-09-16,NVDA,12.917096,12.475718,556384000,0.09,259.997,80.4,3385.49,26.04,0.69,-0.0366793035
2020-09-17,NVDA,12.094654,12.424878,792512000,0.09,259.997,80.4,3357.01,26.46,0.69,-0.0040751463
2020-09-17,GOOGL,73.733387,73.794426,40008000,0.09,259.997,80.4,3357.01,26.46,0.69,-0.0165665174
2020-09-17,AAPL,106.523548,107.125481,178011000,0.09,259.997,80.4,3357.01,26.46,0.69,-0.015963699
2020-09-18,AAPL,107.183756,103.727463,287104900,0.09,259.997,80.4,3319.47,25.83,0.7,-0.0317199779
2020-09-18,GOOGL,73.856951,72.010399,63056000,0.09,259.997,80.4,3319.47,25.83,0.7,-0.0241756349
2020-09-18,NVDA,12.554726,12.15148,698460000,0.09,259.997,80.4,3319.47,25.83,0.7,-0.0220041112
2020-09-21,NVDA,11.888047,12.478461,721044000,0.09,259.997,80.4,3281.06,27.78,0.68,0.0269087841
2020-09-21,GOOGL,71.044214,70.970772,56908000,0.09,259.997,80.4,3281.06,27.78,0.68,-0.0144371798
2020-09-21,AAPL,101.494471,106.873077,195713800,0.09,259.997,80.4,3281.06,27.78,0.68,0.0303257647
2020-09-22,AAPL,109.397331,108.552673,183055400,0.09,259.997,80.4,3315.57,26.86,0.68,0.0157158004
2020-09-22,GOOGL,71.97219,72.443626,33950000,0.09,259.997,80.4,3315.57,26.86,0.68,0.0207529745
2020-09-22,NVDA,12.536032,12.598587,646452000,0.09,259.997,80.4,3315.57,26.86,0.68,0.0096266493
2020-09-23,NVDA,12.53653,12.08618,647012000,0.09,259.997,80.4,3236.92,28.58,0.68,-0.0406718072
2020-09-23,GOOGL,72.060032,69.94104,37726000,0.09,259.997,80.4,3236.92,28.58,0.68,-0.0345452939
2020-09-23,AAPL,108.368224,103.999321,150718700,0.09,259.997,80.4,3236.92,28.58,0.68,-0.0419460177
2020-09-24,AAPL,102.106105,105.067253,167743300,0.09,259.997,80.4,3246.59,28.51,0.67,0.0102686452
2020-09-24,GOOGL,69.608061,70.609489,34552000,0.09,259.997,80.4,3246.59,28.51,0.67,0.0095573272
2020-09-24,NVDA,12.034841,12.309735,731240000,0.09,259.997,80.4,3246.59,28.51,0.67,0.018496793
2020-09-25,NVDA,12.408928,12.833857,588016000,0.09,259.997,80.4,3298.46,26.38,0.66,0.0425777868
2020-09-25,GOOGL,70.718174,71.413422,30326000,0.09,259.997,80.4,3298.46,26.38,0.66,0.0113856111
2020-09-25,AAPL,105.271157,109.008995,149981400,0.09,259.997,80.4,3298.46,26.38,0.66,0.03751637
2020-09-28,AAPL,111.659455,111.610909,137672400,0.09,259.997,80.4,3351.6,26.19,0.67,0.0238687959
2020-09-28,GOOGL,73.047568,72.386063,30784000,0.09,259.997,80.4,3351.6,26.19,0.67,0.0136198626
2020-09-28,NVDA,12.999837,12.994603,573808000,0.09,259.997,80.4,3351.6,26.19,0.67,0.0125251964
2020-09-29,NVDA,12.897409,13.184766,621460000,0.09,259.997,80.4,3335.47,26.27,0.66,0.014633972
2020-09-29,GOOGL,72.646604,72.751312,31816000,0.09,259.997,80.4,3335.47,26.27,0.66,0.0050458558
2020-09-29,AAPL,111.212841,110.766235,99382200,0.09,259.997,80.4,3335.47,26.27,0.66,-0.0075680161
2020-09-30,AAPL,110.475001,112.43615,142675200,0.09,259.997,80.4,3363.0,26.37,0.69,0.0150760224
2020-09-30,GOOGL,72.499207,72.730461,40924000,0.09,259.997,80.4,3363.0,26.37,0.69,-0.0002866084
2020-09-30,NVDA,13.116728,13.488572,689184000,0.09,259.997,80.4,3363.0,26.37,0.69,0.0230422223
2020-10-01,NVDA,13.715366,13.57231,525004000,0.09,260.319,81.8,3380.8,26.7,0.68,0.0062080943
2020-10-01,GOOGL,73.626704,73.837112,32884000,0.09,260.319,81.8,3380.8,26.7,0.68,0.0152157884
2020-10-01,AAPL,114.212832,113.387596,116120400,0.09,260.319,81.8,3380.8,26.7,0.68,0.0084621053
2020-10-02,AAPL,109.601215,109.727425,144712000,0.09,260.319,81.8,3348.44,27.63,0.7,-0.0322801756
2020-10-02,GOOGL,72.434204,72.234215,31222000,0.09,260.319,81.8,3348.44,27.63,0.7,-0.0217085635
2020-10-02,NVDA,13.184018,13.021772,552496000,0.09,260.319,81.8,3348.44,27.63,0.7,-0.0405633267
2020-10-05,NVDA,13.194984,13.600224,479820000,0.09,260.319,81.8,3408.63,27.96,0.78,0.0444219184
2020-10-05,GOOGL,72.584074,73.58551,21602000,0.09,260.319,81.8,3408.63,27.96,0.78,0.0187071386
2020-10-05,AAPL,110.591491,113.106033,106243800,0.09,260.319,81.8,3408.63,27.96,0.78,0.0307909232
2020-10-06,AAPL,112.329331,109.863335,161498200,0.09,260.319,81.8,3360.95,29.48,0.76,-0.0286695464
2020-10-06,GOOGL,73.221763,72.006943,26096000,0.09,260.319,81.8,3360.95,29.48,0.76,-0.0214521514
2020-10-06,NVDA,13.787145,13.693934,784420000,0.09,260.319,81.8,3360.95,29.48,0.76,0.0068903234
2020-10-07,NVDA,13.956367,13.920728,418084000,0.09,260.319,81.8,3419.45,28.06,0.81,0.0165615872
2020-10-07,GOOGL,72.418332,72.409897,36108000,0.09,260.319,81.8,3419.45,28.06,0.81,0.0055960451
2020-10-07,AAPL,111.280796,111.727394,96849000,0.09,260.319,81.8,3419.45,28.06,0.81,0.0169670751
2020-10-08,AAPL,112.86333,111.620621,83477200,0.09,260.319,81.8,3446.83,26.36,0.78,-0.0009556598
2020-10-08,GOOGL,72.723012,73.615273,26076000,0.09,260.319,81.8,3446.83,26.36,0.78,0.0166465597
2020-10-08,NVDA,14.031383,13.795865,378900000,0.09,260.319,81.8,3446.83,26.36,0.78,-0.0089695505
2020-10-09,NVDA,13.724339,13.720101,346892000,0.09,260.319,81.8,3477.13,25.0,0.79,-0.0054917689
2020-10-09,GOOGL,74.083255,74.956161,32966000,0.09,260.319,81.8,3477.13,25.0,0.79,0.0182148205
2020-10-09,AAPL,111.921572,113.56234,100506900,0.09,260.319,81.8,3477.13,25.0,0.79,0.017395702
2020-10-12,AAPL,116.562319,120.775887,240226800,0.09,260.319,81.8,3534.22,25.07,0.79,0.0635205894
2020-10-12,GOOGL,76.323324,77.642853,55344000,0.09,260.319,81.8,3534.22,25.07,0.79,0.0358435015
2020-10-12,NVDA,13.946149,14.181916,434744000,0.09,260.319,81.8,3534.22,25.07,0.79,0.033659728
2020-10-13,NVDA,14.2522,14.2041,344604000,0.09,260.319,81.8,3511.93,26.07,0.74,0.0015642046
2020-10-13,GOOGL,78.259197,77.765923,39072000,0.09,260.319,81.8,3511.93,26.07,0.74,0.0015850752
2020-10-13,AAPL,121.620536,117.572021,262330500,0.09,260.319,81.8,3511.93,26.07,0.74,-0.0265273569
2020-10-14,AAPL,117.474949,117.659416,150712000,0.09,260.319,81.8,3488.67,26.4,0.73,0.0007433292
2020-10-14,GOOGL,78.139607,77.585785,33174000,0.09,260.319,81.8,3488.67,26.4,0.73,-0.0023164084
2020-10-14,NVDA,14.246216,14.051572,276100000,0.09,260.319,81.8,3488.67,26.4,0.73,-0.0107382948
2020-10-15,NVDA,13.767952,13.926709,267224000,0.09,260.319,81.8,3483.34,26.97,0.74,-0.0088860287
2020-10-15,GOOGL,76.645883,77.190269,31210000,0.09,260.319,81.8,3483.34,26.97,0.74,-0.0050977823
2020-10-16,AAPL,117.74679,115.552628,115393800,0.09,260.319,81.8,3483.81,27.41,0.76,-0.0140004682
2020-10-16,GOOGL,77.505878,77.79718,34194000,0.09,260.319,81.8,3483.81,27.41,0.76,0.0078625287
2020-10-16,NVDA,13.993253,13.768701,242392000,0.09,260.319,81.8,3483.81,27.41,0.76,-0.0113457223
2020-10-19,NVDA,13.859916,13.455922,298068000,0.09,260.319,81.8,3426.92,29.18,0.78,-0.0227166297
2020-10-19,GOOGL,78.205607,75.923843,29734000,0.09,260.319,81.8,3426.92,29.18,0.78,-0.0240797518
2020-10-19,AAPL,116.465252,112.601204,120639300,0.09,260.319,81.8,3426.92,29.18,0.78,-0.0255418133
2020-10-20,AAPL,112.81479,114.086632,124423700,0.09,260.319,81.8,3443.12,29.35,0.81,0.0131919358
2020-10-20,GOOGL,75.584409,76.97242,41670000,0.09,260.319,81.8,3443.12,29.35,0.81,0.0138108967
2020-10-20,NVDA,13.541411,13.603219,229212000,0.09,260.319,81.8,3443.12,29.35,0.81,0.0109466229
2020-10-21,NVDA,13.582779,13.48284,219596000,0.09,260.319,81.8,3435.56,28.65,0.83,-0.0088493354
2020-10-21,GOOGL,77.903871,78.704819,60322000,0.09,260.319,81.8,3435.56,28.65,0.83,0.0225067497
2020-10-21,AAPL,113.271085,113.465263,89946000,0.09,260.319,81.8,3435.56,28.65,0.83,-0.0054464612
2020-10-22,AAPL,114.028371,112.377899,101988000,0.09,260.319,81.8,3453.49,28.11,0.87,-0.0095832342
2020-10-22,GOOGL,78.655697,79.730576,30512000,0.09,260.319,81.8,3453.49,28.11,0.87,0.013032961
2020-10-22,NVDA,13.480595,13.319595,290480000,0.09,260.319,81.8,3453.49,28.11,0.87,-0.0121075569
2020-10-23,NVDA,13.40832,13.548136,233484000,0.09,260.319,81.8,3465.39,27.55,0.85,0.0171582105
2020-10-23,GOOGL,80.146943,81.03672,30548000,0.09,260.319,81.8,3465.39,27.55,0.85,0.0163819803
2020-10-23,AAPL,112.999237,111.688568,82572600,0.09,260.319,81.8,3465.39,27.55,0.85,-0.0061340447
2020-10-26,GOOGL,80.144445,78.620461,35826000,0.09,260.319,81.8,3400.97,32.46,0.81,-0.0298168504
2020-10-26,NVDA,13.385393,13.100528,336896000,0.09,260.319,81.8,3400.97,32.46,0.81,-0.0330383458
2020-10-27,NVDA,13.264768,13.355237,250520000,0.09,260.319,81.8,3390.68,33.35,0.79,0.0194426704
2020-10-27,GOOGL,78.850731,79.344498,25902000,0.09,260.319,81.8,3390.68,33.35,0.79,0.0092092716
2020-10-27,AAPL,112.125462,113.203125,92276800,0.09,260.319,81.8,3390.68,33.35,0.79,0.0134721299
2020-10-28,AAPL,111.698295,107.960449,143937800,0.09,260.319,81.8,3271.03,40.28,0.79,-0.0463121118
2020-10-28,GOOGL,76.919319,74.973518,45174000,0.09,260.319,81.8,3271.03,40.28,0.79,-0.0550886254
2020-10-28,NVDA,13.157104,12.587873,376520000,0.09,260.319,81.8,3271.03,40.28,0.79,-0.0574578757
2020-10-29,NVDA,12.798712,12.983637,320080000,0.09,260.319,81.8,3310.11,37.59,0.85,0.0314400521
2020-10-29,GOOGL,75.282188,77.260246,55406000,0.09,260.319,81.8,3310.11,37.59,0.85,0.0305004748
2020-10-29,AAPL,109.096348,111.960403,146129200,0.09,260.319,81.8,3310.11,37.59,0.85,0.0370501814
2020-10-30,AAPL,107.824527,105.688622,190272600,0.09,260.319,81.8,3269.96,38.02,0.88,-0.0560178575
2020-10-30,GOOGL,82.746791,80.199532,99878000,0.09,260.319,81.8,3269.96,38.02,0.88,0.0380439543
2020-10-30,NVDA,12.810181,12.49516,416820000,0.09,260.319,81.8,3269.96,38.02,0.88,-0.0376224904
2020-11-02,NVDA,12.618523,12.541762,299652000,0.09,260.319,81.8,3310.24,37.13,0.87,0.003729624
2020-11-02,GOOGL,80.568247,80.606956,44228000,0.09,260.319,81.8,3310.24,37.13,0.87,0.005080141
2020-11-02,AAPL,105.931333,105.601234,122866900,0.09,260.319,81.8,3310.24,37.13,0.87,-0.0008268353
2020-11-03,AAPL,106.465327,107.222603,107624400,0.09,260.319,81.8,3369.16,35.55,0.9,0.015353688
2020-11-03,GOOGL,80.926539,81.665947,31432000,0.09,260.319,81.8,3369.16,35.55,0.9,0.0131377058
2020-11-03,NVDA,12.669119,12.979156,272900000,0.09,260.319,81.8,3369.16,35.55,0.9,0.0348749383
2020-11-04,NVDA,13.347758,13.751503,410228000,0.09,260.319,81.8,3443.44,29.57,0.78,0.0595067566
2020-11-04,GOOGL,84.639489,86.637894,71342000,0.09,260.319,81.8,3443.44,29.57,0.78,0.0608815167
2020-11-04,AAPL,110.814804,111.601204,138235500,0.09,260.319,81.8,3443.44,29.57,0.78,0.040836549
2020-11-05,AAPL,114.513809,115.562347,126387100,0.09,260.319,81.8,3510.45,27.58,0.79,0.0354937344
2020-11-05,GOOGL,87.858675,87.464157,39758000,0.09,260.319,81.8,3510.45,27.58,0.79,0.009536975
2020-11-05,NVDA,14.118614,14.116121,319028000,0.09,260.319,81.8,3510.45,27.58,0.79,0.0265147964
2020-11-06,NVDA,14.066024,14.516873,383348000,0.09,260.319,81.8,3509.44,24.86,0.83,0.028389673
2020-11-06,GOOGL,86.910342,87.326698,28622000,0.09,260.319,81.8,3509.44,24.86,0.83,-0.0015716015
2020-11-06,AAPL,115.071202,115.431046,114457900,0.09,260.319,81.8,3509.44,24.86,0.83,-0.0011361995
2020-11-09,AAPL,117.191349,113.126122,154515300,0.09,260.319,81.8,3550.5,25.75,0.96,-0.0199679731
2020-11-09,GOOGL,89.125591,87.410545,53440000,0.09,260.319,81.8,3550.5,25.75,0.96,0.0009601536
2020-11-09,NVDA,14.507404,13.588511,582976000,0.09,260.319,81.8,3550.5,25.75,0.96,-0.0639506058
2020-11-10,NVDA,13.564334,12.730427,644068000,0.09,260.319,81.8,3545.53,24.8,0.98,-0.0631477397
2020-11-10,GOOGL,85.839933,86.234451,43022000,0.09,260.319,81.8,3545.53,24.8,0.98,-0.0134548303
2020-11-10,AAPL,112.377247,112.785713,138023400,0.09,260.319,81.8,3545.53,24.8,0.98,-0.0030091045
2020-11-11,AAPL,113.972211,116.209053,112295000,0.09,260.319,81.8,3572.66,23.45,0.98,0.0303526018
2020-11-11,GOOGL,86.764431,86.706375,31838000,0.09,260.319,81.8,3572.66,23.45,0.98,0.0054725672
2020-11-11,NVDA,13.0133,13.376421,404744000,0.09,260.319,81.8,3572.66,23.45,0.98,0.0507441107
2020-11-12,NVDA,13.437231,13.41505,365812000,0.09,260.319,81.8,3537.01,25.35,0.88,0.0028878112
2020-11-12,GOOGL,86.446833,86.487526,26474000,0.09,260.319,81.8,3537.01,25.35,0.88,-0.0025240264
2020-11-12,AAPL,116.335513,115.936768,103162300,0.09,260.319,81.8,3537.01,25.35,0.88,-0.0023430658
2020-11-13,AAPL,116.160471,115.985413,81581900,0.09,260.319,81.8,3585.15,23.1,0.89,0.0004195823
2020-11-13,GOOGL,86.744578,87.948479,29744000,0.09,260.319,81.8,3585.15,23.1,0.89,0.0168920633
2020-11-13,NVDA,13.585024,13.255797,346312000,0.09,260.319,81.8,3585.15,23.1,0.89,-0.0118711575
2020-11-16,NVDA,13.131681,13.47337,413776000,0.09,260.319,81.8,3626.91,22.45,0.91,0.0164133628
2020-11-16,GOOGL,87.54554,88.036331,25468000,0.09,260.319,81.8,3626.91,22.45,0.91,0.0009989084
2020-11-16,AAPL,115.654721,116.996834,91183000,0.09,260.319,81.8,3626.91,22.45,0.91,0.0087202449
2020-11-17,AAPL,116.267434,116.111824,74271000,0.09,260.319,81.8,3609.53,22.71,0.87,-0.0075643907
2020-11-17,GOOGL,87.730128,87.422455,21314000,0.09,260.319,81.8,3609.53,22.71,0.87,-0.0069729887
2020-11-17,NVDA,13.510504,13.380657,312028000,0.09,260.319,81.8,3609.53,22.71,0.87,-0.0068811593
2020-11-18,NVDA,13.423523,13.387136,510924000,0.09,260.319,81.8,3567.79,23.84,0.88,0.0004842261
2020-11-18,GOOGL,87.173353,86.379349,20108000,0.09,260.319,81.8,3567.79,23.84,0.88,-0.0119317866
2020-11-18,AAPL,115.353238,114.789162,76322100,0.09,260.319,81.8,3567.79,23.84,0.88,-0.0113912805
2020-11-19,AAPL,114.361236,115.382408,74113000,0.09,260.319,81.8,3581.87,23.11,0.86,0.00516814
2020-11-19,GOOGL,86.01163,87.269127,20106000,0.09,260.319,81.8,3581.87,23.11,0.86,0.0103008202
2020-11-19,NVDA,13.171805,13.3986,565936000,0.09,260.319,81.8,3581.87,23.11,0.86,0.0008562821
2020-11-20,NVDA,13.412309,13.047194,341088000,0.09,260.319,81.8,3557.54,23.7,0.83,-0.0262270765
2020-11-20,GOOGL,87.43933,86.167938,27694000,0.09,260.319,81.8,3557.54,23.7,0.83,-0.0126183073
2020-11-20,AAPL,115.382419,114.118111,73604300,0.09,260.319,81.8,3557.54,23.7,0.83,-0.0109574545
2020-11-23,AAPL,113.962498,110.72393,127959300,0.09,260.319,81.8,3577.59,22.66,0.86,-0.0297426962
2020-11-23,GOOGL,86.358504,85.730247,22530000,0.09,260.319,81.8,3577.59,22.66,0.86,-0.005079508
2020-11-23,NVDA,13.130435,13.099282,361356000,0.09,260.319,81.8,3577.59,22.66,0.86,0.0039923327
2020-11-24,NVDA,13.101774,12.917597,346500000,0.09,260.319,81.8,3635.41,21.64,0.88,-0.0138698781
2020-11-24,GOOGL,85.727264,87.533615,27984000,0.09,260.319,81.8,3635.41,21.64,0.88,0.0210353716
2020-11-24,AAPL,110.7823,112.007698,113874200,0.09,260.319,81.8,3635.41,21.64,0.88,0.0115943111
2020-11-25,GOOGL,87.727655,87.545029,19600000,0.09,260.319,81.8,3629.65,21.25,0.88,0.0001303908
2020-11-25,NVDA,12.992117,13.19374,259916000,0.09,260.319,81.8,3629.65,21.25,0.88,0.0213772792
2020-11-27,NVDA,13.333555,13.220157,167276000,0.09,260.319,81.8,3638.35,20.84,0.84,0.0020022207
2020-11-27,GOOGL,87.565375,88.680946,14790000,0.09,260.319,81.8,3638.35,20.84,0.84,0.0129752389
2020-11-27,AAPL,113.369255,113.388702,46691300,0.09,260.319,81.8,3638.35,20.84,0.84,0.0048264118
2020-11-30,AAPL,113.758276,115.781166,169410200,0.09,260.319,81.8,3621.63,20.57,0.84,0.0210996654
2020-11-30,GOOGL,88.116719,87.062187,32418000,0.09,260.319,81.8,3621.63,20.57,0.84,-0.0182537425
2020-11-30,NVDA,13.223895,13.359971,286952000,0.09,260.319,81.8,3621.63,20.57,0.84,0.0105758487
2020-12-01,NVDA,13.45044,13.348507,296948000,0.09,262.045,80.7,3662.45,20.77,0.92,-0.0008580946
2020-12-01,GOOGL,87.670582,89.094818,37350000,0.09,262.045,80.7,3662.45,20.77,0.92,0.0233468856
2020-12-01,AAPL,117.687341,119.350388,127728200,0.09,262.045,80.7,3662.45,20.77,0.92,0.0308273065
2020-12-02,AAPL,118.669616,119.700516,89004200,0.09,262.045,80.7,3669.01,21.17,0.95,0.0029336157
2020-12-02,GOOGL,89.09482,90.564217,29424000,0.09,262.045,80.7,3669.01,21.17,0.95,0.0164925248
2020-12-02,NVDA,13.309129,13.502528,283360000,0.09,262.045,80.7,3669.01,21.17,0.95,0.0115384637
2020-12-03,NVDA,13.549396,13.358434,199520000,0.09,262.045,80.7,3666.72,21.28,0.92,-0.0106716657
2020-12-03,GOOGL,90.344382,90.408897,24728000,0.09,262.045,80.7,3666.72,21.28,0.92,-0.0017150175
2020-12-03,AAPL,120.128408,119.564339,78967600,0.09,262.045,80.7,3666.72,21.28,0.92,-0.0011376481
2020-12-04,AAPL,119.233684,118.893295,78260400,0.09,262.045,80.7,3699.12,20.79,0.97,-0.0056124042
2020-12-04,GOOGL,90.328506,90.504181,20544000,0.09,262.045,80.7,3699.12,20.79,0.97,0.0010539174
2020-12-04,NVDA,13.410786,13.520229,202244000,0.09,262.045,80.7,3699.12,20.79,0.97,0.0121118703
2020-12-07,NVDA,13.563109,13.568593,223244000,0.09,262.045,80.7,3691.96,21.3,0.94,0.003577135
2020-12-07,GOOGL,90.096746,90.170197,22288000,0.09,262.045,80.7,3691.96,21.3,0.94,-0.0036902646
2020-12-08,AAPL,120.955093,120.964813,82225500,0.09,262.045,80.7,3702.25,20.68,0.92,0.0050909071
2020-12-08,GOOGL,89.747895,89.887337,19936000,0.09,262.045,80.7,3702.25,20.68,0.92,-0.0031369545
2020-12-08,NVDA,13.546903,13.312562,271920000,0.09,262.045,80.7,3702.25,20.68,0.92,-0.0188693873
2020-12-09,NVDA,13.2632,12.894487,401300000,0.09,262.045,80.7,3672.82,22.27,0.95,-0.0314045191
2020-12-09,GOOGL,89.839193,88.226379,31728000,0.09,262.045,80.7,3672.82,22.27,0.95,-0.0184782128
2020-12-09,AAPL,121.110702,118.436211,115089200,0.09,262.045,80.7,3672.82,22.27,0.95,-0.0209036209
2020-12-10,AAPL,117.191331,119.856094,81312200,0.09,262.045,80.7,3668.1,22.52,0.92,0.0119885947
2020-12-10,GOOGL,87.46911,87.719719,28688000,0.09,262.045,80.7,3668.1,22.52,0.92,-0.0057427321
2020-12-10,NVDA,12.832912,12.935872,207764000,0.09,262.045,80.7,3668.1,22.52,0.92,0.0032094876
2020-12-11,NVDA,12.930887,12.976758,209264000,0.09,262.045,80.7,3663.46,23.31,0.9,0.0031606625
2020-12-11,GOOGL,87.340075,88.074524,18628000,0.09,262.045,80.7,3663.46,23.31,0.9,0.0040447575
2020-12-11,AAPL,119.068352,119.048904,86939800,0.09,262.045,80.7,3663.46,23.31,0.9,-0.0067346591
2020-12-14,AAPL,119.233695,118.436211,79184500,0.09,262.045,80.7,3647.49,24.72,0.9,-0.0051465722
2020-12-14,GOOGL,87.872069,86.955986,33050000,0.09,262.045,80.7,3647.49,24.72,0.9,-0.0126999029
2020-12-14,NVDA,13.051297,13.271428,270156000,0.09,262.045,80.7,3647.49,24.72,0.9,0.0227075287
2020-12-15,NVDA,13.40206,13.323033,193016000,0.09,262.045,80.7,3694.62,22.89,0.92,0.0038884455
2020-12-15,GOOGL,87.333137,87.393684,21352000,0.09,262.045,80.7,3694.62,22.89,0.92,0.0050335622
2020-12-15,AAPL,120.925905,124.368706,157243700,0.09,262.045,80.7,3694.62,22.89,0.92,0.0500902138
2020-12-16,AAPL,123.911618,124.300629,98208600,0.09,262.045,80.7,3701.17,22.5,0.92,-0.0005473812
2020-12-16,GOOGL,87.792169,87.200638,24676000,0.09,262.045,80.7,3701.17,22.5,0.92,-0.0022089304
2020-12-16,NVDA,13.384857,13.205362,223116000,0.09,262.045,80.7,3701.17,22.5,0.92,-0.0088321488
2020-12-17,NVDA,13.329267,13.303839,231384000,0.09,262.045,80.7,3722.48,21.93,0.94,0.0074573047
2020-12-17,GOOGL,87.535126,86.372902,34880000,0.09,262.045,80.7,3722.48,21.93,0.94,-0.0094923148
2020-12-17,AAPL,125.360704,125.166199,94359800,0.09,262.045,80.7,3722.48,21.93,0.94,0.0069635212
2020-12-18,AAPL,125.419071,123.18222,192541500,0.09,262.045,80.7,3709.41,21.57,0.95,-0.0158507512
2020-12-18,GOOGL,86.653775,85.66375,85256000,0.09,262.045,80.7,3709.41,21.57,0.95,-0.0082103554
2020-12-18,NVDA,13.341484,13.234785,342064000,0.09,262.045,80.7,3709.41,21.57,0.95,-0.0051905056
2020-12-21,NVDA,13.038084,13.294862,302332000,0.09,262.045,80.7,3694.92,25.16,0.95,0.0045393041
2020-12-21,GOOGL,84.815649,86.077614,33974000,0.09,262.045,80.7,3694.92,25.16,0.95,0.0048312634
2020-12-21,AAPL,121.587239,124.709099,121251600,0.09,262.045,80.7,3694.92,25.16,0.95,0.012395282
2020-12-22,AAPL,127.99632,128.258911,168904800,0.09,262.045,80.7,3687.26,24.23,0.93,0.028464742
2020-12-22,GOOGL,85.818079,85.365997,20370000,0.09,262.045,80.7,3687.26,24.23,0.93,-0.0082671497
2020-12-22,NVDA,13.281896,13.241011,185580000,0.09,262.045,80.7,3687.26,24.23,0.93,-0.0040505218
2020-12-23,NVDA,13.218826,12.972768,179144000,0.09,262.045,80.7,3690.01,23.31,0.96,-0.0202584865
2020-12-23,GOOGL,85.550112,85.763496,22974000,0.09,262.045,80.7,3690.01,23.31,0.96,0.00465641
2020-12-23,AAPL,128.53116,127.364113,88223700,0.09,262.045,80.7,3690.01,23.31,0.96,-0.0069764999
2020-12-24,AAPL,127.714243,128.34639,54930100,0.09,262.045,80.7,3703.06,21.53,0.94,0.0077123524
2020-12-24,GOOGL,85.801701,86.05777,9312000,0.09,262.045,80.7,3703.06,21.53,0.94,0.0034312194
2020-12-24,NVDA,13.000691,12.957313,97884000,0.09,262.045,80.7,3703.06,21.53,0.94,-0.0011913607
2020-12-28,NVDA,13.02587,12.863825,212564000,0.09,262.045,80.7,3735.36,21.7,0.94,-0.0072150563
2020-12-28,GOOGL,86.59123,88.032837,27650000,0.09,262.045,80.7,3735.36,21.7,0.94,0.0229504802
2020-12-28,AAPL,130.310922,132.936783,124486200,0.09,262.045,80.7,3735.36,21.7,0.94,0.0357656579
2020-12-29,AAPL,134.259455,131.166763,121047300,0.09,262.045,80.7,3727.04,23.08,0.94,-0.0133147463
2020-12-29,GOOGL,88.691381,87.228928,19726000,0.09,262.045,80.7,3727.04,23.08,0.94,-0.0091319254
2020-12-29,NVDA,12.888754,12.906952,170372000,0.09,262.045,80.7,3727.04,23.08,0.94,0.0033525845
2020-12-30,NVDA,12.953821,13.108886,225396000,0.09,262.045,80.7,3732.04,22.77,0.93,0.0156453563
2020-12-30,GOOGL,87.588212,86.161491,21026000,0.09,262.045,80.7,3732.04,22.77,0.93,-0.0122371815
2020-12-30,AAPL,131.857269,130.04834,96452100,0.09,262.045,80.7,3732.04,22.77,0.93,-0.0085267291
2020-12-31,AAPL,130.398464,129.046631,99116600,0.09,262.045,80.7,3756.07,22.75,0.93,-0.0077025896
2020-12-31,NVDA,13.099662,13.018391,192424000,0.09,262.045,80.7,3756.07,22.75,0.93,-0.0069033411
2021-01-04,NVDA,13.067502,13.076726,560640000,0.09,262.687,79.0,3700.65,26.97,0.93,0.004480992
2021-01-04,GOOGL,87.340076,85.659279,37324000,0.09,262.687,79.0,3700.65,26.97,0.93,-0.0151259197
2021-01-04,AAPL,129.853854,125.856705,143301900,0.09,262.687,79.0,3700.65,26.97,0.93,-0.0247191742
2021-01-05,AAPL,125.350981,127.412766,97664900,0.09,262.687,79.0,3726.86,25.34,0.96,0.0123637497
2021-01-05,GOOGL,85.607668,86.35006,20360000,0.09,262.687,79.0,3726.86,25.34,0.96,0.0080642827
2021-01-05,NVDA,13.063014,13.367159,322760000,0.09,262.687,79.0,3726.86,25.34,0.96,0.0222099118
2021-01-06,NVDA,13.18542,12.579125,580424000,0.09,262.687,79.0,3748.14,25.07,1.04,-0.0589529527
2021-01-06,GOOGL,84.375478,85.497993,46588000,0.09,262.687,79.0,3748.14,25.07,1.04,-0.0098675791
2021-01-06,AAPL,124.21309,123.12384,155088000,0.09,262.687,79.0,3748.14,25.07,1.04,-0.0336616598
2021-01-07,AAPL,124.83552,127.325226,109578200,0.09,262.687,79.0,3803.79,22.37,1.08,0.0341232493
2021-01-07,GOOGL,85.690547,88.051712,41936000,0.09,262.687,79.0,3803.79,22.37,1.08,0.0298687544
2021-01-07,NVDA,12.931137,13.306581,461480000,0.09,262.687,79.0,3803.79,22.37,1.08,0.057830419
2021-01-08,NVDA,13.325028,13.239518,292528000,0.09,262.687,79.0,3824.68,21.56,1.13,-0.0050398618
2021-01-08,GOOGL,88.191649,89.2174,35484000,0.09,262.687,79.0,3824.68,21.56,1.13,0.01323867
2021-01-08,AAPL,128.793781,128.424225,105158200,0.09,262.687,79.0,3824.68,21.56,1.13,0.008631432
2021-01-11,AAPL,125.642732,125.438492,100384500,0.09,262.687,79.0,3799.61,24.08,1.15,-0.0232489862
2021-01-11,GOOGL,88.184702,87.155975,34796000,0.09,262.687,79.0,3799.61,24.08,1.15,-0.0231056303
2021-01-11,NVDA,13.381118,13.5833,518344000,0.09,262.687,79.0,3799.61,24.08,1.15,0.0259663129
2021-01-12,NVDA,13.713935,13.446936,291476000,0.09,262.687,79.0,3801.19,23.33,1.15,-0.0100390911
2021-01-12,GOOGL,86.613566,86.220039,29528000,0.09,262.687,79.0,3801.19,23.33,1.15,-0.0107386323
2021-01-12,AAPL,124.9717,125.263466,91951100,0.09,262.687,79.0,3801.19,23.33,1.15,-0.0013953129
2021-01-13,AAPL,125.224524,127.296043,88636800,0.09,262.687,79.0,3809.84,22.21,1.1,0.0162264193
2021-01-13,GOOGL,85.718319,86.707352,23432000,0.09,262.687,79.0,3809.84,22.21,1.1,0.0056519612
2021-01-13,NVDA,13.452168,13.493801,210028000,0.09,262.687,79.0,3809.84,22.21,1.1,0.0034852151
2021-01-14,NVDA,13.536931,13.163232,283120000,0.09,262.687,79.0,3795.54,23.25,1.15,-0.0244978612
2021-01-14,GOOGL,86.787764,85.896996,29212000,0.09,262.687,79.0,3795.54,23.25,1.15,-0.0093458758
2021-01-14,AAPL,127.208503,125.370399,90221800,0.09,262.687,79.0,3795.54,23.25,1.15,-0.0151272881
2021-01-15,AAPL,125.243978,123.64901,111598500,0.09,262.687,79.0,3768.25,24.34,1.11,-0.0137304322
2021-01-15,GOOGL,85.802705,85.733231,31444000,0.09,262.687,79.0,3768.25,24.34,1.11,-0.0019065271
2021-01-15,NVDA,13.190903,12.823437,277780000,0.09,262.687,79.0,3768.25,24.34,1.11,-0.0258139579
2021-01-19,NVDA,12.979747,12.988723,226188000,0.09,262.687,79.0,3798.91,23.24,1.1,0.0128893734
2021-01-19,GOOGL,86.496461,88.554413,41660000,0.09,262.687,79.0,3798.91,23.24,1.1,0.0329065198
2021-01-19,AAPL,124.271461,124.320091,90757300,0.09,262.687,79.0,3798.91,23.24,1.1,0.0054273103
2021-01-20,AAPL,125.127307,128.40477,104319500,0.09,262.687,79.0,3851.85,21.58,1.1,0.0328561426
2021-01-20,GOOGL,90.633698,93.298569,64152000,0.09,262.687,79.0,3851.85,21.58,1.1,0.0535733424
2021-01-20,NVDA,13.074982,13.32827,258572000,0.09,262.687,79.0,3851.85,21.58,1.1,0.0261416894
2021-01-21,NVDA,13.38087,13.828611,337780000,0.09,262.687,79.0,3853.07,21.32,1.12,0.037539862
2021-01-21,GOOGL,93.972482,93.501038,58634000,0.09,262.687,79.0,3853.07,21.32,1.12,0.0021701177
2021-01-21,AAPL,130.126165,133.111862,120150900,0.09,262.687,79.0,3853.07,21.32,1.12,0.0366582354
2021-01-22,AAPL,132.538034,135.251434,114459400,0.09,262.687,79.0,3841.47,21.91,1.1,0.0160734897
2021-01-22,GOOGL,93.863793,93.918381,32744000,0.09,262.687,79.0,3841.47,21.91,1.1,0.0044635135
2021-01-22,NVDA,13.70147,13.674047,246820000,0.09,262.687,79.0,3841.47,21.91,1.1,-0.0111771785
2021-01-25,NVDA,13.743101,13.614962,251112000,0.09,262.687,79.0,3855.36,23.19,1.05,-0.0043209515
2021-01-25,GOOGL,94.919813,94.003731,50586000,0.09,262.687,79.0,3855.36,23.19,1.05,0.0009087682
2021-01-25,AAPL,139.141618,138.995728,157611700,0.09,262.687,79.0,3855.36,23.19,1.05,0.0276839446
2021-01-26,AAPL,139.657108,139.229187,98390600,0.09,262.687,79.0,3849.62,23.02,1.05,0.0016796162
2021-01-26,GOOGL,93.59234,94.682106,31462000,0.09,262.687,79.0,3849.62,23.02,1.05,0.0072164715
2021-01-26,NVDA,13.542416,13.397573,163980000,0.09,262.687,79.0,3849.62,23.02,1.05,-0.0159668576
2021-01-27,NVDA,13.1929,12.881526,371272000,0.09,262.687,79.0,3750.77,37.21,1.04,-0.0385179808
2021-01-27,GOOGL,93.042498,90.264984,82512000,0.09,262.687,79.0,3750.77,37.21,1.04,-0.0466521297
2021-01-27,AAPL,139.491741,138.159363,140843800,0.09,262.687,79.0,3750.77,37.21,1.04,-0.0076839077
2021-01-28,AAPL,135.689106,133.325821,142621100,0.09,262.687,79.0,3787.38,30.21,1.07,-0.0349852646
2021-01-28,GOOGL,90.863465,91.965141,55278000,0.09,262.687,79.0,3787.38,30.21,1.07,0.0188351794
2021-01-28,NVDA,12.959803,13.014399,228316000,0.09,262.687,79.0,3787.38,30.21,1.07,0.0103149721
2021-01-29,NVDA,13.038333,12.953322,271552000,0.09,262.687,79.0,3714.24,33.09,1.11,-0.0046929686
2021-01-29,GOOGL,91.013326,90.682823,44530000,0.09,262.687,79.0,3714.24,33.09,1.11,-0.0139435236
2021-01-29,AAPL,132.100435,128.3367,177523800,0.09,262.687,79.0,3714.24,33.09,1.11,-0.037420512
2021-02-01,AAPL,130.077512,130.456802,106239800,0.08,263.579,76.8,3773.86,30.24,1.09,0.0165198413
2021-02-01,GOOGL,91.537862,93.943687,40252000,0.08,263.579,76.8,3773.86,30.24,1.09,0.0359590068
2021-02-01,NVDA,13.016645,13.19988,217204000,0.08,263.579,76.8,3773.86,30.24,1.09,0.0190342854
2021-02-02,NVDA,13.361175,13.518732,220440000,0.08,263.579,76.8,3826.31,25.56,1.12,0.024155707
2021-02-02,GOOGL,94.939166,95.23642,66332000,0.08,263.579,76.8,3826.31,25.56,1.12,0.0137607143
2021-02-02,AAPL,132.00315,131.283478,83305400,0.08,263.579,76.8,3826.31,25.56,1.12,0.0063367751
2021-02-03,AAPL,132.032364,130.262344,89880900,0.08,263.579,76.8,3830.17,22.91,1.15,-0.0077780802
2021-02-03,GOOGL,102.505999,102.17202,97882000,0.08,263.579,76.8,3830.17,22.91,1.15,0.0728250842
2021-02-03,NVDA,13.597761,13.492558,245408000,0.08,263.579,76.8,3830.17,22.91,1.15,-0.0019361687
2021-02-04,NVDA,13.493056,13.625933,201340000,0.08,263.579,76.8,3871.74,21.77,1.15,0.0098850917
2021-02-04,GOOGL,102.258358,101.911484,48596000,0.08,263.579,76.8,3871.74,21.77,1.15,-0.002549976
2021-02-04,AAPL,132.557502,133.617569,84183100,0.08,263.579,76.8,3871.74,21.77,1.15,0.0257574407
2021-02-05,AAPL,133.778328,133.203659,75693800,0.08,263.579,76.8,3886.83,20.87,1.19,-0.0030977207
2021-02-05,GOOGL,102.205761,103.658287,29866000,0.08,263.579,76.8,3886.83,20.87,1.19,0.0171403969
2021-02-05,NVDA,13.68651,13.552885,169152000,0.08,263.579,76.8,3886.83,20.87,1.19,-0.0053609275
2021-02-08,NVDA,13.688754,14.398259,434624000,0.08,263.579,76.8,3915.59,21.24,1.19,0.062375952
2021-02-08,GOOGL,104.212602,103.444405,28828000,0.08,263.579,76.8,3915.59,21.24,1.19,-0.0020633415
2021-02-08,AAPL,132.492611,133.349731,71297200,0.08,263.579,76.8,3915.59,21.24,1.19,0.0010966094
2021-02-09,AAPL,133.067298,132.47316,76774200,0.08,263.579,76.8,3911.23,21.63,1.18,-0.006573479
2021-02-09,GOOGL,102.962036,102.991318,21892000,0.08,263.579,76.8,3911.23,21.63,1.18,-0.0043800035
2021-02-09,NVDA,14.300533,14.223251,287560000,0.08,263.579,76.8,3911.23,21.63,1.18,-0.0121547903
2021-02-10,NVDA,14.42269,14.722846,485352000,0.08,263.579,76.8,3909.88,21.99,1.15,0.0351252099
2021-02-10,GOOGL,103.375924,103.541672,25102000,0.08,263.579,76.8,3909.88,21.99,1.15,0.0053436932
2021-02-10,AAPL,132.930914,131.869263,73046600,0.08,263.579,76.8,3909.88,21.99,1.15,-0.0045586374
2021-02-11,AAPL,132.365994,131.616028,64280000,0.08,263.579,76.8,3916.38,21.25,1.16,-0.0019203479
2021-02-11,GOOGL,103.765972,103.654312,20480000,0.08,263.579,76.8,3916.38,21.25,1.16,0.0010878749
2021-02-11,NVDA,14.938242,15.207983,450828000,0.08,263.579,76.8,3916.38,21.25,1.16,0.0329513047
2021-02-12,NVDA,15.007796,14.919295,374756000,0.08,263.579,76.8,3934.83,19.97,1.2,-0.0189826426
2021-02-12,GOOGL,103.208687,103.965965,18990000,0.08,263.579,76.8,3934.83,19.97,1.2,0.0030066587
2021-02-12,AAPL,130.856358,131.849823,60145100,0.08,263.579,76.8,3934.83,19.97,1.2,0.0017763427
2021-02-16,AAPL,131.966664,129.726471,80576300,0.08,263.579,76.8,3932.59,21.46,1.3,-0.0161043223
2021-02-16,GOOGL,103.803195,104.743591,31004000,0.08,263.579,76.8,3932.59,21.46,1.3,0.0074796212
2021-02-16,NVDA,15.022006,15.28726,321960000,0.08,263.579,76.8,3932.59,21.46,1.3,0.0246636813
2021-02-17,NVDA,15.128455,14.864199,274756000,0.08,263.579,76.8,3931.33,21.5,1.29,-0.0276741136
2021-02-17,GOOGL,103.913864,105.136627,20294000,0.08,263.579,76.8,3931.33,21.5,1.29,0.0037523622
2021-02-17,AAPL,127.836941,127.437599,97918500,0.08,263.579,76.8,3931.33,21.5,1.29,-0.0176438297
2021-02-18,AAPL,125.840235,126.336983,96856700,0.08,263.579,76.8,3913.97,22.49,1.29,-0.0086365128
2021-02-18,GOOGL,104.460715,104.500908,22546000,0.08,263.579,76.8,3913.97,22.49,1.29,-0.0060466016
2021-02-18,NVDA,14.687697,14.787416,233868000,0.08,263.579,76.8,3913.97,22.49,1.29,-0.0051655813
2021-02-19,NVDA,14.982367,14.884643,271724000,0.08,263.579,76.8,3906.71,22.05,1.34,0.0065749242
2021-02-19,GOOGL,104.599176,103.657288,37938000,0.08,263.579,76.8,3906.71,22.05,1.34,-0.0080728514
2021-02-19,AAPL,126.853186,126.492798,87668800,0.08,263.579,76.8,3906.71,22.05,1.34,0.0012333295
2021-02-22,AAPL,124.68116,122.723434,103916400,0.08,263.579,76.8,3876.5,23.45,1.37,-0.0297990357
2021-02-22,GOOGL,101.909992,101.942741,29466000,0.08,263.579,76.8,3876.5,23.45,1.37,-0.0165405274
2021-02-22,NVDA,14.733316,14.315492,325884000,0.08,263.579,76.8,3876.5,23.45,1.37,-0.0382374599
2021-02-23,NVDA,14.035778,14.102342,391780000,0.08,263.579,76.8,3881.37,23.11,1.37,-0.0148894658
2021-02-23,GOOGL,99.944359,102.233559,34658000,0.08,263.579,76.8,3881.37,23.11,1.37,0.002852751
2021-02-23,AAPL,120.541685,122.587074,158273000,0.08,263.579,76.8,3881.37,23.11,1.37,-0.0011111176
2021-02-24,AAPL,121.691005,122.09034,111039900,0.08,263.579,76.8,3925.43,21.34,1.38,-0.0040520962
2021-02-24,GOOGL,100.740826,103.409164,22608000,0.08,263.579,76.8,3925.43,21.34,1.38,0.011499216
2021-02-24,NVDA,14.083146,14.45834,448320000,0.08,263.579,76.8,3925.43,21.34,1.38,0.0252438955
2021-02-25,NVDA,14.006112,13.270182,824436000,0.08,263.579,76.8,3829.34,28.89,1.54,-0.0821780412
2021-02-25,GOOGL,102.025621,100.041611,41548000,0.08,263.579,76.8,3829.34,28.89,1.54,-0.0325653314
2021-02-25,AAPL,121.437773,117.843727,148199500,0.08,263.579,76.8,3829.34,28.89,1.54,-0.0347825435
2021-02-26,AAPL,119.402113,118.106705,164560400,0.08,263.579,76.8,3811.15,27.95,1.44,0.0022315791
2021-02-26,GOOGL,100.736358,100.337372,40042000,0.08,263.579,76.8,3811.15,27.95,1.44,0.0029563809
2021-02-26,NVDA,13.713935,13.676043,500932000,0.08,263.579,76.8,3811.15,27.95,1.44,0.0305844269
2021-03-01,NVDA,13.836091,13.802935,353184000,0.07,264.961,84.9,3901.82,23.35,1.45,0.0092784217
2021-03-01,GOOGL,101.632099,102.706978,26060000,0.07,264.961,84.9,3901.82,23.35,1.45,0.0236163852
2021-03-01,AAPL,120.53196,124.466904,116307900,0.07,264.961,84.9,3901.82,23.35,1.45,0.0538512948
2021-03-02,AAPL,125.070764,121.866318,102260900,0.07,264.961,84.9,3870.29,24.1,1.42,-0.0208937947
2021-03-02,GOOGL,102.467783,102.449921,25564000,0.07,264.961,84.9,3870.29,24.1,1.42,-0.0025028211
2021-03-02,NVDA,13.861022,13.368657,264116000,0.07,264.961,84.9,3870.29,24.1,1.42,-0.0314626958
2021-03-03,NVDA,13.388599,12.768842,377592000,0.07,264.961,84.9,3819.72,26.67,1.47,-0.0448672865
2021-03-03,GOOGL,101.828114,99.816315,33892000,0.07,264.961,84.9,3819.72,26.67,1.47,-0.0257062762
2021-03-03,AAPL,121.564375,118.885887,112966300,0.07,264.961,84.9,3819.72,26.67,1.47,-0.0244565575
2021-03-04,AAPL,118.583964,117.006088,178155000,0.07,264.961,84.9,3768.47,28.57,1.54,-0.0158117917
2021-03-04,GOOGL,99.98802,100.933876,49216000,0.07,264.961,84.9,3768.47,28.57,1.54,0.0111961791
2021-03-04,NVDA,12.764852,12.335559,573344000,0.07,264.961,84.9,3768.47,28.57,1.54,-0.0339328234
2021-03-05,NVDA,12.514806,12.426554,542840000,0.07,264.961,84.9,3841.94,24.66,1.56,0.0073766285
2021-03-05,GOOGL,102.284663,104.067192,53100000,0.07,264.961,84.9,3841.94,24.66,1.56,0.0310432549
2021-03-05,AAPL,117.83399,118.262543,153766600,0.07,264.961,84.9,3841.94,24.66,1.56,0.0107383683
2021-03-08,AAPL,117.785281,113.334122,154376600,0.07,264.961,84.9,3821.35,25.47,1.59,-0.0416735587
2021-03-08,GOOGL,103.421581,99.622284,36868000,0.07,264.961,84.9,3821.35,25.47,1.59,-0.0427119062
2021-03-08,NVDA,12.415086,11.56074,543112000,0.07,264.961,84.9,3821.35,25.47,1.59,-0.0696745234
2021-03-09,NVDA,12.100409,12.48945,521824000,0.07,264.961,84.9,3875.44,24.03,1.55,0.0803330948
2021-03-09,GOOGL,101.718945,101.25296,33920000,0.07,264.961,84.9,3875.44,24.03,1.55,0.0163685895
2021-03-09,AAPL,115.934688,117.941116,129525800,0.07,264.961,84.9,3875.44,24.03,1.55,0.0406496698
2021-03-10,AAPL,118.525517,116.859985,111943300,0.07,264.961,84.9,3898.81,22.56,1.53,-0.0091667013
2021-03-10,GOOGL,102.297066,101.046021,27100000,0.07,264.961,84.9,3898.81,22.56,1.53,-0.0020437891
2021-03-10,NVDA,12.80891,12.437576,384376000,0.07,264.961,84.9,3898.81,22.56,1.53,-0.0041533622
2021-03-11,NVDA,12.918141,12.961534,299916000,0.07,264.961,84.9,3939.34,21.91,1.54,0.0421269579
2021-03-11,GOOGL,102.139266,104.239395,27702000,0.07,264.961,84.9,3939.34,21.91,1.54,0.0316031707
2021-03-11,AAPL,119.353432,118.788513,103026500,0.07,264.961,84.9,3939.34,21.91,1.54,0.016502893
2021-03-12,AAPL,117.269083,117.882698,88105100,0.07,264.961,84.9,3943.34,20.69,1.64,-0.0076254437
2021-03-12,GOOGL,103.041947,101.731346,33818000,0.07,264.961,84.9,3943.34,20.69,1.64,-0.0240604716
2021-03-12,NVDA,12.617134,12.824373,243964000,0.07,264.961,84.9,3943.34,20.69,1.64,-0.0105821044
2021-03-15,NVDA,12.8331,13.158796,221988000,0.07,264.961,84.9,3968.94,20.03,1.62,0.0260771469
2021-03-15,GOOGL,101.482231,101.951683,26168000,0.07,264.961,84.9,3968.94,20.03,1.62,0.0021658704
2021-03-15,AAPL,118.252799,120.765701,92403800,0.07,264.961,84.9,3968.94,20.03,1.62,0.0244565427
2021-03-16,AAPL,122.431236,122.304619,115227900,0.07,264.961,84.9,3962.71,19.79,1.62,0.0127430017
2021-03-16,GOOGL,102.524854,103.413147,31900000,0.07,264.961,84.9,3962.71,19.79,1.62,0.0143348681
2021-03-16,NVDA,13.323641,13.258553,272128000,0.07,264.961,84.9,3962.71,19.79,1.62,0.0075809549
2021-03-17,NVDA,13.007669,13.308428,243864000,0.07,264.961,84.9,3974.12,19.23,1.63,0.0037617424
2021-03-17,GOOGL,102.647924,103.330269,26382000,0.07,264.961,84.9,3974.12,19.23,1.63,-0.0008014272
2021-03-17,AAPL,120.824173,121.515709,111932600,0.07,264.961,84.9,3974.12,19.23,1.63,-0.0064503689
2021-03-18,AAPL,119.684556,117.395668,121229700,0.07,264.961,84.9,3915.46,21.58,1.71,-0.0339054179
2021-03-18,GOOGL,101.641029,100.309097,31700000,0.07,264.961,84.9,3915.46,21.58,1.71,-0.0292380113
2021-03-18,NVDA,13.104183,12.691201,293896000,0.07,264.961,84.9,3915.46,21.58,1.71,-0.0463786263
2021-03-19,NVDA,12.718634,12.814148,299208000,0.07,264.961,84.9,3913.1,20.95,1.74,0.0096875573
2021-03-19,GOOGL,100.725448,100.587982,46072000,0.07,264.961,84.9,3913.1,20.95,1.74,0.0027802552
2021-03-19,AAPL,116.782049,116.869705,185549500,0.07,264.961,84.9,3913.1,20.95,1.74,-0.0044802576
2021-03-22,AAPL,117.200881,120.181305,111912300,0.07,264.961,84.9,3940.59,18.88,1.69,0.0283358269
2021-03-22,GOOGL,100.621234,100.773087,33536000,0.07,264.961,84.9,3940.59,18.88,1.69,0.0018402235
2021-03-22,NVDA,12.880982,13.153809,297804000,0.07,264.961,84.9,3940.59,18.88,1.69,0.0265066898
2021-03-23,NVDA,13.221644,13.038596,222048000,0.07,264.961,84.9,3910.52,20.3,1.63,-0.0087588655
2021-03-23,GOOGL,101.232611,101.301094,28510000,0.07,264.961,84.9,3910.52,20.3,1.63,0.0052395687
2021-03-23,AAPL,120.122874,119.353416,95467100,0.07,264.961,84.9,3910.52,20.3,1.63,-0.0068886628
2021-03-24,AAPL,119.626121,116.96711,88530500,0.07,264.961,84.9,3889.14,21.2,1.62,-0.0199936192
2021-03-24,GOOGL,101.818679,100.864395,25218000,0.07,264.961,84.9,3889.14,21.2,1.62,-0.0043109003
2021-03-24,NVDA,13.118898,12.611898,245840000,0.07,264.961,84.9,3889.14,21.2,1.62,-0.0327257418
2021-03-25,NVDA,12.46875,12.504412,295144000,0.07,264.961,84.9,3909.52,19.81,1.63,-0.0085226444
2021-03-25,AAPL,116.431441,117.454132,98844700,0.07,264.961,84.9,3909.52,19.81,1.63,0.0041637551
2021-03-26,AAPL,117.220354,118.057991,94071200,0.07,264.961,84.9,3974.54,18.86,1.67,0.005141232
2021-03-26,GOOGL,100.827675,100.477325,27978000,0.07,264.961,84.9,3974.54,18.86,1.67,-0.0038032403
2021-03-26,NVDA,12.523614,12.807663,363968000,0.07,264.961,84.9,3974.54,18.86,1.67,0.0242515421
2021-03-29,NVDA,12.788709,12.916394,273520000,0.07,264.961,84.9,3971.09,20.74,1.73,0.008489548
2021-03-29,GOOGL,100.349787,101.522423,26492000,0.07,264.961,84.9,3971.09,20.74,1.73,0.0104013253
2021-03-29,AAPL,118.486555,118.233315,80819200,0.07,264.961,84.9,3971.09,20.74,1.73,0.0014850624
2021-03-30,AAPL,116.986597,116.782059,85671900,0.07,264.961,84.9,3958.55,19.61,1.73,-0.0122745083
2021-03-30,GOOGL,101.879242,101.556183,27312000,0.07,264.961,84.9,3958.55,19.61,1.73,0.0003325381
2021-03-30,NVDA,12.810405,12.840082,200204000,0.07,264.961,84.9,3958.55,19.61,1.73,-0.0059081555
2021-03-31,NVDA,12.983479,13.315411,314776000,0.07,264.961,84.9,3972.89,19.4,1.74,0.0370191124
2021-03-31,GOOGL,101.949707,102.352661,42570000,0.07,264.961,84.9,3972.89,19.4,1.74,0.0078427354
2021-03-31,AAPL,118.486582,118.973579,118323800,0.07,264.961,84.9,3972.89,19.4,1.74,0.0187659022
2021-04-01,AAPL,120.444286,119.801445,75089100,0.07,266.614,88.3,4019.87,17.33,1.69,0.0069583987
2021-04-01,GOOGL,103.828006,105.69043,39880000,0.07,266.614,88.3,4019.87,17.33,1.69,0.0326104717
2021-04-01,NVDA,13.538863,13.777774,308276000,0.07,266.614,88.3,4019.87,17.33,1.69,0.0347239193
2021-04-05,NVDA,13.833384,13.953089,255672000,0.07,266.614,88.3,4077.91,17.91,1.73,0.0127244724
2021-04-05,GOOGL,106.552423,110.115997,48510000,0.07,266.614,88.3,4077.91,17.91,1.73,0.0418729268
2021-04-05,AAPL,120.648813,122.626022,88651200,0.07,266.614,88.3,4077.91,17.91,1.73,0.0235771558
2021-04-06,AAPL,123.210438,122.927979,80171300,0.07,266.614,88.3,4073.94,18.12,1.67,0.0024624152
2021-04-06,GOOGL,109.717006,109.634628,35240000,0.07,266.614,88.3,4073.94,18.12,1.67,-0.0043714722
2021-04-06,NVDA,13.965309,13.827399,191744000,0.07,266.614,88.3,4073.94,18.12,1.67,-0.0090080059
2021-04-07,NVDA,13.8466,14.108705,251284000,0.07,266.614,88.3,4079.95,17.16,1.68,0.0203440508
2021-04-07,GOOGL,109.82519,111.111969,24134000,0.07,266.614,88.3,4079.95,17.16,1.68,0.0134751284
2021-04-07,AAPL,122.557858,124.574028,83466700,0.07,266.614,88.3,4079.95,17.16,1.68,0.0133903569
2021-04-08,AAPL,125.596732,126.97007,88844600,0.07,266.614,88.3,4097.17,16.95,1.64,0.0192338797
2021-04-08,GOOGL,112.351113,111.677704,28664000,0.07,266.614,88.3,4097.17,16.95,1.64,0.0050915745
2021-04-08,NVDA,14.217688,14.28178,244416000,0.07,266.614,88.3,4097.17,16.95,1.64,0.0122672975
2021-04-09,NVDA,14.179032,14.364574,195172000,0.07,266.614,88.3,4128.8,16.69,1.67,0.0057971897
2021-04-09,GOOGL,111.430069,112.682106,26146000,0.07,266.614,88.3,4128.8,16.69,1.67,0.0089937573
2021-04-09,AAPL,126.424615,129.541397,106686700,0.07,266.614,88.3,4128.8,16.69,1.67,0.0202514436
2021-04-12,AAPL,129.0739,127.827187,91420000,0.07,266.614,88.3,4127.99,16.91,1.69,-0.0132329166
2021-04-12,GOOGL,111.860818,111.389381,25024000,0.07,266.614,88.3,4127.99,16.91,1.69,-0.0114723149
2021-04-12,NVDA,14.254595,15.171583,869324000,0.07,266.614,88.3,4127.99,16.91,1.69,0.0561804839
2021-04-13,NVDA,15.19403,15.640928,676212000,0.07,266.614,88.3,4141.59,16.65,1.64,0.030935802
2021-04-13,GOOGL,111.705491,111.876198,25682000,0.07,266.614,88.3,4141.59,16.65,1.64,0.0043704023
2021-04-13,AAPL,128.995993,130.934235,91266500,0.07,266.614,88.3,4141.59,16.65,1.64,0.0243066293
2021-04-14,AAPL,131.430965,128.596634,87222800,0.07,266.614,88.3,4124.66,16.99,1.64,-0.017853243
2021-04-14,GOOGL,112.521323,111.25489,21002000,0.07,266.614,88.3,4124.66,16.99,1.64,-0.005553526
2021-04-14,NVDA,15.586561,15.239417,385500000,0.07,266.614,88.3,4124.66,16.99,1.64,-0.0256705475
2021-04-15,NVDA,15.623972,16.097555,598480000,0.07,266.614,88.3,4170.42,16.57,1.56,0.0563104271
2021-04-15,GOOGL,112.249375,113.405632,29174000,0.07,266.614,88.3,4170.42,16.57,1.56,0.0193316588
2021-04-15,AAPL,130.340116,131.002426,89347100,0.07,266.614,88.3,4170.42,16.57,1.56,0.0187080498
2021-04-16,AAPL,130.807608,130.671249,84922400,0.07,266.614,88.3,4185.47,16.25,1.59,-0.00252802
2021-04-16,GOOGL,113.603638,113.28157,26282000,0.07,266.614,88.3,4185.47,16.25,1.59,-0.0010939632
2021-04-16,NVDA,16.013508,15.873355,335208000,0.07,266.614,88.3,4185.47,16.25,1.59,-0.0139275962
2021-04-19,NVDA,15.498278,15.323957,404420000,0.07,266.614,88.3,4163.26,17.29,1.61,-0.0346113012
2021-04-19,GOOGL,112.657786,113.62944,30290000,0.07,266.614,88.3,4163.26,17.29,1.61,0.0030708426
2021-04-19,AAPL,130.038156,131.333572,94264200,0.07,266.614,88.3,4163.26,17.29,1.61,0.0050686207
2021-04-20,AAPL,131.508895,129.64856,94812300,0.07,266.614,88.3,4134.94,18.68,1.58,-0.0128300235
2021-04-20,GOOGL,114.013037,113.09597,22288000,0.07,266.614,88.3,4134.94,18.68,1.58,-0.0046948234
2021-04-20,NVDA,15.285551,15.133925,334132000,0.07,266.614,88.3,4134.94,18.68,1.58,-0.0124009745
2021-04-21,NVDA,15.081557,15.322713,216776000,0.07,266.614,88.3,4173.42,17.5,1.57,0.0124744542
2021-04-21,GOOGL,112.750592,113.063232,23204000,0.07,266.614,88.3,4173.42,17.5,1.57,-0.0002894686
2021-04-21,AAPL,128.918042,130.028397,68847100,0.07,266.614,88.3,4173.42,17.5,1.57,0.0029297436
2021-04-22,AAPL,129.580343,128.508957,84566500,0.07,266.614,88.3,4134.98,18.71,1.57,-0.0116854452
2021-04-22,GOOGL,112.916836,111.781418,24146000,0.07,266.614,88.3,4134.98,18.71,1.57,-0.0113371478
2021-04-22,NVDA,15.337174,14.813715,277788000,0.07,266.614,88.3,4134.98,18.71,1.57,-0.0332185247
2021-04-23,NVDA,14.897509,15.227695,227500000,0.07,266.614,88.3,4180.17,17.33,1.58,0.027945693
2021-04-23,GOOGL,112.49998,114.134132,29066000,0.07,266.614,88.3,4180.17,17.33,1.58,0.0210474566
2021-04-23,AAPL,128.723268,130.827103,78657500,0.07,266.614,88.3,4180.17,17.33,1.58,0.0180387874
2021-04-26,AAPL,131.323815,131.216675,66905100,0.07,266.614,88.3,4187.62,17.64,1.58,0.0029777633
2021-04-26,GOOGL,114.361922,114.630394,32038000,0.07,266.614,88.3,4187.62,17.64,1.58,0.004348056
2021-04-26,NVDA,15.147644,15.439922,197796000,0.07,266.614,88.3,4187.62,17.64,1.58,0.0139369634
2021-04-27,NVDA,15.540173,15.343907,164572000,0.07,266.614,88.3,4186.72,17.56,1.63,-0.0062186178
2021-04-27,GOOGL,115.012507,113.690002,44386000,0.07,266.614,88.3,4186.72,17.56,1.63,-0.0082036841
2021-04-27,AAPL,131.499151,130.895279,66015800,0.07,266.614,88.3,4186.72,17.56,1.63,-0.0024493524
2021-04-28,AAPL,130.817336,130.106323,107760100,0.07,266.614,88.3,4183.18,17.28,1.63,-0.0060273808
2021-04-28,GOOGL,118.727917,117.067467,81106000,0.07,266.614,88.3,4183.18,17.28,1.63,0.0297076631
2021-04-28,NVDA,15.326701,15.239166,209416000,0.07,266.614,88.3,4183.18,17.28,1.63,-0.0068262336
2021-04-29,NVDA,15.362113,15.287048,173196000,0.07,266.614,88.3,4211.47,17.61,1.65,0.0031420407
2021-04-29,GOOGL,118.565647,118.740822,41234000,0.07,266.614,88.3,4211.47,17.61,1.65,0.0142939379
2021-04-29,AAPL,132.921132,130.008881,151101000,0.07,266.614,88.3,4211.47,17.61,1.65,-0.0007489461
2021-04-30,AAPL,128.353129,128.041458,109839500,0.07,266.614,88.3,4181.17,18.61,1.65,-0.0151329853
2021-04-30,GOOGL,117.513103,116.792549,44856000,0.07,266.614,88.3,4181.17,18.61,1.65,-0.0164077751
2021-04-30,NVDA,15.13717,14.972575,201912000,0.07,266.614,88.3,4181.17,18.61,1.65,-0.0205712146
2021-05-03,NVDA,15.087787,14.800246,203912000,0.07,266.614,88.3,4192.66,18.31,1.63,-0.0115096399
2021-05-03,GOOGL,117.358766,116.275452,28242000,0.07,266.614,88.3,4192.66,18.31,1.63,-0.0044274868
2021-05-03,AAPL,128.606356,129.093353,75135100,0.07,266.614,88.3,4192.66,18.31,1.63,0.0082152699
2021-05-04,AAPL,127.778502,124.525352,137564700,0.07,266.614,88.3,4164.66,19.48,1.61,-0.0353852517
2021-05-04,GOOGL,114.810026,114.476547,44818000,0.07,266.614,88.3,4164.66,19.48,1.61,-0.0154710594
2021-05-04,NVDA,14.601238,14.315942,405324000,0.07,266.614,88.3,4164.66,19.48,1.61,-0.0327227277
2021-05-05,NVDA,14.672814,14.422931,292024000,0.07,266.614,88.3,4167.59,19.15,1.59,0.0074734103
2021-05-05,GOOGL,115.558371,114.870567,26636000,0.07,266.614,88.3,4167.59,19.15,1.59,0.0034419284
2021-05-05,AAPL,125.840231,124.768845,84000900,0.07,266.614,88.3,4167.59,19.15,1.59,0.0019553619
2021-05-06,AAPL,124.56432,126.366219,78128300,0.07,266.614,88.3,4201.62,18.39,1.58,0.0128026669
2021-05-06,GOOGL,114.45174,115.991112,25190000,0.07,266.614,88.3,4201.62,18.39,1.58,0.0097548437
2021-05-06,NVDA,14.459589,14.48727,193380000,0.07,266.614,88.3,4201.62,18.39,1.58,0.0044609268
2021-05-07,NVDA,14.77182,14.77581,229328000,0.07,266.614,88.3,4232.6,16.69,1.6,0.0199167876
2021-05-07,GOOGL,117.308168,116.714645,28898000,0.07,266.614,88.3,4232.6,16.69,1.6,0.0062378368
2021-05-07,AAPL,127.663775,127.03936,78973300,0.07,266.614,88.3,4232.6,16.69,1.6,0.00532691
2021-05-10,AAPL,126.258861,123.761192,88071200,0.07,266.614,88.3,4188.43,19.66,1.63,-0.025804347
2021-05-10,GOOGL,115.534054,113.728203,30914000,0.07,266.614,88.3,4188.43,19.66,1.63,-0.0255875564
2021-05-10,NVDA,14.75087,14.230654,268904000,0.07,266.614,88.3,4188.43,19.66,1.63,-0.0368952003
2021-05-11,NVDA,13.790988,14.271054,285584000,0.07,266.614,88.3,4152.1,21.84,1.64,0.0028389774
2021-05-11,GOOGL,111.31245,112.651825,34186000,0.07,266.614,88.3,4152.1,21.84,1.64,-0.0094644762
2021-05-11,AAPL,120.492758,122.844078,126142800,0.07,266.614,88.3,4152.1,21.84,1.64,-0.0074103541
2021-05-12,AAPL,120.395212,119.780548,112172300,0.07,266.614,88.3,4063.04,27.59,1.69,-0.024938361
2021-05-12,GOOGL,110.474794,109.187515,46376000,0.07,266.614,88.3,4063.04,27.59,1.69,-0.0307523619
2021-05-12,NVDA,13.975034,13.724652,303408000,0.07,266.614,88.3,4063.04,27.59,1.69,-0.038287429
2021-05-13,NVDA,13.999222,13.631629,285404000,0.07,266.614,88.3,4112.5,23.13,1.66,-0.0067778256
2021-05-13,GOOGL,110.471302,110.616211,33204000,0.07,266.614,88.3,4112.5,23.13,1.66,0.0130847897
2021-05-13,AAPL,121.546476,121.926979,105861300,0.07,266.614,88.3,4112.5,23.13,1.66,0.0179196957
2021-05-14,AAPL,123.175788,124.346565,81918000,0.07,266.614,88.3,4173.85,18.81,1.63,0.0198445512
2021-05-14,GOOGL,112.080155,113.064713,31996000,0.07,266.614,88.3,4173.85,18.81,1.63,0.0221351063
2021-05-14,NVDA,13.855829,14.20796,258616000,0.07,266.614,88.3,4173.85,18.81,1.63,0.0422789631
2021-05-17,NVDA,14.122169,14.130649,216980000,0.07,266.614,88.3,4163.29,19.72,1.64,-0.0054414226
2021-05-17,GOOGL,112.329772,113.587769,21598000,0.07,266.614,88.3,4163.29,19.72,1.64,0.0046261651
2021-05-17,AAPL,123.731946,123.195335,74244600,0.07,266.614,88.3,4163.29,19.72,1.64,-0.0092582361
2021-05-18,AAPL,123.478251,121.809891,63342900,0.07,266.614,88.3,4127.83,21.34,1.64,-0.011245918
2021-05-18,GOOGL,114.254219,112.275169,22204000,0.07,266.614,88.3,4127.83,21.34,1.64,-0.0115558145
2021-05-18,NVDA,14.231902,13.98127,186256000,0.07,266.614,88.3,4127.83,21.34,1.64,-0.0105712611
2021-05-19,NVDA,13.533125,14.031147,344000000,0.07,266.614,88.3,4115.68,22.18,1.68,0.0035674275
2021-05-19,GOOGL,110.585943,112.723289,23684000,0.07,266.614,88.3,4115.68,22.18,1.68,0.0039912665
2021-05-19,AAPL,120.161065,121.653809,92612000,0.07,266.614,88.3,4115.68,22.18,1.68,-0.0012813586
2021-05-20,AAPL,122.180645,124.209991,76857100,0.07,266.614,88.3,4159.12,20.67,1.63,0.0210119427
2021-05-20,GOOGL,113.690986,114.482506,32352000,0.07,266.614,88.3,4159.12,20.67,1.63,0.0156065026
2021-05-20,NVDA,14.267314,14.576551,321592000,0.07,266.614,88.3,4159.12,20.67,1.63,0.03887098
2021-05-21,NVDA,15.126446,14.954869,672992000,0.07,266.614,88.3,4155.86,20.15,1.63,0.025953864
2021-05-21,GOOGL,115.001578,113.846306,40632000,0.07,266.614,88.3,4155.86,20.15,1.63,-0.0055571805
2021-05-21,AAPL,124.707558,122.375755,79295400,0.07,266.614,88.3,4155.86,20.15,1.63,-0.014767219
2021-05-24,AAPL,122.941657,124.005112,63092900,0.07,266.614,88.3,4197.05,18.4,1.61,0.0133143724
2021-05-24,GOOGL,114.876526,117.166725,31832000,0.07,266.614,88.3,4197.05,18.4,1.61,0.0291658064
2021-05-24,NVDA,15.175077,15.573595,554816000,0.07,266.614,88.3,4197.05,18.4,1.61,0.0413728643
2021-05-25,NVDA,15.727214,15.609255,435408000,0.07,266.614,88.3,4188.13,18.84,1.56,0.0022897597
2021-05-25,GOOGL,117.710619,117.257545,22440000,0.07,266.614,88.3,4188.13,18.84,1.56,0.0007751374
2021-05-25,AAPL,124.707578,123.809982,72009500,0.07,266.614,88.3,4188.13,18.84,1.56,-0.0015735593
2021-05-26,AAPL,123.868514,123.761192,56575900,0.07,266.614,88.3,4195.99,17.36,1.58,-0.0003940714
2021-05-26,GOOGL,117.438658,118.122993,21572000,0.07,266.614,88.3,4195.99,17.36,1.58,0.0073807446
2021-05-26,NVDA,15.695542,15.661376,370440000,0.07,266.614,88.3,4195.99,17.36,1.58,0.0033391192
2021-05-27,NVDA,15.661128,15.449899,581476000,0.07,266.614,88.3,4200.88,16.74,1.61,-0.0135031098
2021-05-27,GOOGL,118.556717,117.248108,35224000,0.07,266.614,88.3,4200.88,16.74,1.61,-0.0074065644
2021-05-27,AAPL,123.361181,122.229424,94625600,0.07,266.614,88.3,4200.88,16.74,1.61,-0.0123768103
2021-05-28,AAPL,122.512352,121.575729,71311100,0.07,266.614,88.3,4204.11,16.76,1.58,-0.0053480916
2021-05-28,GOOGL,117.830708,116.958794,21482000,0.07,266.614,88.3,4204.11,16.76,1.58,-0.0024675389
2021-05-28,NVDA,15.46287,16.20454,644536000,0.07,266.614,88.3,4204.11,16.76,1.58,0.0488444324
2021-06-01,NVDA,16.229975,16.224487,472804000,0.08,270.654,85.5,4202.04,17.9,1.62,0.0012309545
2021-06-01,GOOGL,117.831697,118.166168,23354000,0.08,270.654,85.5,4202.04,17.9,1.62,0.0103230765
2021-06-01,AAPL,122.034315,121.253792,67637100,0.08,270.654,85.5,4202.04,17.9,1.62,-0.0026480414
2021-06-02,AAPL,121.25378,122.014786,59278900,0.08,270.654,85.5,4208.12,17.48,1.59,0.0062760426
2021-06-02,GOOGL,118.561675,117.64064,21158000,0.08,270.654,85.5,4208.12,17.48,1.59,-0.0044473639
2021-06-02,NVDA,16.212266,16.736971,594168000,0.08,270.654,85.5,4208.12,17.48,1.59,0.0315870441
2021-06-03,NVDA,16.659668,16.928005,580008000,0.08,270.654,85.5,4192.85,18.04,1.63,0.0114139122
2021-06-03,GOOGL,116.406959,116.498764,18696000,0.08,270.654,85.5,4192.85,18.04,1.63,-0.0097064774
2021-06-03,AAPL,121.644047,120.531807,76229200,0.08,270.654,85.5,4192.85,18.04,1.63,-0.0121540911
2021-06-04,AAPL,121.048895,122.824577,75169300,0.08,270.654,85.5,4229.89,16.42,1.56,0.0190221191
2021-06-04,GOOGL,117.575136,118.781021,24458000,0.08,270.654,85.5,4229.89,16.42,1.56,0.0195903974
2021-06-04,NVDA,17.070403,17.535009,617120000,0.08,270.654,85.5,4229.89,16.42,1.56,0.0358579855
2021-06-07,NVDA,17.528026,17.575657,575756000,0.08,270.654,85.5,4226.52,16.42,1.57,0.0023180773
2021-06-07,GOOGL,118.57608,119.214256,24120000,0.08,270.654,85.5,4226.52,16.42,1.57,0.0036473434
2021-06-08,AAPL,123.517287,123.653877,74403800,0.08,270.654,85.5,4227.26,17.07,1.53,0.0066719913
2021-06-08,GOOGL,119.696114,119.022697,24240000,0.08,270.654,85.5,4227.26,17.07,1.53,-0.0016068451
2021-06-08,NVDA,17.484132,17.414055,323848000,0.08,270.654,85.5,4227.26,17.07,1.53,-0.0091946504
2021-06-09,NVDA,17.476659,17.31951,381656000,0.08,270.654,85.5,4219.55,17.89,1.5,-0.0054292561
2021-06-09,GOOGL,119.667324,119.494133,17942000,0.08,270.654,85.5,4219.55,17.89,1.5,0.0039608878
2021-06-09,AAPL,124.112439,124.034386,56877900,0.08,270.654,85.5,4219.55,17.89,1.5,0.0030772058
2021-06-10,AAPL,123.927045,123.039207,71186400,0.08,270.654,85.5,4239.18,16.1,1.45,-0.0080234059
2021-06-10,GOOGL,119.443523,120.843445,25904000,0.08,270.654,85.5,4239.18,16.1,1.45,0.0112918668
2021-06-10,NVDA,17.311283,17.386114,287772000,0.08,270.654,85.5,4239.18,16.1,1.45,0.0038456409
2021-06-11,NVDA,17.440494,17.785473,416308000,0.08,270.654,85.5,4247.44,15.65,1.47,0.0229699832
2021-06-11,GOOGL,121.085116,120.598793,21958000,0.08,270.654,85.5,4247.44,15.65,1.47,-0.0020245351
2021-06-14,AAPL,124.707556,127.30278,96906500,0.08,270.654,85.5,4255.15,16.39,1.51,0.0245777749
2021-06-14,GOOGL,120.701021,121.527283,22098000,0.08,270.654,85.5,4255.15,16.39,1.51,0.0076989965
2021-06-14,NVDA,17.866047,17.978544,321376000,0.08,270.654,85.5,4255.15,16.39,1.51,0.0108555655
2021-06-15,NVDA,17.875027,17.748808,243032000,0.08,270.654,85.5,4246.59,17.02,1.51,-0.012778361
2021-06-15,GOOGL,121.531731,120.508965,21562000,0.08,270.654,85.5,4246.59,17.02,1.51,-0.008379338
2021-06-15,AAPL,126.775951,126.483253,62746300,0.08,270.654,85.5,4246.59,17.02,1.51,-0.006437618
2021-06-16,AAPL,127.195464,126.98082,91815000,0.08,270.654,85.5,4223.7,18.15,1.57,0.0039338506
2021-06-16,GOOGL,120.66031,119.866806,26472000,0.08,270.654,85.5,4223.7,18.15,1.57,-0.0053287198
2021-06-16,NVDA,17.751052,17.770508,307124000,0.08,270.654,85.5,4223.7,18.15,1.57,0.001222612
2021-06-17,NVDA,17.734838,18.615618,809656000,0.08,270.654,85.5,4221.86,17.75,1.52,0.0475568818
2021-06-17,GOOGL,119.79239,120.830544,25842000,0.08,270.654,85.5,4221.86,17.75,1.52,0.0080400698
2021-06-17,AAPL,126.639338,128.580872,96721700,0.08,270.654,85.5,4221.86,17.75,1.52,0.0126007367
2021-06-18,AAPL,127.52723,127.283318,108953300,0.08,270.654,85.5,4166.45,20.7,1.45,-0.0100913456
2021-06-18,GOOGL,120.456859,119.210281,46116000,0.08,270.654,85.5,4166.45,20.7,1.45,-0.0134093756
2021-06-18,NVDA,18.742087,18.59716,968856000,0.08,270.654,85.5,4166.45,20.7,1.45,-0.0009915015
2021-06-21,NVDA,18.394111,18.386129,672384000,0.08,270.654,85.5,4224.79,17.89,1.5,-0.011347483
2021-06-21,GOOGL,119.59686,120.899017,27414000,0.08,270.654,85.5,4224.79,17.89,1.5,0.0141660261
2021-06-21,AAPL,127.127191,129.078491,79663300,0.08,270.654,85.5,4224.79,17.89,1.5,0.0141037622
2021-06-22,AAPL,128.912602,130.717545,74783600,0.08,270.654,85.5,4246.44,16.66,1.48,0.0126981136
2021-06-22,GOOGL,120.836995,121.413139,22390000,0.08,270.654,85.5,4246.44,16.66,1.48,0.0042524912
2021-06-22,NVDA,18.430282,18.844604,580144000,0.08,270.654,85.5,4246.44,16.66,1.48,0.0249359234
2021-06-23,NVDA,18.965328,19.014717,332356000,0.08,270.654,85.5,4241.84,16.32,1.5,0.0090271255
2021-06-23,GOOGL,121.177902,121.211151,19148000,0.08,270.654,85.5,4241.84,16.32,1.5,-0.0016636438
2021-06-23,AAPL,130.5127,130.444397,60214200,0.08,270.654,85.5,4241.84,16.32,1.5,-0.0020896015
2021-06-24,AAPL,131.176123,130.161453,68711000,0.08,270.654,85.5,4266.49,15.97,1.49,-0.0021690753
2021-06-24,GOOGL,121.779865,121.581367,21362000,0.08,270.654,85.5,4266.49,15.97,1.49,0.0030543095
2021-06-24,NVDA,19.184843,19.162642,320924000,0.08,270.654,85.5,4266.49,15.97,1.49,0.0077794701
2021-06-25,NVDA,19.237475,18.988531,278364000,0.08,270.654,85.5,4280.7,15.62,1.54,-0.0090859296
2021-06-25,AAPL,130.210243,129.868759,70783700,0.08,270.654,85.5,4280.7,15.62,1.54,-0.0022487002
2021-06-28,AAPL,130.161472,131.498108,62111300,0.08,270.654,85.5,4290.61,15.76,1.49,0.0125461178
2021-06-28,GOOGL,121.758522,121.617096,28526000,0.08,270.654,85.5,4290.61,15.76,1.49,0.0002245088
2021-06-28,NVDA,19.318046,19.940405,495436000,0.08,270.654,85.5,4290.61,15.76,1.49,0.050128879
2021-06-29,NVDA,19.838131,19.982059,367632000,0.08,270.654,85.5,4291.8,16.02,1.49,0.0020889539
2021-06-29,GOOGL,121.750594,121.355576,23108000,0.08,270.654,85.5,4291.8,16.02,1.49,-0.0021503587
2021-06-29,AAPL,131.517602,133.010345,64556100,0.08,270.654,85.5,4291.8,16.02,1.49,0.0115000708
2021-06-30,AAPL,132.854259,133.625031,63261400,0.08,270.654,85.5,4297.5,15.83,1.45,0.0046213327
2021-06-30,GOOGL,121.079661,121.17395,24474000,0.08,270.654,85.5,4297.5,15.83,1.45,-0.001496638
2021-06-30,NVDA,19.954624,19.957867,326568000,0.08,270.654,85.5,4297.5,15.83,1.45,-0.0012107266
2021-07-01,NVDA,20.080091,20.166897,480136000,0.1,271.903,81.2,4319.94,15.48,1.48,0.0104735719
2021-07-01,GOOGL,120.812189,121.526299,18110000,0.1,271.903,81.2,4319.94,15.48,1.48,0.0029077894
2021-07-01,AAPL,133.273791,133.927475,52485800,0.1,271.903,81.2,4319.94,15.48,1.48,0.0022633818
2021-07-02,AAPL,134.54212,136.551971,78852600,0.1,271.903,81.2,4352.34,15.07,1.44,0.0195964007
2021-07-02,GOOGL,122.22649,124.318184,25982000,0.1,271.903,81.2,4352.34,15.07,1.44,0.0229735079
2021-07-02,NVDA,20.394639,20.441284,342764000,0.1,271.903,81.2,4352.34,15.07,1.44,0.0136058295
2021-07-06,NVDA,20.691224,20.652311,446708000,0.1,271.903,81.2,4343.54,16.44,1.37,0.0103235757
2021-07-06,GOOGL,124.706255,125.243698,26404000,0.1,271.903,81.2,4343.54,16.44,1.37,0.0074447212
2021-07-06,AAPL,136.659299,138.561813,108181800,0.1,271.903,81.2,4343.54,16.44,1.37,0.0147185126
2021-07-07,AAPL,140.04481,141.049744,104911600,0.1,271.903,81.2,4358.13,16.2,1.33,0.0179553821
2021-07-07,GOOGL,126.20841,125.525566,24060000,0.1,271.903,81.2,4358.13,16.2,1.33,0.0022505562
2021-07-07,NVDA,20.806964,20.326288,418428000,0.1,271.903,81.2,4358.13,16.2,1.33,-0.0157862767
2021-07-08,NVDA,19.812195,19.858341,503300000,0.1,271.903,81.2,4320.82,19.0,1.3,-0.0230217638
2021-07-08,GOOGL,123.095929,124.106293,23790000,0.1,271.903,81.2,4320.82,19.0,1.3,-0.0113066479
2021-07-08,AAPL,138.132538,139.752121,105575500,0.1,271.903,81.2,4320.82,19.0,1.3,-0.0091997521
2021-07-09,AAPL,139.274049,141.576584,99890800,0.1,271.903,81.2,4369.55,16.18,1.37,0.0130549925
2021-07-09,GOOGL,124.087433,124.577232,18632000,0.1,271.903,81.2,4369.55,16.18,1.37,0.0037946475
2021-07-09,NVDA,19.917951,20.005505,296624000,0.1,271.903,81.2,4369.55,16.18,1.37,0.0074106588
2021-07-12,NVDA,20.194837,20.46673,321984000,0.1,271.903,81.2,4384.63,16.17,1.38,0.0230549301
2021-07-12,GOOGL,125.23178,126.0233,17668000,0.1,271.903,81.2,4384.63,16.17,1.38,0.0116078017
2021-07-12,AAPL,142.649767,140.9814,76299700,0.1,271.903,81.2,4384.63,16.17,1.38,-0.0042039743
2021-07-13,AAPL,140.522861,142.093658,100827100,0.1,271.903,81.2,4369.21,17.12,1.42,0.0078894018
2021-07-13,GOOGL,126.085829,126.386559,19240000,0.1,271.903,81.2,4369.21,17.12,1.42,0.0028824698
2021-07-13,NVDA,20.354978,20.204815,290708000,0.1,271.903,81.2,4369.21,17.12,1.42,-0.0127971203
2021-07-14,NVDA,20.312327,19.797228,380100000,0.1,271.903,81.2,4374.3,16.33,1.37,-0.0201727684
2021-07-14,GOOGL,126.998445,127.275352,23742000,0.1,271.903,81.2,4374.3,16.33,1.37,0.0070323455
2021-07-14,AAPL,144.493783,145.518204,127050800,0.1,271.903,81.2,4374.3,16.33,1.37,0.0241006202
2021-07-15,AAPL,145.606005,144.864502,106820300,0.1,271.903,81.2,4360.03,17.01,1.31,-0.0044922337
2021-07-15,GOOGL,127.684258,126.052582,24218000,0.1,271.903,81.2,4360.03,17.01,1.31,-0.0096072858
2021-07-15,NVDA,19.767542,18.923927,550564000,0.1,271.903,81.2,4360.03,17.01,1.31,-0.0441122645
2021-07-16,NVDA,18.988035,18.120474,688224000,0.1,271.903,81.2,4327.16,18.45,1.31,-0.0424570139
2021-07-16,GOOGL,126.705641,126.017838,20424000,0.1,271.903,81.2,4327.16,18.45,1.31,-0.0002756331
2021-07-16,AAPL,144.844981,142.825378,93251400,0.1,271.903,81.2,4327.16,18.45,1.31,-0.0140760746
2021-07-19,AAPL,140.249671,138.981323,121434600,0.1,271.903,81.2,4258.49,22.5,1.19,-0.0269143707
2021-07-19,GOOGL,125.143946,123.643784,27968000,0.1,271.903,81.2,4258.49,22.5,1.19,-0.0188390311
2021-07-19,NVDA,17.875274,18.737844,749060000,0.1,271.903,81.2,4258.49,22.5,1.19,0.0340703345
2021-07-20,NVDA,18.688204,18.570467,434687000,0.1,271.903,81.2,4323.06,19.73,1.23,-0.0089325895
2021-07-20,GOOGL,124.586154,125.263046,26312000,0.1,271.903,81.2,4323.06,19.73,1.23,0.0130961917
2021-07-20,AAPL,139.966717,142.591202,96350000,0.1,271.903,81.2,4323.06,19.73,1.23,0.0259738392
2021-07-21,AAPL,141.986352,141.859512,74993500,0.1,271.903,81.2,4358.69,17.91,1.3,-0.0051313787
2021-07-21,GOOGL,125.187624,126.592514,20746000,0.1,271.903,81.2,4358.69,17.91,1.3,0.0106134076
2021-07-21,NVDA,18.839864,19.366686,371017000,0.1,271.903,81.2,4358.69,17.91,1.3,0.0428755439
2021-07-22,NVDA,19.598169,19.550276,323826000,0.1,271.903,81.2,4367.48,17.69,1.27,0.0094796775
2021-07-22,GOOGL,126.885282,127.458443,14302000,0.1,271.903,81.2,4367.48,17.69,1.27,0.0068402832
2021-07-22,AAPL,142.386328,143.225388,77338200,0.1,271.903,81.2,4367.48,17.69,1.27,0.0096283656
2021-07-23,AAPL,143.957119,144.94252,71447400,0.1,271.903,81.2,4411.79,17.2,1.3,0.0119890237
2021-07-23,GOOGL,129.45241,132.017532,41506000,0.1,271.903,81.2,4411.79,17.2,1.3,0.0357692246
2021-07-23,NVDA,19.612137,19.514357,195672000,0.1,271.903,81.2,4411.79,17.2,1.3,-0.0018372728
2021-07-26,NVDA,19.267906,19.250944,203943000,0.1,271.903,81.2,4422.3,17.58,1.29,-0.0134983941
2021-07-26,GOOGL,132.328662,133.029861,30572000,0.1,271.903,81.2,4422.3,17.58,1.29,0.0076681414
2021-07-26,AAPL,144.659622,145.362091,72434100,0.1,271.903,81.2,4422.3,17.58,1.29,0.0028947401
2021-07-27,AAPL,145.488905,143.196136,104818600,0.1,271.903,81.2,4401.46,19.36,1.25,-0.0149004089
2021-07-27,GOOGL,133.243741,130.910858,54710000,0.1,271.903,81.2,4401.46,19.36,1.25,-0.0159287792
2021-07-27,NVDA,19.22201,19.165138,248863000,0.1,271.903,81.2,4401.46,19.36,1.25,-0.0044572304
2021-07-28,NVDA,19.275893,19.459482,202191000,0.1,271.903,81.2,4400.64,18.31,1.26,0.0153583003
2021-07-28,GOOGL,135.289793,135.073425,95130000,0.1,271.903,81.2,4400.64,18.31,1.26,0.0317969586
2021-07-28,AAPL,141.283848,141.449707,118931200,0.1,271.903,81.2,4400.64,18.31,1.26,-0.0121960654
2021-07-29,AAPL,141.166794,142.093658,56699500,0.1,271.903,81.2,4419.15,17.7,1.28,0.0045525115
2021-07-29,GOOGL,135.128997,134.759293,31716000,0.1,271.903,81.2,4419.15,17.7,1.28,-0.0023256439
2021-07-29,NVDA,19.47544,19.618122,190781000,0.1,271.903,81.2,4419.15,17.7,1.28,0.0081523191
2021-07-30,NVDA,19.374664,19.455484,183497000,0.1,271.903,81.2,4395.26,18.24,1.24,-0.0082901773
2021-07-30,GOOGL,134.02236,133.716171,25576000,0.1,271.903,81.2,4395.26,18.24,1.24,-0.0077406264
2021-07-30,AAPL,140.864376,142.308334,70440600,0.1,271.903,81.2,4395.26,18.24,1.24,0.0015108057
2021-08-02,AAPL,142.796135,141.976593,62880000,0.1,271.903,81.2,4387.16,19.46,1.2,-0.0023311448
2021-08-02,GOOGL,134.103775,133.843246,21634000,0.1,271.903,81.2,4387.16,19.46,1.2,0.0009503353
2021-08-02,NVDA,19.656039,19.705927,217444000,0.1,271.903,81.2,4387.16,19.46,1.2,0.0128725916
2021-08-03,NVDA,19.695947,19.770781,301811000,0.1,271.903,81.2,4423.15,18.04,1.19,0.0032910742
2021-08-03,GOOGL,134.121632,134.61293,20762000,0.1,271.903,81.2,4423.15,18.04,1.19,0.0057506363
2021-08-03,AAPL,142.259499,143.771759,64786600,0.1,271.903,81.2,4423.15,18.04,1.19,0.0126440984
2021-08-04,AAPL,143.684011,143.371796,56368300,0.1,271.903,81.2,4402.66,17.97,1.19,-0.0027819328
2021-08-04,GOOGL,134.334502,134.112183,19676000,0.1,271.903,81.2,4402.66,17.97,1.19,-0.0037199077
2021-08-04,NVDA,19.945395,20.228762,231309000,0.1,271.903,81.2,4402.66,17.97,1.19,0.0231645437
2021-08-05,NVDA,20.454253,20.590946,211435000,0.1,271.903,81.2,4429.1,17.28,1.23,0.0179044338
2021-08-05,GOOGL,134.663034,135.229752,17870000,0.1,271.903,81.2,4429.1,17.28,1.23,0.0083330906
2021-08-05,AAPL,143.400996,143.47905,46397700,0.1,271.903,81.2,4429.1,17.28,1.23,0.0007480832
2021-08-06,AAPL,143.00032,142.79512,54126800,0.1,271.903,81.2,4436.52,16.15,1.31,-0.0047667548
2021-08-06,GOOGL,135.021802,134.720566,20488000,0.1,271.903,81.2,4436.52,16.15,1.31,-0.0037653385
2021-08-06,NVDA,20.478201,20.320553,178497000,0.1,271.903,81.2,4436.52,16.15,1.31,-0.0131316633
2021-08-09,NVDA,20.400374,20.249712,146443000,0.1,271.903,81.2,4432.35,16.72,1.33,-0.0034861667
2021-08-09,GOOGL,134.923049,135.886261,17760000,0.1,271.903,81.2,4432.35,16.72,1.33,0.0086526892
2021-08-09,AAPL,142.853729,142.746246,48908700,0.1,271.903,81.2,4432.35,16.72,1.33,-0.0003422659
2021-08-10,AAPL,143.088257,142.267487,69023100,0.1,271.903,81.2,4436.75,16.79,1.36,-0.0033539219
2021-08-10,GOOGL,136.312059,135.781082,19414000,0.1,271.903,81.2,4436.75,16.79,1.36,-0.0007740211
2021-08-10,NVDA,20.276654,19.891516,179238000,0.1,271.903,81.2,4436.75,16.79,1.36,-0.0176889557
2021-08-11,NVDA,19.998273,19.655041,185925000,0.1,271.903,81.2,4447.7,16.06,1.35,-0.0118882339
2021-08-11,GOOGL,136.152778,135.25705,15352000,0.1,271.903,81.2,4447.7,16.06,1.35,-0.0038593933
2021-08-11,AAPL,142.707169,142.521515,48493500,0.1,271.903,81.2,4447.7,16.06,1.35,0.0017855683
2021-08-12,AAPL,142.843949,145.482147,72282600,0.1,271.903,81.2,4460.83,15.59,1.36,0.0207732308
2021-08-12,GOOGL,134.955793,136.165161,16506000,0.1,271.903,81.2,4460.83,15.59,1.36,0.0067139685
2021-08-12,NVDA,19.825664,19.860586,151652000,0.1,271.903,81.2,4460.83,15.59,1.36,0.0104576443
2021-08-13,NVDA,19.860581,20.142948,183063000,0.1,271.903,81.2,4468.0,15.45,1.29,0.014217203
2021-08-13,GOOGL,136.220759,136.694672,15948000,0.1,271.903,81.2,4468.0,15.45,1.29,0.003888737
2021-08-13,AAPL,145.560333,145.687363,59375000,0.1,271.903,81.2,4468.0,15.45,1.29,0.0014105886
2021-08-16,AAPL,145.140183,147.661133,103296000,0.1,271.903,81.2,4479.71,16.12,1.26,0.0135479846
2021-08-16,GOOGL,136.493706,137.272324,22384000,0.1,271.903,81.2,4479.71,16.12,1.26,0.0042258558
2021-08-16,NVDA,20.09007,19.905483,210876000,0.1,271.903,81.2,4479.71,16.12,1.26,-0.0117889846
2021-08-17,NVDA,19.641078,19.414585,204585000,0.1,271.903,81.2,4448.08,17.91,1.26,-0.0246614526
2021-08-17,GOOGL,136.716996,135.636658,21716000,0.1,271.903,81.2,4448.08,17.91,1.26,-0.0119154819
2021-08-17,AAPL,146.791489,146.752411,92229700,0.1,271.903,81.2,4448.08,17.91,1.26,-0.0061541037
2021-08-18,AAPL,146.371337,143.010071,86326000,0.1,271.903,81.2,4400.27,21.57,1.27,-0.0255010467
2021-08-18,GOOGL,135.476371,134.433258,19258000,0.1,271.903,81.2,4400.27,21.57,1.27,-0.0088722303
2021-08-18,NVDA,19.456487,18.997515,285913000,0.1,271.903,81.2,4400.27,21.57,1.27,-0.021482323
2021-08-19,NVDA,19.450498,19.75382,766555000,0.1,271.903,81.2,4405.8,21.67,1.24,0.0398107703
2021-08-19,GOOGL,133.427377,134.662537,21782000,0.1,271.903,81.2,4405.8,21.67,1.24,0.0017055197
2021-08-19,AAPL,141.710541,143.342316,86960300,0.1,271.903,81.2,4405.8,21.67,1.24,0.0023232271
2021-08-20,AAPL,144.065353,144.798187,60549600,0.1,271.903,81.2,4441.67,18.56,1.26,0.0101566071
2021-08-20,GOOGL,134.980126,136.398911,31194000,0.1,271.903,81.2,4441.67,18.56,1.26,0.0128942611
2021-08-20,NVDA,19.946389,20.769548,675741000,0.1,271.903,81.2,4441.67,18.56,1.26,0.0514193192
2021-08-23,NVDA,20.924205,21.909002,575807000,0.1,271.903,81.2,4479.53,17.15,1.25,0.0548617555
2021-08-23,GOOGL,136.934865,138.991333,28454000,0.1,271.903,81.2,4479.53,17.15,1.25,0.0190061818
2021-08-23,AAPL,144.915421,146.283386,60131800,0.1,271.903,81.2,4479.53,17.15,1.25,0.0102570274
2021-08-24,AAPL,146.029358,146.195465,48606400,0.1,271.903,81.2,4486.23,17.22,1.29,-0.000601033
2021-08-24,GOOGL,139.557044,140.202179,19268000,0.1,271.903,81.2,4486.23,17.22,1.29,0.0087116651
2021-08-25,NVDA,21.688494,22.163431,347701000,0.1,271.903,81.2,4496.19,16.79,1.35,0.0192721024
2021-08-25,GOOGL,140.56296,141.01355,15848000,0.1,271.903,81.2,4496.19,16.79,1.35,0.0057871486
2021-08-25,AAPL,146.381088,144.964279,58991300,0.1,271.903,81.2,4496.19,16.79,1.35,-0.0084215055
2021-08-26,AAPL,144.954528,144.163055,48597200,0.1,271.903,81.2,4470.0,18.84,1.34,-0.0055270427
2021-08-26,GOOGL,140.687025,140.379852,20610000,0.1,271.903,81.2,4470.0,18.84,1.34,-0.0044938767
2021-08-26,NVDA,22.15046,22.018755,237940000,0.1,271.903,81.2,4470.0,18.84,1.34,-0.006527699
2021-08-27,NVDA,22.134493,22.585484,304722000,0.1,271.903,81.2,4509.37,16.39,1.31,0.0257384486
2021-08-27,GOOGL,140.590235,142.924103,28780000,0.1,271.903,81.2,4509.37,16.39,1.31,0.0181240431
2021-08-27,AAPL,144.104432,145.198807,55802400,0.1,271.903,81.2,4509.37,16.39,1.31,0.0071845823
2021-08-30,GOOGL,143.317118,143.506195,24434000,0.1,271.903,81.2,4528.79,16.19,1.29,0.004072737
2021-08-30,NVDA,22.779058,22.637375,262580000,0.1,271.903,81.2,4528.79,16.19,1.29,0.0022975522
2021-08-31,NVDA,22.648348,22.338985,259850000,0.1,271.903,81.2,4522.68,16.48,1.3,-0.0131812737
2021-08-31,GOOGL,144.058534,143.612396,22448000,0.1,271.903,81.2,4522.68,16.48,1.3,0.0007400459
2021-08-31,AAPL,149.165847,148.354843,86453100,0.1,271.903,81.2,4522.68,16.48,1.3,-0.0084251274
2021-09-01,AAPL,149.332001,149.019318,80313700,0.08,273.91,72.8,4524.09,16.11,1.31,0.0044789538
2021-09-01,GOOGL,143.912642,144.126526,21936000,0.08,273.91,72.8,4524.09,16.11,1.31,0.0035799809
2021-09-01,NVDA,22.438779,22.394869,201767000,0.08,273.91,72.8,4524.09,16.11,1.31,0.002501609
2021-09-02,NVDA,22.471709,22.34996,187834000,0.08,273.91,72.8,4536.95,16.41,1.29,-0.0020053042
2021-09-02,GOOGL,144.127014,142.212479,32342000,0.08,273.91,72.8,4536.95,16.41,1.29,-0.0132803259
2021-09-02,AAPL,150.348175,150.133209,71115500,0.08,273.91,72.8,4536.95,16.41,1.29,0.0074748135
2021-09-03,AAPL,150.240677,150.768326,57808700,0.08,273.91,72.8,4535.43,16.41,1.33,0.0042303537
2021-09-03,GOOGL,142.007551,142.661606,19850000,0.08,273.91,72.8,4535.43,16.41,1.33,0.003158142
2021-09-03,NVDA,22.279112,22.796047,280532000,0.08,273.91,72.8,4535.43,16.41,1.33,0.0199591801
2021-09-07,NVDA,22.786066,22.615417,198107000,0.08,273.91,72.8,4520.03,18.14,1.38,-0.0079237303
2021-09-07,GOOGL,142.755878,143.198532,20124000,0.08,273.91,72.8,4520.03,18.14,1.38,0.0037636354
2021-09-07,AAPL,151.422989,153.103622,82278300,0.08,273.91,72.8,4520.03,18.14,1.38,0.0154893053
2021-09-08,AAPL,153.386993,151.559799,74420200,0.08,273.91,72.8,4514.07,17.96,1.35,-0.0100835187
2021-09-08,GOOGL,143.019409,142.613464,18344000,0.08,273.91,72.8,4514.07,17.96,1.35,-0.0040857105
2021-09-08,NVDA,22.466727,22.293085,254434000,0.08,273.91,72.8,4514.07,17.96,1.35,-0.0142527717
2021-09-09,NVDA,22.266139,22.131416,196856000,0.08,273.91,72.8,4493.28,18.8,1.3,-0.0072519697
2021-09-09,GOOGL,142.761838,142.464584,15314000,0.08,273.91,72.8,4493.28,18.8,1.3,-0.0010439407
2021-09-09,AAPL,151.931106,150.54361,57305700,0.08,273.91,72.8,4493.28,18.8,1.3,-0.0067048754
2021-09-10,AAPL,151.452316,145.560333,140893200,0.08,273.91,72.8,4458.58,20.95,1.35,-0.0331018791
2021-09-10,GOOGL,143.131015,139.81955,36840000,0.08,273.91,72.8,4458.58,20.95,1.35,-0.0185662619
2021-09-10,NVDA,22.302063,22.431797,248376000,0.08,273.91,72.8,4458.58,20.95,1.35,0.013572593
2021-09-13,NVDA,22.637368,22.106462,297500000,0.08,273.91,72.8,4468.73,19.37,1.33,-0.0145032762
2021-09-13,GOOGL,140.885013,141.265152,22094000,0.08,273.91,72.8,4468.73,19.37,1.33,0.0103390579
2021-09-13,AAPL,147.182327,146.127045,102404300,0.08,273.91,72.8,4468.73,19.37,1.33,0.0038933095
2021-09-14,AAPL,146.908736,144.729767,109296300,0.08,273.91,72.8,4443.05,19.46,1.28,-0.0095620755
2021-09-14,GOOGL,141.923162,141.47554,19674000,0.08,273.91,72.8,4443.05,19.46,1.28,0.0014893141
2021-09-14,NVDA,22.229211,22.19628,199755000,0.08,273.91,72.8,4443.05,19.46,1.28,0.0040629317
2021-09-15,NVDA,22.263146,22.29508,166538000,0.08,273.91,72.8,4480.7,18.18,1.31,0.0044512261
2021-09-15,GOOGL,141.700849,143.34642,27408000,0.08,273.91,72.8,4480.7,18.18,1.31,0.0132240536
2021-09-15,AAPL,145.159699,145.618942,83281300,0.08,273.91,72.8,4480.7,18.18,1.31,0.0061436941
2021-09-16,AAPL,145.04245,145.38443,68034100,0.08,273.91,72.8,4473.75,18.69,1.34,-0.0016104521
2021-09-16,GOOGL,142.870997,142.533051,26190000,0.08,273.91,72.8,4473.75,18.69,1.34,-0.0056741546
2021-09-16,NVDA,22.137401,22.19628,156033000,0.08,273.91,72.8,4473.75,18.69,1.34,-0.0044315005
2021-09-17,NVDA,22.254158,21.85498,294503000,0.08,273.91,72.8,4432.99,20.81,1.37,-0.0153764083
2021-09-17,GOOGL,141.957913,139.744141,53384000,0.08,273.91,72.8,4432.99,20.81,1.37,-0.0195667594
2021-09-17,AAPL,145.413757,142.716919,129868800,0.08,273.91,72.8,4432.99,20.81,1.37,-0.0183479826
2021-09-20,AAPL,140.508682,139.668365,123478900,0.08,273.91,72.8,4357.73,25.71,1.31,-0.0213608414
2021-09-20,GOOGL,137.125416,137.67923,46518000,0.08,273.91,72.8,4357.73,25.71,1.31,-0.0147763683
2021-09-20,NVDA,21.102534,21.069603,349440000,0.08,273.91,72.8,4357.73,25.71,1.31,-0.0359358593
2021-09-21,NVDA,21.372974,21.202326,204688000,0.08,273.91,72.8,4354.19,24.36,1.33,0.0062992575
2021-09-21,GOOGL,138.701521,137.990402,25332000,0.08,273.91,72.8,4354.19,24.36,1.33,0.0022601266
2021-09-21,AAPL,140.635712,140.147156,75834000,0.08,273.91,72.8,4354.19,24.36,1.33,0.003428051
2021-09-22,AAPL,141.143784,142.511749,76404300,0.08,273.91,72.8,4395.64,20.87,1.32,0.016872219
2021-09-22,GOOGL,138.259344,139.231491,25056000,0.08,273.91,72.8,4395.64,20.87,1.32,0.0089940231
2021-09-22,NVDA,21.322078,21.895897,268726000,0.08,273.91,72.8,4395.64,20.87,1.32,0.0327120287
2021-09-23,NVDA,22.094493,22.435791,248555000,0.08,273.91,72.8,4448.98,18.63,1.41,0.0246573185
2021-09-23,GOOGL,139.930241,140.157028,20952000,0.08,273.91,72.8,4448.98,18.63,1.41,0.0066474696
2021-09-23,AAPL,143.293442,143.46933,64838200,0.08,273.91,72.8,4448.98,18.63,1.41,0.0067193096
2021-09-24,AAPL,142.326096,143.557251,53477900,0.08,273.91,72.8,4455.48,17.75,1.47,0.0006128219
2021-09-24,GOOGL,139.484603,141.148529,22984000,0.08,273.91,72.8,4455.48,17.75,1.47,0.0070742143
2021-09-24,NVDA,22.024631,22.035608,217655000,0.08,273.91,72.8,4455.48,17.75,1.47,-0.0178368003
2021-09-27,NVDA,21.665373,21.615477,245215000,0.08,273.91,72.8,4443.11,18.76,1.48,-0.0190660352
2021-09-27,GOOGL,139.748603,140.014099,21882000,0.08,273.91,72.8,4443.11,18.76,1.48,-0.0080371361
2021-09-27,AAPL,142.140472,142.042755,74150700,0.08,273.91,72.8,4443.11,18.76,1.48,-0.0105497691
2021-09-28,AAPL,139.971268,138.661942,108972300,0.08,273.91,72.8,4352.63,23.25,1.54,-0.0238013801
2021-09-28,GOOGL,137.615213,134.811401,45772000,0.08,273.91,72.8,4352.63,23.25,1.54,-0.0371583847
2021-09-28,NVDA,21.170393,20.65645,343069000,0.08,273.91,72.8,4352.63,23.25,1.54,-0.0443675776
2021-09-29,NVDA,20.896956,20.474825,218394000,0.08,273.91,72.8,4359.46,22.56,1.55,-0.0087926708
2021-09-29,GOOGL,135.952761,133.345963,30848000,0.08,273.91,72.8,4359.46,22.56,1.55,-0.0108702886
2021-09-29,AAPL,139.209152,139.560913,74602000,0.08,273.91,72.8,4359.46,22.56,1.55,0.0064831889
2021-09-30,AAPL,140.371872,138.261307,89056700,0.08,273.91,72.8,4307.54,23.14,1.52,-0.0093121082
2021-09-30,GOOGL,133.254658,132.673538,37996000,0.08,273.91,72.8,4307.54,23.14,1.52,-0.0050427047
2021-09-30,NVDA,20.725309,20.673416,221009000,0.08,273.91,72.8,4307.54,23.14,1.52,0.0096992884
2021-10-01,NVDA,20.707347,20.699364,240978000,0.08,276.55,71.7,4357.04,21.15,1.48,0.0012551177
2021-10-01,GOOGL,133.439268,135.519058,35360000,0.08,276.55,71.7,4357.04,21.15,1.48,0.0214475325
2021-10-01,AAPL,138.652161,139.384995,94639600,0.08,276.55,71.7,4357.04,21.15,1.48,0.0081272756
2021-10-04,AAPL,138.515381,135.955353,98322000,0.08,276.55,71.7,4300.46,22.96,1.49,-0.0246055304
2021-10-04,GOOGL,134.940905,132.657166,51202000,0.08,276.55,71.7,4300.46,22.96,1.49,-0.0211180091
2021-10-04,NVDA,20.461855,19.691442,345635000,0.08,276.55,71.7,4300.46,22.96,1.49,-0.0486933431
2021-10-05,NVDA,19.908998,20.408968,279282000,0.08,276.55,71.7,4345.72,21.3,1.54,0.0364384419
2021-10-05,GOOGL,133.035829,135.00296,32404000,0.08,276.55,71.7,4345.72,21.3,1.54,0.0176831358
2021-10-05,AAPL,136.297363,137.88028,80861100,0.08,276.55,71.7,4345.72,21.3,1.54,0.0141585213
2021-10-06,AAPL,136.277771,138.749863,83221100,0.08,276.55,71.7,4363.55,21.0,1.53,0.0063067984
2021-10-06,GOOGL,133.739509,136.533401,24364000,0.08,276.55,71.7,4363.55,21.0,1.53,0.0113363535
2021-10-06,NVDA,20.078642,20.65745,297202000,0.08,276.55,71.7,4363.55,21.0,1.53,0.0121751257
2021-10-07,NVDA,21.048644,21.031681,256919000,0.08,276.55,71.7,4399.76,19.54,1.58,0.0181160474
2021-10-07,GOOGL,137.850428,138.180939,25110000,0.08,276.55,71.7,4399.76,19.54,1.58,0.0120669171
2021-10-07,AAPL,139.785599,140.01033,61732700,0.08,276.55,71.7,4399.76,19.54,1.58,0.0090844597
2021-10-08,AAPL,140.733414,139.629272,58773200,0.08,276.55,71.7,4391.34,18.77,1.61,-0.0027216402
2021-10-08,NVDA,21.057627,20.788181,151258000,0.08,276.55,71.7,4391.34,18.77,1.61,-0.01157776
2021-10-11,NVDA,20.53271,20.652462,163388000,0.08,276.55,71.7,4361.19,20.0,1.61,-0.0065286759
2021-10-11,GOOGL,138.247471,137.872299,17954000,0.08,276.55,71.7,4361.19,20.0,1.61,-0.0062344071
2021-10-11,AAPL,139.013717,139.541351,64452200,0.08,276.55,71.7,4361.19,20.0,1.61,-0.0006296756
2021-10-12,AAPL,139.951737,138.271103,73035900,0.08,276.55,71.7,4350.65,19.85,1.59,-0.009103025
2021-10-12,GOOGL,138.434027,135.425766,36332000,0.08,276.55,71.7,4350.65,19.85,1.59,-0.0177449221
2021-10-12,NVDA,20.785186,20.62851,162134000,0.08,276.55,71.7,4350.65,19.85,1.59,-0.0011597883
2021-10-13,NVDA,20.875003,20.89596,180652000,0.08,276.55,71.7,4363.8,18.64,1.56,0.0129650827
2021-10-13,GOOGL,136.372104,136.550262,19654000,0.08,276.55,71.7,4363.8,18.64,1.56,0.0083034159
2021-10-13,AAPL,138.007263,137.684814,78762700,0.08,276.55,71.7,4363.8,18.64,1.56,-0.0042401372
2021-10-14,AAPL,138.857346,140.469574,69907100,0.08,276.55,71.7,4438.26,16.86,1.52,0.0202256112
2021-10-14,GOOGL,138.428058,140.092484,31894000,0.08,276.55,71.7,4438.26,16.86,1.52,0.0259407855
2021-10-14,NVDA,21.244239,21.701298,243589000,0.08,276.55,71.7,4438.26,16.86,1.52,0.0385403643
2021-10-15,NVDA,21.765167,21.81706,226994000,0.08,276.55,71.7,4471.37,16.3,1.59,0.0053343681
2021-10-15,GOOGL,140.552518,140.307861,30274000,0.08,276.55,71.7,4471.37,16.3,1.59,0.0015373973
2021-10-15,AAPL,140.479385,141.524887,67940300,0.08,276.55,71.7,4471.37,16.3,1.59,0.0075127523
2021-10-18,AAPL,140.166657,143.195709,85589200,0.08,276.55,71.7,4486.46,16.31,1.59,0.0118058539
2021-10-18,GOOGL,140.018573,141.707306,20396000,0.08,276.55,71.7,4486.46,16.31,1.59,0.0099740996
2021-10-18,NVDA,21.704292,22.176319,189494000,0.08,276.55,71.7,4486.46,16.31,1.59,0.0164668679
2021-10-19,NVDA,22.230208,22.244181,161473000,0.08,276.55,71.7,4519.63,15.7,1.65,0.0030600911
2021-10-19,GOOGL,142.312226,142.162857,20164000,0.08,276.55,71.7,4519.63,15.7,1.65,0.003214733
2021-10-20,AAPL,145.296494,145.843674,58418800,0.08,276.55,71.7,4536.19,15.49,1.65,0.0033608034
2021-10-20,GOOGL,142.263106,140.705872,23288000,0.08,276.55,71.7,4536.19,15.49,1.65,-0.010248707
2021-10-20,NVDA,22.259152,22.057568,146276000,0.08,276.55,71.7,4536.19,15.49,1.65,-0.008389299
2021-10-21,NVDA,22.051577,22.645353,187590000,0.08,276.55,71.7,4549.78,15.01,1.68,0.0266478032
2021-10-21,GOOGL,140.705879,140.822006,26292000,0.08,276.55,71.7,4549.78,15.01,1.68,0.0008253717
2021-10-21,AAPL,145.404007,146.05867,61421000,0.08,276.55,71.7,4549.78,15.01,1.68,0.0014741561
2021-10-22,AAPL,146.263886,145.286774,58883400,0.08,276.55,71.7,4544.9,15.43,1.66,-0.0052848377
2021-10-22,GOOGL,138.106488,136.534866,50588000,0.08,276.55,71.7,4544.9,15.43,1.66,-0.0304436786
2021-10-22,NVDA,22.776086,22.679285,249384000,0.08,276.55,71.7,4544.9,15.43,1.66,0.0014983971
2021-10-25,NVDA,22.925777,23.118382,230235000,0.08,276.55,71.7,4566.48,15.24,1.64,0.019361124
2021-10-25,GOOGL,136.518515,136.41629,34412000,0.08,276.55,71.7,4566.48,15.24,1.64,-0.0008684672
2021-10-25,AAPL,145.276962,145.237885,50720600,0.08,276.55,71.7,4566.48,15.24,1.64,-0.0003365011
2021-10-26,AAPL,145.912079,145.902313,60893400,0.08,276.55,71.7,4574.79,15.98,1.63,0.0045747617
2021-10-26,GOOGL,138.219179,138.26384,49236000,0.08,276.55,71.7,4574.79,15.98,1.63,0.0135434664
2021-10-26,NVDA,23.939693,24.666195,485898000,0.08,276.55,71.7,4574.79,15.98,1.63,0.0669516339
2021-10-27,NVDA,24.423687,24.400734,245990000,0.08,276.55,71.7,4551.68,16.98,1.54,-0.010762137
2021-10-27,GOOGL,138.359604,145.121017,85782000,0.08,276.55,71.7,4551.68,16.98,1.54,0.0495948742
2021-10-27,AAPL,145.941422,145.4431,56094900,0.08,276.55,71.7,4551.68,16.98,1.54,-0.0031474022
2021-10-28,AAPL,146.39087,149.077927,100077900,0.08,276.55,71.7,4596.42,16.53,1.57,0.0249913998
2021-10-28,GOOGL,146.031147,144.75528,36206000,0.08,276.55,71.7,4596.42,16.53,1.57,-0.0025202271
2021-10-28,NVDA,24.826866,24.889736,234204000,0.08,276.55,71.7,4596.42,16.53,1.57,0.0200404721
2021-10-29,NVDA,24.949608,25.514444,292503000,0.08,276.55,71.7,4605.38,16.26,1.55,0.0250990276
2021-10-29,GOOGL,143.990046,146.935791,43320000,0.08,276.55,71.7,4605.38,16.26,1.55,0.0150634331
2021-10-29,AAPL,143.850373,146.371323,124953200,0.08,276.55,71.7,4605.38,16.26,1.55,-0.0181556322
2021-11-01,AAPL,145.57988,145.550568,74588300,0.08,278.919,67.4,4613.67,16.41,1.58,-0.0056073484
2021-11-01,NVDA,25.596279,25.773912,265740000,0.08,278.919,67.4,4613.67,16.41,1.58,0.0101694583
2021-11-02,NVDA,25.768923,26.346731,294112000,0.08,278.919,67.4,4630.65,16.03,1.56,0.0222247498
2021-11-02,GOOGL,143.495288,144.341888,33482000,0.08,278.919,67.4,4630.65,16.03,1.56,0.0134881187
2021-11-02,AAPL,145.257416,146.586288,69122000,0.08,278.919,67.4,4630.65,16.03,1.56,0.0071158831
2021-11-03,AAPL,146.9478,148.022629,54511500,0.08,278.919,67.4,4660.57,15.1,1.6,0.0097985995
2021-11-03,GOOGL,144.806393,145.498672,27494000,0.08,278.919,67.4,4660.57,15.1,1.6,0.0080141951
2021-11-03,NVDA,26.61518,26.543327,239910000,0.08,278.919,67.4,4660.57,15.1,1.6,0.00746188
2021-11-04,NVDA,27.173025,29.739738,1153631000,0.08,278.919,67.4,4680.06,15.44,1.53,0.1204223982
2021-11-04,GOOGL,146.021191,147.155624,38412000,0.08,278.919,67.4,4680.06,15.44,1.53,0.0113880895
2021-11-04,AAPL,148.110611,147.504807,60394600,0.08,278.919,67.4,4680.06,15.44,1.53,-0.0034982642
2021-11-05,AAPL,148.630081,148.033173,65463900,0.08,278.919,67.4,4697.53,16.48,1.45,0.0035820262
2021-11-05,GOOGL,148.050842,147.735733,38354000,0.08,278.919,67.4,4697.53,16.48,1.45,0.0039421439
2021-11-05,NVDA,30.124951,29.690845,851260000,0.08,278.919,67.4,4697.53,16.48,1.45,-0.0016440284
2021-11-08,NVDA,30.087028,30.740683,503101000,0.08,278.919,67.4,4701.7,17.22,1.51,0.0353589497
2021-11-08,GOOGL,148.701459,147.913422,23052000,0.08,278.919,67.4,4701.7,17.22,1.51,0.0012027462
2021-11-08,AAPL,148.160426,147.211243,55020900,0.08,278.919,67.4,4701.7,17.22,1.51,-0.0055523361
2021-11-09,AAPL,146.976394,147.573303,56787900,0.08,278.919,67.4,4685.25,17.78,1.46,0.0024594626
2021-11-09,GOOGL,148.113898,147.801758,19530000,0.08,278.919,67.4,4685.25,17.78,1.46,-0.0007549269
2021-11-09,NVDA,32.215644,30.593983,646746000,0.08,278.919,67.4,4685.25,17.78,1.46,-0.0047721746
2021-11-10,NVDA,29.295656,29.398443,636206000,0.08,278.919,67.4,4646.71,18.73,1.56,-0.0390776018
2021-11-10,GOOGL,146.393882,144.799423,29970000,0.08,278.919,67.4,4646.71,18.73,1.56,-0.0203132536
2021-11-10,AAPL,146.800282,144.745346,65187100,0.08,278.919,67.4,4646.71,18.73,1.56,-0.0191630674
2021-11-11,AAPL,145.762983,144.696365,41000000,0.08,278.919,67.4,4649.27,17.66,1.56,-0.0003383923
2021-11-11,GOOGL,145.390971,144.673386,16518000,0.08,278.919,67.4,4649.27,17.66,1.56,-0.0008704289
2021-11-11,NVDA,30.405373,30.327532,332172000,0.08,278.919,67.4,4649.27,17.66,1.56,0.0316033263
2021-11-12,NVDA,29.948314,30.327532,413054000,0.08,278.919,67.4,4682.85,16.29,1.58,0.0
2021-11-12,GOOGL,145.516016,147.563049,22360000,0.08,278.919,67.4,4682.85,16.29,1.58,0.0199737062
2021-11-12,AAPL,145.244373,146.770905,63804000,0.08,278.919,67.4,4682.85,16.29,1.58,0.0143371893
2021-11-15,GOOGL,147.783899,147.33876,23508000,0.08,278.919,67.4,4682.8,16.49,1.63,-0.0015199533
2021-11-15,NVDA,30.489199,29.963282,384909000,0.08,278.919,67.4,4682.8,16.49,1.63,-0.0120105449
2021-11-16,NVDA,29.697825,30.140911,264484000,0.08,278.919,67.4,4700.9,16.37,1.63,0.0059282382
2021-11-16,GOOGL,147.038507,146.767059,18904000,0.08,278.919,67.4,4700.9,16.37,1.63,-0.0038801809
2021-11-16,AAPL,146.721969,147.759216,59256200,0.08,278.919,67.4,4700.9,16.37,1.63,0.0066666188
2021-11-17,GOOGL,146.917428,146.936783,19594000,0.08,278.919,67.4,4688.67,17.11,1.6,0.0011564142
2021-11-17,NVDA,30.355473,29.200851,428508000,0.08,278.919,67.4,4688.67,17.11,1.6,-0.031188827
2021-11-18,NVDA,32.300469,31.60989,781711000,0.08,278.919,67.4,4704.54,17.59,1.59,0.0824989144
2021-11-18,GOOGL,147.12982,148.714844,35608000,0.08,278.919,67.4,4704.54,17.59,1.59,0.0121008564
2021-11-18,AAPL,150.411089,154.481796,137827700,0.08,278.919,67.4,4704.54,17.59,1.59,0.0285361585
2021-11-19,AAPL,154.266494,157.104263,117305600,0.08,278.919,67.4,4697.96,17.91,1.54,0.0169758969
2021-11-19,GOOGL,148.850807,147.809677,33682000,0.08,278.919,67.4,4697.96,17.91,1.54,-0.0060865923
2021-11-19,NVDA,32.176727,32.917202,533867000,0.08,278.919,67.4,4697.96,17.91,1.54,0.0413576894
2021-11-22,NVDA,33.4481,31.89031,754335000,0.08,278.919,67.4,4682.94,19.17,1.63,-0.0311962028
2021-11-22,GOOGL,148.212656,145.20488,30594000,0.08,278.919,67.4,4682.94,19.17,1.63,-0.0176226443
2021-11-22,AAPL,158.210002,157.564178,117467900,0.08,278.919,67.4,4682.94,19.17,1.63,0.0029274518
2021-11-23,AAPL,157.662032,157.945816,96041900,0.08,278.919,67.4,4690.7,19.38,1.67,0.0024221087
2021-11-23,GOOGL,145.057002,144.688782,27218000,0.08,278.919,67.4,4690.7,19.38,1.67,-0.0035542746
2021-11-23,NVDA,31.470179,31.680746,532163000,0.08,278.919,67.4,4690.7,19.38,1.67,-0.006571407
2021-11-24,NVDA,31.396329,32.606834,435162000,0.08,278.919,67.4,4701.46,18.58,1.64,0.0292318978
2021-11-24,GOOGL,144.382549,145.0242,18040000,0.08,278.919,67.4,4701.46,18.58,1.64,0.0023182081
2021-11-24,AAPL,157.299954,158.464417,69463600,0.08,278.919,67.4,4701.46,18.58,1.64,0.0032834074
2021-11-26,AAPL,156.145262,153.444489,76959800,0.08,278.919,67.4,4594.62,28.62,1.48,-0.0316785818
2021-11-26,GOOGL,143.266002,141.116745,30470000,0.08,278.919,67.4,4594.62,28.62,1.48,-0.0269434717
2021-11-26,NVDA,32.532989,31.438246,283069000,0.08,278.919,67.4,4594.62,28.62,1.48,-0.0358387638
2021-11-29,NVDA,32.29947,33.307392,454964000,0.08,278.919,67.4,4655.27,22.96,1.52,0.059454537
2021-11-29,GOOGL,142.920123,144.439148,32596000,0.08,278.919,67.4,4655.27,22.96,1.52,0.0235436479
2021-11-29,AAPL,155.94955,156.800888,88748200,0.08,278.919,67.4,4655.27,22.96,1.52,0.0218737054
2021-11-30,AAPL,156.556271,161.752304,174048100,0.08,278.919,67.4,4567.0,27.19,1.43,0.0315777294
2021-11-30,GOOGL,143.921067,140.833405,42068000,0.08,278.919,67.4,4567.0,27.19,1.43,-0.0249637544
2021-11-30,NVDA,33.100816,32.608829,622066000,0.08,278.919,67.4,4567.0,27.19,1.43,-0.0209732008
2021-12-01,NVDA,33.154779,31.374226,484368000,0.08,280.845,70.6,4513.04,31.12,1.43,-0.0378610303
2021-12-01,GOOGL,142.92015,139.993759,34020000,0.08,280.845,70.6,4513.04,31.12,1.43,-0.0059619761
2021-12-01,AAPL,163.885518,161.233688,152052500,0.08,280.845,70.6,4513.04,31.12,1.43,-0.0032062339
2021-12-02,AAPL,155.333112,160.245361,136739200,0.08,280.845,70.6,4577.1,27.95,1.44,-0.0061297799
2021-12-02,GOOGL,140.190755,141.89389,29194000,0.08,280.845,70.6,4577.1,27.95,1.44,0.0135729709
2021-12-02,NVDA,31.153653,32.063889,472890000,0.08,280.845,70.6,4577.1,27.95,1.44,0.0219818313
2021-12-03,GOOGL,142.60354,140.93663,41230000,0.08,280.845,70.6,4538.43,30.67,1.35,-0.0067463097
2021-12-03,AAPL,160.499798,158.366577,118023100,0.08,280.845,70.6,4538.43,30.67,1.35,-0.0117244216
2021-12-06,AAPL,160.763943,161.771851,107497000,0.08,280.845,70.6,4591.67,27.18,1.43,0.0215024755
2021-12-06,GOOGL,141.967823,142.081467,30618000,0.08,280.845,70.6,4591.67,27.18,1.43,0.008123058
2021-12-06,NVDA,29.822226,29.978924,658938000,0.08,280.845,70.6,4591.67,27.18,1.43,-0.0213731381
2021-12-07,NVDA,30.897141,32.364296,593053000,0.08,280.845,70.6,4686.75,21.89,1.48,0.0795683053
2021-12-07,GOOGL,144.504657,146.165115,32240000,0.08,280.845,70.6,4686.75,21.89,1.48,0.0287416
2021-12-07,AAPL,165.451198,167.506119,120405400,0.08,280.845,70.6,4686.75,21.89,1.48,0.0354466378
2021-12-08,AAPL,168.435734,171.322418,116998900,0.08,280.845,70.6,4701.21,19.9,1.52,0.022783045
2021-12-08,GOOGL,146.489669,147.075241,24270000,0.08,280.845,70.6,4701.21,19.9,1.52,0.006226696
2021-12-08,NVDA,31.937135,31.764469,475551000,0.08,280.845,70.6,4701.21,19.9,1.52,-0.0185335968
2021-12-09,NVDA,31.672646,30.431051,488507000,0.08,280.845,70.6,4667.45,21.58,1.49,-0.0419782835
2021-12-09,GOOGL,146.484197,146.531342,23270000,0.08,280.845,70.6,4667.45,21.58,1.49,-0.003698104
2021-12-09,AAPL,171.156047,170.813553,108923700,0.08,280.845,70.6,4667.45,21.58,1.49,-0.0029702205
2021-12-10,AAPL,171.449582,175.598572,115402700,0.08,280.845,70.6,4712.02,18.69,1.48,0.0280131104
2021-12-10,GOOGL,147.584896,146.891632,24458000,0.08,280.845,70.6,4712.02,18.69,1.48,0.002458795
2021-12-10,NVDA,31.089775,30.139616,488825000,0.08,280.845,70.6,4712.02,18.69,1.48,-0.0095769035
2021-12-13,NVDA,30.190518,28.106554,598344000,0.08,280.845,70.6,4668.97,20.31,1.42,-0.067454807
2021-12-13,GOOGL,146.673267,144.732941,27070000,0.08,280.845,70.6,4668.97,20.31,1.42,-0.0146958093
2021-12-13,AAPL,177.23277,171.968246,153237000,0.08,280.845,70.6,4668.97,20.31,1.42,-0.0206740025
2021-12-14,AAPL,171.488739,170.588486,139380400,0.08,280.845,70.6,4634.09,21.89,1.44,-0.008023346
2021-12-14,GOOGL,142.888382,142.827835,38446000,0.08,280.845,70.6,4634.09,21.89,1.44,-0.0131629025
2021-12-14,NVDA,27.64545,28.282217,667035000,0.08,280.845,70.6,4634.09,21.89,1.44,0.0062498944
2021-12-15,NVDA,28.345093,30.400112,698297000,0.08,280.845,70.6,4709.85,19.29,1.47,0.074884339
2021-12-15,GOOGL,142.333559,145.342819,36370000,0.08,280.845,70.6,4709.85,19.29,1.47,0.0176085014
2021-12-15,AAPL,171.351782,175.451859,131063300,0.08,280.845,70.6,4709.85,19.29,1.47,0.0285093849
2021-12-16,AAPL,175.432235,168.562897,150185800,0.08,280.845,70.6,4668.67,20.57,1.44,-0.0392641141
2021-12-16,GOOGL,146.066872,143.361816,33650000,0.08,280.845,70.6,4668.67,20.57,1.44,-0.0136298636
2021-12-16,NVDA,31.091771,28.332115,707366000,0.08,280.845,70.6,4668.67,20.57,1.44,-0.0680259654
2021-12-17,NVDA,27.930892,27.747248,713758000,0.08,280.845,70.6,4620.64,21.57,1.41,-0.0206432691
2021-12-17,GOOGL,141.431383,140.662201,50416000,0.08,280.845,70.6,4620.64,21.57,1.41,-0.0188307846
2021-12-17,AAPL,166.282943,167.46698,195432700,0.08,280.845,70.6,4620.64,21.57,1.41,-0.0065015301
2021-12-20,AAPL,164.66836,166.106812,107499100,0.08,280.845,70.6,4568.02,22.87,1.43,-0.0081220098
2021-12-20,GOOGL,138.950146,140.54509,27192000,0.08,280.845,70.6,4568.02,22.87,1.43,-0.0008325706
2021-12-20,NVDA,27.25221,27.665409,461847000,0.08,280.845,70.6,4568.02,22.87,1.43,-0.0029494316
2021-12-21,NVDA,28.319146,29.018791,524385000,0.08,280.845,70.6,4649.23,21.01,1.48,0.0489196493
2021-12-21,GOOGL,140.988226,142.396591,28756000,0.08,280.845,70.6,4649.23,21.01,1.48,0.0131737186
2021-12-21,AAPL,167.877951,169.277267,91185900,0.08,280.845,70.6,4649.23,21.01,1.48,0.0190868508
2021-12-22,AAPL,169.326157,171.870361,92135300,0.08,280.845,70.6,4696.56,18.63,1.46,0.0153186184
2021-12-22,GOOGL,141.994631,145.317017,26322000,0.08,280.845,70.6,4696.56,18.63,1.46,0.0205090964
2021-12-22,NVDA,28.835148,29.343163,395184000,0.08,280.845,70.6,4696.56,18.63,1.46,0.0111779755
2021-12-23,NVDA,29.697471,29.582693,343022000,0.08,280.845,70.6,4725.79,17.96,1.5,0.0081630793
2021-12-23,GOOGL,145.401378,145.814758,26384000,0.08,280.845,70.6,4725.79,17.96,1.5,0.0034252128
2021-12-23,AAPL,172.075909,172.496674,68356600,0.08,280.845,70.6,4725.79,17.96,1.5,0.0036440969
2021-12-27,AAPL,173.289249,176.459717,74919600,0.08,280.845,70.6,4791.19,17.68,1.48,0.0229746066
2021-12-27,GOOGL,146.151713,146.797333,15976000,0.08,280.845,70.6,4791.19,17.68,1.48,0.0067385118
2021-12-28,NVDA,31.251462,30.263376,420591000,0.08,280.845,70.6,4786.35,17.54,1.49,-0.0201325583
2021-12-28,GOOGL,147.12437,145.58699,18200000,0.08,280.845,70.6,4786.35,17.54,1.49,-0.0082449891
2021-12-28,AAPL,176.29337,175.442032,79144300,0.08,280.845,70.6,4786.35,17.54,1.49,-0.0057672366
2021-12-29,AAPL,175.481191,175.530121,62348900,0.08,280.845,70.6,4793.06,16.95,1.55,0.0005020974
2021-12-29,GOOGL,145.544787,145.555206,17788000,0.08,280.845,70.6,4793.06,16.95,1.55,-0.0002183166
2021-12-29,NVDA,30.21447,29.942995,343139000,0.08,280.845,70.6,4793.06,16.95,1.55,-0.0105864317
2021-12-30,NVDA,29.76933,29.528797,308864000,0.08,280.845,70.6,4778.73,17.33,1.52,-0.0138328821
2021-12-30,GOOGL,145.593925,145.104126,15688000,0.08,280.845,70.6,4778.73,17.33,1.52,-0.0030990326
2021-12-30,AAPL,175.618174,174.375427,59773000,0.08,280.845,70.6,4778.73,17.33,1.52,-0.0065783217
2021-12-31,AAPL,174.267816,173.758987,64062300,0.08,280.845,70.6,4766.18,17.22,1.52,-0.0035351301
2021-12-31,GOOGL,144.954746,143.765732,18136000,0.08,280.845,70.6,4766.18,17.22,1.52,-0.009223681
2021-12-31,NVDA,29.616629,29.354137,266530000,0.08,280.845,70.6,4766.18,17.22,1.52,-0.0059148948
2022-01-03,NVDA,29.757357,30.062765,391547000,0.08,280.845,70.6,4796.56,16.6,1.63,0.0241406413
2022-01-03,GOOGL,143.967221,143.904205,28646000,0.08,280.845,70.6,4796.56,16.6,1.63,0.0009631886
2022-01-03,AAPL,174.013372,178.103653,104487900,0.08,280.845,70.6,4796.56,16.6,1.63,0.0250039759
2022-01-04,AAPL,178.710355,175.843231,99310400,0.08,280.845,70.6,4793.54,16.91,1.66,-0.012691608
2022-01-04,GOOGL,144.305668,143.31665,28400000,0.08,280.845,70.6,4793.54,16.91,1.66,-0.0040829587
2022-01-04,NVDA,30.218465,29.233374,527154000,0.08,280.845,70.6,4793.54,16.91,1.66,-0.0275886625
2022-01-05,NVDA,28.893029,27.550631,498064000,0.08,280.845,70.6,4700.58,19.73,1.71,-0.0575623975
2022-01-05,GOOGL,143.336979,136.741806,54618000,0.08,280.845,70.6,4700.58,19.73,1.71,-0.0458763468
2022-01-05,AAPL,175.755162,171.165817,94537600,0.08,280.845,70.6,4700.58,19.73,1.71,-0.026599909
2022-01-06,AAPL,168.99346,168.308487,96904000,0.08,280.845,70.6,4696.05,19.61,1.73,-0.0166933467
2022-01-06,GOOGL,135.971147,136.714523,37348000,0.08,280.845,70.6,4696.05,19.61,1.73,-0.0001995199
2022-01-06,NVDA,27.58656,28.12352,454186000,0.08,280.845,70.6,4696.05,19.61,1.73,0.020794055
2022-01-07,NVDA,28.086591,27.194319,409939000,0.08,280.845,70.6,4677.03,18.76,1.76,-0.033040001
2022-01-07,GOOGL,137.109549,135.989517,29760000,0.08,280.845,70.6,4677.03,18.76,1.76,-0.0053030657
2022-01-07,AAPL,169.179402,168.474854,86709100,0.08,280.845,70.6,4677.03,18.76,1.76,0.0009884622
2022-01-10,AAPL,165.451162,168.494415,106765600,0.08,280.845,70.6,4670.29,19.4,1.78,0.0001161109
2022-01-10,GOOGL,134.065049,137.629608,44408000,0.08,280.845,70.6,4670.29,19.4,1.78,0.0120604218
2022-01-10,NVDA,26.529608,27.347025,594681000,0.08,280.845,70.6,4670.29,19.4,1.78,0.0056153694
2022-01-11,NVDA,27.270175,27.76322,404089000,0.08,280.845,70.6,4713.07,18.41,1.75,0.0152190199
2022-01-11,GOOGL,136.972102,138.688126,28730000,0.08,280.845,70.6,4713.07,18.41,1.75,0.0076910591
2022-01-11,AAPL,168.621659,171.322418,76138300,0.08,280.845,70.6,4713.07,18.41,1.75,0.0167839565
2022-01-12,AAPL,172.34006,171.762726,74805200,0.08,280.845,70.6,4726.35,17.62,1.74,0.0025700525
2022-01-12,GOOGL,140.09149,140.369888,26108000,0.08,280.845,70.6,4726.35,17.62,1.74,0.0121262198
2022-01-12,NVDA,28.012734,27.944866,383413000,0.08,280.845,70.6,4726.35,17.62,1.74,0.0065426974
2022-01-13,NVDA,28.324136,26.523624,540171000,0.08,280.845,70.6,4659.03,20.31,1.7,-0.0508587785
2022-01-13,GOOGL,140.478588,137.547745,31436000,0.08,280.845,70.6,4659.03,20.31,1.7,-0.0201050495
2022-01-13,AAPL,172.007362,168.494415,84505800,0.08,280.845,70.6,4659.03,20.31,1.7,-0.0190280547
2022-01-14,AAPL,167.662664,169.355545,80440800,0.08,280.845,70.6,4662.85,19.19,1.78,0.0051107318
2022-01-14,GOOGL,136.051044,138.43454,29662000,0.08,280.845,70.6,4662.85,19.19,1.78,0.0064471798
2022-01-14,NVDA,26.249151,26.88991,395832000,0.08,280.845,70.6,4662.85,19.19,1.78,0.0138097765
2022-01-18,NVDA,26.209231,25.852921,424270000,0.08,280.845,70.6,4577.11,22.79,1.87,-0.0385642504
2022-01-18,GOOGL,135.153824,134.978149,34872000,0.08,280.845,70.6,4577.11,22.79,1.87,-0.0249676879
2022-01-18,AAPL,167.829038,166.155746,90956700,0.08,280.845,70.6,4577.11,22.79,1.87,-0.01889397
2022-01-19,AAPL,166.351414,162.662323,94815000,0.08,280.845,70.6,4532.76,23.85,1.83,-0.0210249933
2022-01-19,GOOGL,135.499703,134.103256,28648000,0.08,280.845,70.6,4532.76,23.85,1.83,-0.0064817394
2022-01-19,NVDA,26.02858,25.018536,488315000,0.08,280.845,70.6,4532.76,23.85,1.83,-0.0322743002
2022-01-20,NVDA,25.255082,24.103312,435181000,0.08,280.845,70.6,4482.73,25.59,1.83,-0.0365818403
2022-01-20,GOOGL,135.22827,132.307831,29908000,0.08,280.845,70.6,4482.73,25.59,1.83,-0.0133883805
2022-01-20,AAPL,163.396191,160.979202,91420500,0.08,280.845,70.6,4482.73,25.59,1.83,-0.01034733
2022-01-21,AAPL,160.891172,158.924316,122848900,0.08,280.845,70.6,4397.94,28.85,1.75,-0.0127649152
2022-01-21,GOOGL,131.599184,129.373993,55652000,0.08,280.845,70.6,4397.94,28.85,1.75,-0.0221743329
2022-01-21,NVDA,23.461552,23.32881,718958000,0.08,280.845,70.6,4397.94,28.85,1.75,-0.0321325889
2022-01-24,GOOGL,125.033291,129.823105,76622000,0.08,280.845,70.6,4410.13,29.9,1.75,0.0034714236
2022-01-24,AAPL,156.585594,158.151245,162294600,0.08,280.845,70.6,4410.13,29.9,1.75,-0.004864399
2022-01-25,AAPL,155.567966,156.3508,115798400,0.08,280.845,70.6,4356.45,31.16,1.78,-0.0113843274
2022-01-25,GOOGL,127.774573,125.983101,46960000,0.08,280.845,70.6,4356.45,31.16,1.78,-0.0295787408
2022-01-25,NVDA,22.502413,22.280842,664616000,0.08,280.845,70.6,4356.45,31.16,1.78,-0.0448396995
2022-01-26,NVDA,23.195072,22.727976,755959000,0.08,280.845,70.6,4349.93,31.96,1.85,0.0200680935
2022-01-26,GOOGL,130.135729,128.26387,49130000,0.08,280.845,70.6,4349.93,31.96,1.85,0.0181037721
2022-01-26,AAPL,159.990953,156.262726,108275300,0.08,280.845,70.6,4349.93,31.96,1.85,-0.0005633085
2022-01-27,AAPL,158.963468,155.802795,121954600,0.08,280.845,70.6,4326.51,30.49,1.81,-0.002943315
2022-01-27,GOOGL,130.319338,128.037582,31950000,0.08,280.845,70.6,4326.51,30.49,1.81,-0.0017642368
2022-01-27,NVDA,23.522438,21.901577,573353000,0.08,280.845,70.6,4326.51,30.49,1.81,-0.0363604245
2022-01-28,NVDA,21.969443,22.795843,543774000,0.08,280.845,70.6,4431.85,27.66,1.78,0.0408311296
2022-01-28,GOOGL,128.686668,132.350983,34362000,0.08,280.845,70.6,4431.85,27.66,1.78,0.0336885482
2022-01-28,AAPL,162.153507,166.674347,179935700,0.08,280.845,70.6,4431.85,27.66,1.78,0.0697776409
2022-01-31,AAPL,166.507999,171.028839,115541600,0.08,280.845,70.6,4515.55,24.83,1.79,0.0261257492
2022-01-31,GOOGL,133.155929,134.288864,39986000,0.08,280.845,70.6,4515.55,24.83,1.79,0.0146419878
2022-01-31,NVDA,23.137184,24.438663,564680000,0.08,280.845,70.6,4515.55,24.83,1.79,0.0720666636
2022-02-01,NVDA,25.055463,24.590364,518925000,0.08,284.5,62.8,4546.54,21.96,1.81,0.0062074169
2022-02-01,GOOGL,136.562688,136.611816,68644000,0.08,284.5,62.8,4546.54,21.96,1.81,0.017298175
2022-02-01,AAPL,170.275329,170.862457,86213900,0.08,284.5,62.8,4546.54,21.96,1.81,-0.0009728291
2022-02-02,AAPL,170.999453,172.066055,84914300,0.08,284.5,62.8,4589.38,22.09,1.78,0.0070442509
2022-02-02,GOOGL,150.11578,146.890152,123200000,0.08,284.5,62.8,4589.38,22.09,1.78,0.0752375295
2022-02-02,NVDA,25.744132,25.193199,543419000,0.08,284.5,62.8,4589.38,22.09,1.78,0.024515078
2022-02-03,NVDA,24.410715,23.901701,410178000,0.08,284.5,62.8,4477.44,24.35,1.82,-0.0512637627
2022-02-03,GOOGL,144.612848,142.016953,71518000,0.08,284.5,62.8,4477.44,24.35,1.82,-0.0331758079
2022-02-03,AAPL,170.735285,169.189194,89418100,0.08,284.5,62.8,4477.44,24.35,1.82,-0.0167195184
2022-02-04,AAPL,168.209406,168.90506,82465400,0.08,284.5,62.8,4500.53,23.22,1.93,-0.0016793857
2022-02-04,GOOGL,142.368813,142.218445,57998000,0.08,284.5,62.8,4500.53,23.22,1.93,0.0014187905
2022-02-04,NVDA,23.925655,24.271984,354829000,0.08,284.5,62.8,4500.53,23.22,1.93,0.0154919153
2022-02-07,NVDA,24.324878,24.680191,376868000,0.08,284.5,62.8,4483.87,22.86,1.92,0.0168180293
2022-02-07,GOOGL,143.168253,138.15712,54974000,0.08,284.5,62.8,4483.87,22.86,1.92,-0.0285569504
2022-02-07,AAPL,169.365558,168.189819,77251200,0.08,284.5,62.8,4483.87,22.86,1.92,-0.0042345711
2022-02-08,AAPL,168.258408,171.295746,74829200,0.08,284.5,62.8,4521.54,21.44,1.96,0.0184667926
2022-02-08,GOOGL,137.983918,138.353622,54284000,0.08,284.5,62.8,4521.54,21.44,1.96,0.0014223131
2022-02-08,NVDA,24.311907,25.05946,410359000,0.08,284.5,62.8,4521.54,21.44,1.96,0.0153673302
2022-02-09,NVDA,25.572462,26.653368,524282000,0.08,284.5,62.8,4587.18,19.96,1.94,0.0636050549
2022-02-09,GOOGL,139.906401,140.530182,40144000,0.08,284.5,62.8,4587.18,19.96,1.94,0.0157318573
2022-02-09,AAPL,172.4911,172.716446,71285000,0.08,284.5,62.8,4587.18,19.96,1.94,0.0082938433
2022-02-10,AAPL,170.619672,168.640503,90865900,0.08,284.5,62.8,4504.08,23.91,2.03,-0.0235990439
2022-02-10,GOOGL,138.655861,137.580475,39330000,0.08,284.5,62.8,4504.08,23.91,2.03,-0.0209898471
2022-02-10,NVDA,25.944743,25.774073,513200000,0.08,284.5,62.8,4504.08,23.91,2.03,-0.0329900277
2022-02-11,NVDA,25.865897,23.902699,605472000,0.08,284.5,62.8,4418.64,27.36,1.92,-0.0726068463
2022-02-11,GOOGL,137.560625,133.275497,39958000,0.08,284.5,62.8,4418.64,27.36,1.92,-0.0312906132
2022-02-11,AAPL,168.846257,165.23085,98670700,0.08,284.5,62.8,4418.64,27.36,1.92,-0.0202184686
2022-02-14,AAPL,163.986504,165.465988,86185500,0.08,284.5,62.8,4401.67,28.33,1.98,0.0014230874
2022-02-14,GOOGL,132.257193,134.509674,34302000,0.08,284.5,62.8,4401.67,28.33,1.98,0.0092603416
2022-02-14,NVDA,23.887727,24.220083,440424000,0.08,284.5,62.8,4401.67,28.33,1.98,0.0132781962
2022-02-15,NVDA,24.900763,26.443775,699869000,0.08,284.5,62.8,4471.07,25.7,2.05,0.0918119033
2022-02-15,GOOGL,136.538837,135.584061,26680000,0.08,284.5,62.8,4471.07,25.7,2.05,0.0079874299
2022-02-15,AAPL,167.513766,169.296967,62527400,0.08,284.5,62.8,4471.07,25.7,2.05,0.0231526638
2022-02-16,AAPL,168.375967,169.061813,61177400,0.08,284.5,62.8,4475.01,24.29,2.03,-0.0013889983
2022-02-16,GOOGL,135.621787,136.705109,25022000,0.08,284.5,62.8,4475.01,24.29,2.03,0.0082682873
2022-02-16,NVDA,26.208234,26.459745,732676000,0.08,284.5,62.8,4475.01,24.29,2.03,0.0006039315
2022-02-17,NVDA,25.580446,24.459618,810595000,0.08,284.5,62.8,4380.26,28.11,1.97,-0.0755913468
2022-02-17,GOOGL,135.221292,131.545074,38950000,0.08,284.5,62.8,4380.26,28.11,1.97,-0.0377457304
2022-02-17,AAPL,167.572519,165.465988,69589300,0.08,284.5,62.8,4380.26,28.11,1.97,-0.0212692927
2022-02-18,AAPL,166.386984,163.917923,82772700,0.08,284.5,62.8,4348.87,27.75,1.92,-0.0093557909
2022-02-18,GOOGL,132.466128,129.42511,45620000,0.08,284.5,62.8,4348.87,27.75,1.92,-0.0161158797
2022-02-18,NVDA,24.620312,23.596296,761255000,0.08,284.5,62.8,4348.87,27.75,1.92,-0.0352957809
2022-02-22,NVDA,22.990467,23.34478,633422000,0.08,284.5,62.8,4304.76,28.81,1.94,-0.0106591449
2022-02-22,GOOGL,128.864334,128.840027,44990000,0.08,284.5,62.8,4304.76,28.81,1.94,-0.0045206298
2022-02-22,AAPL,161.644861,160.998215,91162800,0.08,284.5,62.8,4304.76,28.81,1.94,-0.0178120135
2022-02-23,AAPL,162.193514,156.834106,90009200,0.08,284.5,62.8,4225.5,31.02,1.99,-0.0258643134
2022-02-23,GOOGL,130.661254,126.631203,32786000,0.08,284.5,62.8,4225.5,31.02,1.99,-0.0171439281
2022-02-23,NVDA,23.755983,22.343718,566511000,0.08,284.5,62.8,4225.5,31.02,1.99,-0.0428816375
2022-02-24,NVDA,20.974371,23.702087,735801000,0.08,284.5,62.8,4288.7,30.32,1.96,0.0607942623
2022-02-24,GOOGL,124.016467,131.695938,54456000,0.08,284.5,62.8,4288.7,30.32,1.96,0.0399959513
2022-02-24,AAPL,149.495535,159.45015,141147500,0.08,284.5,62.8,4288.7,30.32,1.96,0.0166803201
2022-02-25,AAPL,160.527864,161.517456,91974200,0.08,284.5,62.8,4384.65,27.59,1.97,0.0129652216
2022-02-25,GOOGL,132.550476,133.451172,36406000,0.08,284.5,62.8,4384.65,27.59,1.97,0.0133279264
2022-02-25,NVDA,23.67514,24.110296,528866000,0.08,284.5,62.8,4384.65,27.59,1.97,0.0172224851
2022-02-28,NVDA,23.945615,24.337854,477319000,0.08,284.5,62.8,4373.94,30.15,1.83,0.009438214
2022-02-28,GOOGL,132.052237,134.044189,38864000,0.08,284.5,62.8,4373.94,30.15,1.83,0.0044437045
2022-02-28,AAPL,159.763659,161.782013,95056600,0.08,284.5,62.8,4373.94,30.15,1.83,0.0016379461
2022-03-01,AAPL,161.370495,159.900818,83474400,0.2,287.674,59.4,4306.26,33.32,1.72,-0.0116279618
2022-03-01,GOOGL,133.867027,133.056152,26496000,0.2,287.674,59.4,4306.26,33.32,1.72,-0.0073709805
2022-03-01,NVDA,24.244041,23.431614,412056000,0.2,287.674,59.4,4306.26,33.32,1.72,-0.0372358405
2022-03-02,NVDA,23.714111,24.177292,389642000,0.2,287.674,59.4,4386.54,30.74,1.86,0.0318235846
2022-03-02,GOOGL,133.618412,133.562332,23520000,0.2,287.674,59.4,4386.54,30.74,1.86,0.0038042571
2022-03-02,AAPL,161.066771,163.192902,79724800,0.2,287.674,59.4,4386.54,30.74,1.86,0.0205882858
2022-03-03,AAPL,165.06429,162.869568,76678400,0.2,287.674,59.4,4363.49,30.48,1.86,-0.0019812978
2022-03-03,GOOGL,134.990032,132.89537,24604000,0.2,287.674,59.4,4363.49,30.48,1.86,-0.004993636
2022-03-03,NVDA,24.21922,23.672188,365095000,0.2,287.674,59.4,4363.49,30.48,1.86,-0.0208916726
2022-03-04,NVDA,23.342765,22.895555,431415000,0.2,287.674,59.4,4328.87,31.98,1.74,-0.032807796
2022-03-04,GOOGL,131.930667,130.917313,30430000,0.2,287.674,59.4,4328.87,31.98,1.74,-0.0148843248
2022-03-04,AAPL,161.164752,159.871429,83737200,0.2,287.674,59.4,4328.87,31.98,1.74,-0.0184082175
2022-03-07,AAPL,160.057604,156.079681,96418800,0.2,287.674,59.4,4201.09,36.45,1.78,-0.0237174839
2022-03-07,GOOGL,130.501982,125.430794,45112000,0.2,287.674,59.4,4201.09,36.45,1.78,-0.0419082759
2022-03-07,NVDA,22.776767,21.31435,450821000,0.2,287.674,59.4,4201.09,36.45,1.78,-0.0690616731
2022-03-08,NVDA,21.271426,21.476065,557467000,0.2,287.674,59.4,4170.7,35.13,1.86,0.007587121
2022-03-08,GOOGL,125.303245,126.151337,40428000,0.2,287.674,59.4,4170.7,35.13,1.86,0.0057445455
2022-03-08,AAPL,155.60937,154.257263,131148300,0.2,287.674,59.4,4170.7,35.13,1.86,-0.0116762041
2022-03-09,AAPL,158.215599,159.655884,91454900,0.2,287.674,59.4,4277.88,32.45,1.94,0.0349975132
2022-03-09,GOOGL,130.265739,132.419464,37026000,0.2,287.674,59.4,4277.88,32.45,1.94,0.0496873645
2022-03-09,NVDA,22.347526,22.973421,492742000,0.2,287.674,59.4,4277.88,32.45,1.94,0.069722104
2022-03-10,NVDA,22.491271,22.618048,428066000,0.2,287.674,59.4,4259.52,30.23,1.98,-0.0154688926
2022-03-10,GOOGL,130.281659,131.436432,27102000,0.2,287.674,59.4,4259.52,30.23,1.98,-0.0074236234
2022-03-10,AAPL,156.961445,155.315414,105342000,0.2,287.674,59.4,4259.52,30.23,1.98,-0.027186404
2022-03-11,AAPL,155.717143,151.602051,96970100,0.2,287.674,59.4,4204.31,30.75,2.0,-0.0239085326
2022-03-11,GOOGL,132.487487,128.896622,31526000,0.2,287.674,59.4,4204.31,30.75,2.0,-0.019323487
2022-03-11,NVDA,22.981407,22.061033,367209000,0.2,287.674,59.4,4204.31,30.75,2.0,-0.0246269913
2022-03-14,NVDA,21.830438,21.292389,385354000,0.2,287.674,59.4,4173.11,31.77,2.14,-0.0348417195
2022-03-14,GOOGL,129.273258,125.006493,38812000,0.2,287.674,59.4,4173.11,31.77,2.14,-0.0301802253
2022-03-14,AAPL,148.388357,147.575134,108732100,0.2,287.674,59.4,4173.11,31.77,2.14,-0.0265624144
2022-03-15,AAPL,147.849503,151.954803,92964300,0.2,287.674,59.4,4262.45,29.83,2.15,0.0296775552
2022-03-15,GOOGL,126.023804,128.229141,30920000,0.2,287.674,59.4,4262.45,29.83,2.15,0.0257798499
2022-03-15,NVDA,21.480059,22.932493,491996000,0.2,287.674,59.4,4262.45,29.83,2.15,0.0770277257
2022-03-16,NVDA,23.458562,24.452806,671422000,0.2,287.674,59.4,4357.86,26.67,2.19,0.0662951581
2022-03-16,GOOGL,129.752624,132.281021,35576000,0.2,287.674,59.4,4357.86,26.67,2.19,0.0315987446
2022-03-16,AAPL,153.875154,156.3638,102300200,0.2,287.674,59.4,4357.86,26.67,2.19,0.029015184
2022-03-17,AAPL,155.403624,157.372986,75615400,0.2,287.674,59.4,4411.67,25.67,2.2,0.0064540884
2022-03-17,GOOGL,132.150514,132.835342,28264000,0.2,287.674,59.4,4411.67,25.67,2.2,0.0041904824
2022-03-17,NVDA,24.077469,24.72233,471941000,0.2,287.674,59.4,4411.67,25.67,2.2,0.0110221958
2022-03-18,NVDA,24.755272,26.406355,730719000,0.2,287.674,59.4,4463.12,23.87,2.14,0.0681175603
2022-03-18,GOOGL,132.423942,135.104691,44566000,0.2,287.674,59.4,4463.12,23.87,2.14,0.0170839184
2022-03-18,AAPL,157.265201,160.665054,123511700,0.2,287.674,59.4,4463.12,23.87,2.14,0.0209188919
2022-03-21,AAPL,160.204536,162.036743,95811400,0.2,287.674,59.4,4461.18,23.53,2.32,0.0085375681
2022-03-21,GOOGL,135.142388,135.080856,26832000,0.2,287.674,59.4,4461.18,23.53,2.32,-0.000176413
2022-03-21,NVDA,26.46026,26.686859,591727000,0.2,287.674,59.4,4461.18,23.53,2.32,0.0106226031
2022-03-22,NVDA,26.679873,26.477232,547007000,0.2,287.674,59.4,4511.61,22.94,2.38,-0.0078550702
2022-03-22,AAPL,162.164142,165.407242,81532000,0.2,287.674,59.4,4511.61,22.94,2.38,0.0208008294
2022-03-23,AAPL,164.593997,166.769119,98062700,0.2,287.674,59.4,4456.24,23.57,2.32,0.0082334814
2022-03-23,GOOGL,137.662371,137.238571,25154000,0.2,287.674,59.4,4456.24,23.57,2.32,-0.0113855788
2022-03-23,NVDA,26.079932,25.5888,502120000,0.2,287.674,59.4,4456.24,23.57,2.32,-0.0335545479
2022-03-24,NVDA,26.11986,28.100361,877379000,0.2,287.674,59.4,4520.16,21.67,2.34,0.098150769
2022-03-24,GOOGL,138.156124,140.510345,26396000,0.2,287.674,59.4,4520.16,21.67,2.34,0.0238400492
2022-03-25,AAPL,170.364958,171.187973,80546200,0.2,287.674,59.4,4543.06,20.81,2.48,0.0037342864
2022-03-25,GOOGL,140.851754,140.61058,24126000,0.2,287.674,59.4,4543.06,20.81,2.48,0.0007133637
2022-03-25,NVDA,27.836826,27.643167,579016000,0.2,287.674,59.4,4543.06,20.81,2.48,-0.0162700179
2022-03-28,NVDA,27.70706,28.169243,425494000,0.2,287.674,59.4,4575.52,19.63,2.46,0.0190309364
2022-03-28,GOOGL,139.843899,140.394745,35050000,0.2,287.674,59.4,4575.52,19.63,2.46,-0.0015349881
2022-03-28,AAPL,168.689502,172.050171,90371900,0.2,287.674,59.4,4575.52,19.63,2.46,0.0050365564
2022-03-29,AAPL,173.118139,175.342255,100589400,0.2,287.674,59.4,4631.6,18.9,2.41,0.0191344404
2022-03-29,GOOGL,141.577777,141.436829,34318000,0.2,287.674,59.4,4631.6,18.9,2.41,0.0074225267
2022-03-29,NVDA,28.644403,28.605473,488984000,0.2,287.674,59.4,4631.6,18.9,2.41,0.0154860288
2022-03-30,NVDA,28.254086,27.641169,463487000,0.2,287.674,59.4,4602.45,19.33,2.35,-0.0337104716
2022-03-30,GOOGL,141.391689,140.8741,19884000,0.2,287.674,59.4,4602.45,19.33,2.35,-0.0039786588
2022-03-30,AAPL,174.940531,174.1763,92633200,0.2,287.674,59.4,4602.45,19.33,2.35,-0.0066495928
2022-03-31,AAPL,174.244854,171.080154,103049300,0.2,287.674,59.4,4530.41,20.56,2.32,-0.0177759295
2022-03-31,GOOGL,140.987728,138.024628,37524000,0.2,287.674,59.4,4530.41,20.56,2.32,-0.0202270826
2022-03-31,NVDA,27.733012,27.237886,523440000,0.2,287.674,59.4,4530.41,20.56,2.32,-0.0145899101
2022-04-01,NVDA,27.326729,26.664898,517235000,0.33,288.561,65.2,4545.86,19.63,2.39,-0.0210364527
2022-04-01,GOOGL,138.453898,139.099518,25942000,0.33,288.561,65.2,4545.86,19.63,2.39,0.0077876692
2022-04-01,AAPL,170.511901,170.78624,78751300,0.33,288.561,65.2,4545.86,19.63,2.39,-0.0017179947
2022-04-04,AAPL,171.041002,174.832764,76468400,0.33,288.561,65.2,4582.64,18.57,2.42,0.0236935016
2022-04-04,GOOGL,139.305972,141.899368,25942000,0.33,288.561,65.2,4582.64,18.57,2.42,0.0201283981
2022-04-04,NVDA,26.680871,27.311756,397120000,0.33,288.561,65.2,4582.64,18.57,2.42,0.0242587921
2022-04-05,NVDA,27.20594,25.885273,436615000,0.33,288.561,65.2,4525.12,21.03,2.54,-0.0522296387
2022-04-05,GOOGL,141.79763,139.536713,21418000,0.33,288.561,65.2,4525.12,21.03,2.54,-0.0166502196
2022-04-05,AAPL,173.911733,171.521057,73401800,0.33,288.561,65.2,4525.12,21.03,2.54,-0.0189421392
2022-04-06,AAPL,168.875638,168.356354,89058800,0.33,288.561,65.2,4481.15,22.1,2.61,-0.0184508154
2022-04-06,GOOGL,137.7095,135.524017,32468000,0.33,288.561,65.2,4481.15,22.1,2.61,-0.0287572728
2022-04-06,NVDA,24.890035,24.363964,703833000,0.33,288.561,65.2,4481.15,22.1,2.61,-0.0587712133
2022-04-07,NVDA,24.397907,24.165318,557992000,0.33,288.561,65.2,4500.21,21.55,2.66,-0.0081532933
2022-04-07,GOOGL,134.99004,134.869461,26234000,0.33,288.561,65.2,4500.21,21.55,2.66,-0.0048298175
2022-04-07,AAPL,167.699911,168.660095,77594700,0.33,288.561,65.2,4500.21,21.55,2.66,0.001804158
2022-04-08,AAPL,168.307389,166.65155,76575500,0.33,288.561,65.2,4488.28,21.16,2.72,-0.0119088331
2022-04-08,GOOGL,134.566736,132.287964,25142000,0.33,288.561,65.2,4488.28,21.16,2.72,-0.0191407096
2022-04-08,NVDA,23.874827,23.078234,524781000,0.33,288.561,65.2,4488.28,21.16,2.72,-0.04498529
2022-04-11,NVDA,22.174828,21.878351,575207000,0.33,288.561,65.2,4412.53,24.37,2.79,-0.0519919558
2022-04-11,GOOGL,130.834948,127.857445,36884000,0.33,288.561,65.2,4412.53,24.37,2.79,-0.0334914755
2022-04-11,AAPL,165.299476,162.399307,72246700,0.33,288.561,65.2,4412.53,24.37,2.79,-0.0255157725
2022-04-12,AAPL,164.623383,164.27066,79265200,0.33,288.561,65.2,4397.45,24.26,2.72,0.0115231597
2022-04-12,GOOGL,130.613128,126.75676,32710000,0.33,288.561,65.2,4397.45,24.26,2.72,-0.0086086901
2022-04-12,NVDA,22.497259,21.46608,662258000,0.33,288.561,65.2,4397.45,24.26,2.72,-0.0188438103
2022-04-13,NVDA,21.689692,22.163853,516943000,0.33,288.561,65.2,4446.59,21.82,2.7,0.0325058413
2022-04-13,GOOGL,127.040128,128.919922,27928000,0.33,288.561,65.2,4446.59,21.82,2.7,0.0170654586
2022-04-13,AAPL,164.006145,166.955292,70618900,0.33,288.561,65.2,4446.59,21.82,2.7,0.0163427318
2022-04-14,AAPL,167.170847,161.948593,75329400,0.33,288.561,65.2,4392.59,22.7,2.83,-0.0299882595
2022-04-14,GOOGL,129.501034,125.779648,31598000,0.33,288.561,65.2,4392.59,22.7,2.83,-0.0243583304
2022-04-14,NVDA,22.465317,21.220516,569097000,0.33,288.561,65.2,4392.59,22.7,2.83,-0.0425619363
2022-04-18,NVDA,21.162619,21.744591,525701000,0.33,288.561,65.2,4391.69,22.17,2.85,0.0246965978
2022-04-18,GOOGL,126.047622,126.719048,20808000,0.33,288.561,65.2,4391.69,22.17,2.85,0.0074686146
2022-04-18,AAPL,160.606271,161.733032,69023900,0.33,288.561,65.2,4391.69,22.17,2.85,-0.0013310453
2022-04-19,AAPL,161.684023,164.0159,67723800,0.33,288.561,65.2,4462.21,21.37,2.93,0.0141150351
2022-04-19,GOOGL,126.733947,129.034073,26490000,0.33,288.561,65.2,4462.21,21.37,2.93,0.0182689609
2022-04-19,NVDA,21.681701,22.158859,512781000,0.33,288.561,65.2,4462.21,21.37,2.93,0.0190515654
2022-04-20,NVDA,22.477297,21.444122,468974000,0.33,288.561,65.2,4459.45,20.32,2.85,-0.0322551324
2022-04-20,GOOGL,129.910429,127.079811,31696000,0.33,288.561,65.2,4459.45,20.32,2.85,-0.0151453158
2022-04-20,AAPL,165.348434,163.849365,67929800,0.33,288.561,65.2,4459.45,20.32,2.85,-0.0010153554
2022-04-21,AAPL,165.495409,163.05574,87227800,0.33,288.561,65.2,4393.66,22.68,2.9,-0.004843625
2022-04-21,GOOGL,128.280749,123.87851,36446000,0.33,288.561,65.2,4393.66,22.68,2.9,-0.025191268
2022-04-21,NVDA,21.670718,20.147409,656209000,0.33,288.561,65.2,4393.66,22.68,2.9,-0.0604693844
2022-04-22,NVDA,20.267198,19.480587,624713000,0.33,288.561,65.2,4271.78,28.21,2.9,-0.0330971798
2022-04-22,GOOGL,124.062615,118.738342,56884000,0.33,288.561,65.2,4271.78,28.21,2.9,-0.0414936154
2022-04-22,AAPL,163.094956,158.519348,84882400,0.33,288.561,65.2,4271.78,28.21,2.9,-0.0278211132
2022-04-25,AAPL,157.86288,159.587311,96046400,0.33,288.561,65.2,4296.12,27.02,2.81,0.0067371123
2022-04-25,GOOGL,118.207849,122.151054,46128000,0.33,288.561,65.2,4296.12,27.02,2.81,0.0287414497
2022-04-25,NVDA,19.168143,19.866909,641566000,0.33,288.561,65.2,4296.12,27.02,2.81,0.0198311284
2022-04-26,NVDA,19.683232,18.754871,653143000,0.33,288.561,65.2,4175.2,33.52,2.77,-0.0559743671
2022-04-26,GOOGL,121.377417,117.760246,73054000,0.33,288.561,65.2,4175.2,33.52,2.77,-0.0359457242
2022-04-26,AAPL,158.970073,153.630249,95623200,0.33,288.561,65.2,4175.2,33.52,2.77,-0.0373279162
2022-04-27,AAPL,152.7582,153.404861,88063200,0.33,288.561,65.2,4183.96,31.6,2.82,-0.0014670781
2022-04-27,GOOGL,113.611092,113.437408,91820000,0.33,288.561,65.2,4183.96,31.6,2.82,-0.0367088043
2022-04-27,NVDA,18.565208,18.382532,499460000,0.33,288.561,65.2,4183.96,31.6,2.82,-0.0198529353
2022-04-28,NVDA,18.933553,19.747116,570327000,0.33,288.561,65.2,4287.5,29.99,2.85,0.0742326444
2022-04-28,GOOGL,115.542011,117.633705,48884000,0.33,288.561,65.2,4287.5,29.99,2.85,0.036992177
2022-04-28,AAPL,156.030686,160.33194,130216800,0.33,288.561,65.2,4287.5,29.99,2.85,0.0451555328
2022-04-29,AAPL,158.568328,154.463028,131747600,0.33,288.561,65.2,4131.93,33.4,2.89,-0.0366047573
2022-04-29,GOOGL,115.859091,113.253777,42676000,0.33,288.561,65.2,4131.93,33.4,2.89,-0.0372336193
2022-04-29,NVDA,19.367791,18.514299,500435000,0.33,288.561,65.2,4131.93,33.4,2.89,-0.0624302147
2022-05-02,NVDA,18.508307,19.498558,572049000,0.33,288.561,65.2,4155.38,32.34,2.99,0.0531620793
2022-05-02,GOOGL,112.554563,115.708733,35534000,0.33,288.561,65.2,4155.38,32.34,2.99,0.0216765933
2022-05-02,AAPL,153.542024,154.766754,123055300,0.33,288.561,65.2,4155.38,32.34,2.99,0.0019663359
2022-05-03,AAPL,154.952912,156.256027,88966500,0.33,288.561,65.2,4175.48,29.25,2.97,0.0096226937
2022-05-03,GOOGL,115.557381,116.454109,24968000,0.33,288.561,65.2,4175.48,29.25,2.97,0.0064418352
2022-05-03,NVDA,19.365791,19.567434,475751000,0.33,288.561,65.2,4175.48,29.25,2.97,0.0035323774
2022-05-04,NVDA,19.887869,20.298143,648855000,0.33,288.561,65.2,4300.17,25.42,2.93,0.0373431214
2022-05-04,GOOGL,116.153871,121.344154,49916000,0.33,288.561,65.2,4300.17,25.42,2.93,0.0419911775
2022-05-04,AAPL,156.442181,162.663818,108256500,0.33,288.561,65.2,4300.17,25.42,2.93,0.0410082814
2022-05-05,AAPL,160.537707,153.60083,130525300,0.33,288.561,65.2,4146.87,31.2,3.05,-0.0557160675
2022-05-05,GOOGL,119.302587,115.631821,45840000,0.33,288.561,65.2,4146.87,31.2,3.05,-0.0470754748
2022-05-05,NVDA,19.831967,18.81077,626331000,0.33,288.561,65.2,4146.87,31.2,3.05,-0.073276325
2022-05-06,NVDA,18.70296,18.642067,633297000,0.33,288.561,65.2,4123.34,30.19,3.12,-0.0089684303
2022-05-06,GOOGL,114.320728,114.87851,39710000,0.33,288.561,65.2,4123.34,30.19,3.12,-0.0065147392
2022-05-06,AAPL,153.080731,154.326889,116124600,0.33,288.561,65.2,4123.34,30.19,3.12,0.0047269208
2022-05-09,AAPL,152.021018,149.20491,131577900,0.33,288.561,65.2,3991.24,34.75,3.05,-0.0331891532
2022-05-09,GOOGL,112.400723,111.667267,40802000,0.33,288.561,65.2,3991.24,34.75,3.05,-0.0279533804
2022-05-09,NVDA,18.002203,16.920115,644455000,0.33,288.561,65.2,3991.24,34.75,3.05,-0.09236918
2022-05-10,NVDA,17.657808,17.563974,761474000,0.33,288.561,65.2,4001.05,32.99,2.99,0.0380529259
2022-05-10,GOOGL,114.641308,113.537148,39900000,0.33,288.561,65.2,4001.05,32.99,2.99,0.0167451101
2022-05-10,AAPL,152.599994,151.608948,115366700,0.33,288.561,65.2,4001.05,32.99,2.99,0.0161123214
2022-05-11,AAPL,150.617913,143.749344,142689800,0.33,288.561,65.2,3935.18,32.56,2.91,-0.051841293
2022-05-11,GOOGL,112.387335,112.750587,37534000,0.33,288.561,65.2,3935.18,32.56,2.91,-0.0069277772
2022-05-11,NVDA,17.316412,16.600676,670167000,0.33,288.561,65.2,3935.18,32.56,2.91,-0.0548451493
2022-05-12,NVDA,16.1904,16.146477,708728000,0.33,288.561,65.2,3930.08,31.77,2.84,-0.0273602622
2022-05-12,GOOGL,110.54227,111.997772,53836000,0.33,288.561,65.2,3930.08,31.77,2.84,-0.0066768188
2022-05-12,AAPL,140.089349,139.883286,182602000,0.33,288.561,65.2,3930.08,31.77,2.84,-0.0268944417
2022-05-13,AAPL,141.875196,144.347885,113990900,0.33,288.561,65.2,4023.89,28.87,2.93,0.0319166053
2022-05-13,GOOGL,113.674107,115.180229,35038000,0.33,288.561,65.2,4023.89,28.87,2.93,0.0284153596
2022-05-13,NVDA,16.758397,17.674778,670437000,0.33,288.561,65.2,4023.89,28.87,2.93,0.0946523048
2022-05-16,NVDA,17.478127,17.233559,521446000,0.33,288.561,65.2,4008.01,27.47,2.88,-0.0249632177
2022-05-16,GOOGL,114.093439,113.586769,25990000,0.33,288.561,65.2,4008.01,27.47,2.88,-0.0138344931
2022-05-16,AAPL,142.81718,142.807358,86643800,0.33,288.561,65.2,4008.01,27.47,2.88,-0.0106723236
2022-05-17,AAPL,146.064966,146.437836,78336300,0.33,288.561,65.2,4088.85,26.1,2.98,0.0254222049
2022-05-17,GOOGL,115.964308,115.599564,23054000,0.33,288.561,65.2,4088.85,26.1,2.98,0.0177203253
2022-05-17,NVDA,18.04213,18.144949,585830000,0.33,288.561,65.2,4088.85,26.1,2.98,0.052884626
2022-05-18,NVDA,17.673782,16.908134,545161000,0.33,288.561,65.2,3923.68,30.96,2.89,-0.0681630189
2022-05-18,GOOGL,114.137599,111.060349,35126000,0.33,288.561,65.2,3923.68,30.96,2.89,-0.0392667147
2022-05-18,AAPL,144.09276,138.17598,109742900,0.33,288.561,65.2,3923.68,30.96,2.89,-0.0564188622
2022-05-19,AAPL,137.25366,134.771164,136095600,0.33,288.561,65.2,3900.79,29.35,2.84,-0.0246411546
2022-05-19,GOOGL,110.595866,109.556221,34144000,0.33,288.561,65.2,3900.79,29.35,2.84,-0.013543335
2022-05-19,NVDA,16.907137,17.093807,621310000,0.33,288.561,65.2,3900.79,29.35,2.84,0.0109812682
2022-05-20,NVDA,17.30144,16.664564,739105000,0.33,288.561,65.2,3901.36,29.43,2.78,-0.0251110289
2022-05-20,GOOGL,111.111465,108.091286,48962000,0.33,288.561,65.2,3901.36,29.43,2.78,-0.0133715392
2022-05-20,AAPL,136.478428,135.006592,137426100,0.33,288.561,65.2,3901.36,29.43,2.78,0.0017468711
2022-05-23,AAPL,135.202855,140.422974,117726300,0.33,288.561,65.2,3973.75,28.48,2.86,0.040119388
2022-05-23,GOOGL,108.765694,110.651939,37184000,0.33,288.561,65.2,3973.75,28.48,2.86,0.0236897329
2022-05-23,NVDA,16.245306,16.868206,639889000,0.33,288.561,65.2,3973.75,28.48,2.86,0.0122200551
2022-05-24,NVDA,16.480888,16.125515,588550000,0.33,288.561,65.2,3941.48,29.45,2.76,-0.0440290472
2022-05-24,GOOGL,104.97881,105.175323,76780000,0.33,288.561,65.2,3941.48,29.45,2.76,-0.0494940797
2022-05-24,AAPL,138.166157,137.724609,104132700,0.33,288.561,65.2,3941.48,29.45,2.76,-0.0192159743
2022-05-25,AAPL,135.830852,137.881622,92482700,0.33,288.561,65.2,3978.73,28.37,2.75,0.00114005
2022-05-25,GOOGL,104.198208,105.011566,40258000,0.33,288.561,65.2,3978.73,28.37,2.75,-0.0015569938
2022-05-25,NVDA,15.991752,16.945068,781132000,0.33,288.561,65.2,3978.73,28.37,2.75,0.0508233924
2022-05-26,NVDA,16.007721,17.819521,996575000,0.33,288.561,65.2,4057.84,27.5,2.75,0.051605138
2022-05-26,GOOGL,104.884524,106.984161,37948000,0.33,288.561,65.2,4057.84,27.5,2.75,0.0187845519
2022-05-26,AAPL,134.810377,141.080399,90601500,0.33,288.561,65.2,4057.84,27.5,2.75,0.0231994387
2022-05-27,AAPL,142.660181,146.830383,90978500,0.33,288.561,65.2,4158.24,25.72,2.74,0.040756794
2022-05-27,GOOGL,108.66198,111.474228,37914000,0.33,288.561,65.2,4158.24,25.72,2.74,0.0419694511
2022-05-27,NVDA,18.15393,18.777828,738379000,0.33,288.561,65.2,4158.24,25.72,2.74,0.0537785089
2022-05-31,NVDA,18.946528,18.639072,664100000,0.33,288.561,65.2,4132.15,26.19,2.85,-0.0073893422
2022-05-31,GOOGL,111.90101,112.908897,50012000,0.33,288.561,65.2,4132.15,26.19,2.85,0.0128699657
2022-05-31,AAPL,146.271087,146.045395,103718400,0.33,288.561,65.2,4132.15,26.19,2.85,-0.0053462259
2022-06-01,AAPL,147.085491,145.917847,74286600,1.21,294.957,50.0,4101.23,25.69,2.94,-0.0008733464
2022-06-01,GOOGL,113.993709,113.037926,36606000,1.21,294.957,50.0,4101.23,25.69,2.94,0.0011427649
2022-06-01,NVDA,18.69099,18.287701,544514000,1.21,294.957,50.0,4101.23,25.69,2.94,-0.0188513547
2022-06-02,NVDA,18.259746,19.557453,648656000,1.21,294.957,50.0,4176.82,24.72,2.92,0.0694320476
2022-06-02,GOOGL,113.145108,116.74044,37992000,1.21,294.957,50.0,4176.82,24.72,2.92,0.0327546231
2022-06-02,AAPL,145.054368,148.370911,72348100,1.21,294.957,50.0,4176.82,24.72,2.92,0.0168112676
2022-06-03,AAPL,144.14181,142.65036,88570300,1.21,294.957,50.0,4108.54,24.79,2.96,-0.0385557419
2022-06-03,GOOGL,115.192135,113.682045,26136000,1.21,294.957,50.0,4108.54,24.79,2.96,-0.0261982512
2022-06-03,NVDA,19.048352,18.686989,598779000,1.21,294.957,50.0,4108.54,24.79,2.96,-0.0445080614
2022-06-06,NVDA,19.105253,18.752874,422406000,1.21,294.957,50.0,4121.43,25.07,3.04,0.0035257443
2022-06-06,GOOGL,115.829331,115.944466,33542000,1.21,294.957,50.0,4121.43,25.07,3.04,0.0199013015
2022-06-06,AAPL,144.269361,143.396072,71598400,1.21,294.957,50.0,4121.43,25.07,3.04,0.0052275527
2022-06-07,AAPL,141.639709,145.917847,67808200,1.21,294.957,50.0,4160.68,24.02,2.98,0.0175860765
2022-06-07,GOOGL,114.614506,116.270988,31590000,1.21,294.957,50.0,4160.68,24.02,2.98,0.0028162002
2022-06-07,NVDA,18.439428,18.892628,388914000,1.21,294.957,50.0,4160.68,24.02,2.98,0.0074523691
2022-06-08,NVDA,18.769818,18.619053,363252000,1.21,294.957,50.0,4115.77,23.96,3.03,-0.0144805071
2022-06-08,GOOGL,115.885896,116.315155,26108000,1.21,294.957,50.0,4115.77,23.96,3.03,0.0003798589
2022-06-08,AAPL,145.790254,145.1819,53950200,1.21,294.957,50.0,4115.77,23.96,3.03,-0.0050435685
2022-06-09,GOOGL,115.455151,113.974342,25798000,1.21,294.957,50.0,4017.82,26.09,3.04,-0.0201247437
2022-06-09,NVDA,18.452316,18.019987,395574000,1.21,294.957,50.0,4017.82,26.09,3.04,-0.0321748794
2022-06-10,NVDA,17.572679,16.947651,465248000,1.21,294.957,50.0,3900.86,27.75,3.15,-0.0595081556
2022-06-10,GOOGL,111.601772,110.327896,41452000,1.21,294.957,50.0,3900.86,27.75,3.15,-0.0319935711
2022-06-10,AAPL,137.646133,134.555283,91437900,1.21,294.957,50.0,3900.86,27.75,3.15,-0.0386285714
2022-06-13,AAPL,130.375257,129.403854,122207100,1.21,294.957,50.0,3749.63,34.02,3.43,-0.0382848456
2022-06-13,GOOGL,105.985708,105.594666,47252000,1.21,294.957,50.0,3749.63,34.02,3.43,-0.0429014851
2022-06-13,NVDA,15.975163,15.622711,604153000,1.21,294.957,50.0,3749.63,34.02,3.43,-0.0781783703
2022-06-14,NVDA,15.70658,15.811418,469680000,1.21,294.957,50.0,3735.48,32.69,3.49,0.0120789789
2022-06-14,GOOGL,105.736095,105.915237,33706000,1.21,294.957,50.0,3735.48,32.69,3.49,0.0030358721
2022-06-14,AAPL,130.630397,130.267334,84784300,1.21,294.957,50.0,3735.48,32.69,3.49,0.0066727503
2022-06-15,AAPL,131.768582,132.887177,91533000,1.21,294.957,50.0,3789.99,29.62,3.33,0.0201112777
2022-06-15,GOOGL,107.731008,108.941368,39698000,1.21,294.957,50.0,3789.99,29.62,3.33,0.0285712495
2022-06-15,NVDA,16.070016,16.501347,563936000,1.21,294.957,50.0,3789.99,29.62,3.33,0.043634861
2022-06-16,NVDA,15.835381,15.576783,545749000,1.21,294.957,50.0,3666.77,32.95,3.28,-0.0560295733
2022-06-16,GOOGL,106.416953,105.238358,51684000,1.21,294.957,50.0,3666.77,32.95,3.28,-0.0339908579
2022-06-16,AAPL,129.600073,127.617996,108123900,1.21,294.957,50.0,3666.77,32.95,3.28,-0.0396515332
2022-06-17,AAPL,127.627844,129.089859,134520300,1.21,294.957,50.0,3674.84,31.13,3.25,0.0115333482
2022-06-17,GOOGL,105.23835,106.340027,51376000,1.21,294.957,50.0,3674.84,31.13,3.25,0.0104683248
2022-06-17,NVDA,15.62371,15.85535,630334000,1.21,294.957,50.0,3674.84,31.13,3.25,0.0178834944
2022-06-21,NVDA,16.449427,16.540285,483089000,1.21,294.957,50.0,3764.79,30.19,3.31,0.0431989577
2022-06-21,GOOGL,108.112631,110.707527,47416000,1.21,294.957,50.0,3764.79,30.19,3.31,0.0410710852
2022-06-21,AAPL,130.914928,133.318924,81000500,1.21,294.957,50.0,3764.79,30.19,3.31,0.0327606287
2022-06-22,AAPL,132.259218,132.808716,73409200,1.21,294.957,50.0,3759.89,28.95,3.16,-0.0038269746
2022-06-22,GOOGL,109.727425,110.651443,30774000,1.21,294.957,50.0,3759.89,28.95,3.16,-0.0005065932
2022-06-22,NVDA,16.200812,16.334604,437135000,1.21,294.957,50.0,3759.89,28.95,3.16,-0.0124351452
2022-06-23,NVDA,16.493356,16.199814,463680000,1.21,294.957,50.0,3795.73,29.05,3.09,-0.0082518326
2022-06-23,GOOGL,111.38988,111.400299,28362000,1.21,294.957,50.0,3795.73,29.05,3.09,0.0067676983
2022-06-23,AAPL,134.251102,135.673874,72433800,1.21,294.957,50.0,3795.73,29.05,3.09,0.0215735697
2022-06-24,AAPL,137.27325,139.000214,89116800,1.21,294.957,50.0,3911.74,27.23,3.13,0.0245171721
2022-06-24,GOOGL,112.147644,117.090294,41164000,1.21,294.957,50.0,3911.74,27.23,3.13,0.0510770156
2022-06-24,NVDA,16.474391,17.099419,472153000,1.21,294.957,50.0,3911.74,27.23,3.13,0.0555317985
2022-06-27,NVDA,17.285127,16.842813,427968000,1.21,294.957,50.0,3900.11,26.95,3.2,-0.0150066592
2022-06-27,GOOGL,117.386064,114.964859,36420000,1.21,294.957,50.0,3900.11,26.95,3.2,-0.0181521013
2022-06-27,AAPL,140.02068,139.000214,70207900,1.21,294.957,50.0,3900.11,26.95,3.2,0.0
2022-06-28,AAPL,139.461379,134.859436,67083400,1.21,294.957,50.0,3821.55,28.36,3.2,-0.029789721
2022-06-28,GOOGL,114.934096,111.167557,35792000,1.21,294.957,50.0,3821.55,28.36,3.2,-0.0330301127
2022-06-28,NVDA,16.873766,15.957191,461149000,1.21,294.957,50.0,3821.55,28.36,3.2,-0.0525815966
2022-06-29,NVDA,15.789452,15.517874,482352000,1.21,294.957,50.0,3818.83,28.16,3.1,-0.0275310166
2022-06-29,GOOGL,110.715461,110.863838,24716000,1.21,294.957,50.0,3818.83,28.16,3.1,-0.0027320792
2022-06-29,AAPL,134.879058,136.615814,66242400,1.21,294.957,50.0,3818.83,28.16,3.1,0.0130237692
2022-06-30,AAPL,134.672986,134.152939,98964500,1.21,294.957,50.0,3785.38,28.71,2.98,-0.0180277472
2022-06-30,GOOGL,109.1751,108.145874,43170000,1.21,294.957,50.0,3785.38,28.71,2.98,-0.0245162374
2022-06-30,NVDA,15.337156,15.135469,686070000,1.21,294.957,50.0,3785.38,28.71,2.98,-0.0246428301
2022-07-01,NVDA,14.875874,14.500457,577610000,1.68,294.913,51.5,3825.33,26.7,2.88,-0.0419552647
2022-07-01,GOOGL,107.123602,107.922073,35476000,1.68,294.913,51.5,3825.33,26.7,2.88,-0.0020694332
2022-07-01,AAPL,133.48572,136.321457,71051600,1.68,294.913,51.5,3825.33,26.7,2.88,0.0161645215
2022-07-05,AAPL,135.183252,138.902084,73353800,1.68,294.913,51.5,3831.39,27.54,2.82,0.0189304567
2022-07-05,GOOGL,106.297342,112.413628,39342000,1.68,294.913,51.5,3831.39,27.54,2.82,0.0416184949
2022-07-05,NVDA,14.152997,14.940772,651397000,1.68,294.913,51.5,3831.39,27.54,2.82,0.0303656121
2022-07-06,NVDA,14.986702,15.106516,529066000,1.68,294.913,51.5,3845.08,26.73,2.93,0.0110933911
2022-07-06,GOOGL,112.452341,113.712814,37432000,1.68,294.913,51.5,3845.08,26.73,2.93,0.0115571994
2022-07-06,AAPL,138.696013,140.236526,74064300,1.68,294.913,51.5,3845.08,26.73,2.93,0.0096070707
2022-07-07,AAPL,140.599599,143.602158,66253700,1.68,294.913,51.5,3902.62,26.08,3.01,0.0239996753
2022-07-07,GOOGL,114.217016,117.892242,40936000,1.68,294.913,51.5,3902.62,26.08,3.01,0.0367542403
2022-07-07,NVDA,15.432008,15.833384,492903000,1.68,294.913,51.5,3902.62,26.08,3.01,0.0481161693
2022-07-08,NVDA,15.406049,15.813416,467972000,1.68,294.913,51.5,3899.38,24.64,3.09,-0.0012611349
2022-07-08,GOOGL,116.370739,118.458466,38238000,1.68,294.913,51.5,3899.38,24.64,3.09,0.0048028872
2022-07-08,AAPL,142.532627,144.279205,64547800,1.68,294.913,51.5,3899.38,24.64,3.09,0.0047147462
2022-07-11,AAPL,142.93493,142.149948,63141600,1.68,294.913,51.5,3854.43,26.17,2.99,-0.0147578939
2022-07-11,GOOGL,117.113138,114.809044,31196000,1.68,294.913,51.5,3854.43,26.17,2.99,-0.0308076056
2022-07-11,NVDA,15.501899,15.12848,437321000,1.68,294.913,51.5,3854.43,26.17,2.99,-0.0433135757
2022-07-12,NVDA,15.244298,15.058587,458483000,1.68,294.913,51.5,3818.8,27.29,2.96,-0.0046199541
2022-07-12,GOOGL,115.343498,113.165459,29960000,1.68,294.913,51.5,3818.8,27.29,2.96,-0.0143158165
2022-07-12,AAPL,143.023225,143.121353,77588800,1.68,294.913,51.5,3818.8,27.29,2.96,0.0068336643
2022-07-13,AAPL,140.305241,142.758301,71185600,1.68,294.913,51.5,3801.78,26.82,2.91,-0.0025366751
2022-07-13,GOOGL,110.863346,110.518456,43722000,1.68,294.913,51.5,3801.78,26.82,2.91,-0.0233905575
2022-07-13,NVDA,14.567353,15.140461,521918000,1.68,294.913,51.5,3801.78,26.82,2.91,0.0054370236
2022-07-14,NVDA,15.084548,15.348138,456235000,1.68,294.913,51.5,3790.38,26.4,2.96,0.0137166819
2022-07-14,GOOGL,109.384036,109.539856,37004000,1.68,294.913,51.5,3790.38,26.4,2.96,-0.0088546256
2022-07-14,AAPL,141.374755,145.682327,78140700,1.68,294.913,51.5,3790.38,26.4,2.96,0.0204823571
2022-07-15,AAPL,146.967741,147.350418,76259900,1.68,294.913,51.5,3863.16,24.23,2.93,0.0114501934
2022-07-15,GOOGL,111.160605,110.93927,46770000,1.68,294.913,51.5,3863.16,24.23,2.93,0.0127753871
2022-07-15,NVDA,15.634694,15.737534,385935000,1.68,294.913,51.5,3863.16,24.23,2.93,0.0253708767
2022-07-18,NVDA,16.27669,16.076002,670517000,1.68,294.913,51.5,3830.85,25.3,2.96,0.02150709
2022-07-18,GOOGL,111.795301,108.212372,43164600,1.68,294.913,51.5,3830.85,25.3,2.96,-0.0245800986
2022-07-18,AAPL,147.909715,144.308624,81420900,1.68,294.913,51.5,3830.85,25.3,2.96,-0.0206432656
2022-07-19,AAPL,145.142684,148.164856,82982400,1.68,294.913,51.5,3936.69,24.5,3.01,0.0267221153
2022-07-19,GOOGL,110.018726,112.956528,36530900,1.68,294.913,51.5,3936.69,24.5,3.01,0.0438411598
2022-07-19,NVDA,16.460413,16.965628,702366000,1.68,294.913,51.5,3936.69,24.5,3.01,0.0553387305
2022-07-20,NVDA,16.920696,17.77936,760538000,1.68,294.913,51.5,3959.9,23.88,3.04,0.0479635745
2022-07-20,GOOGL,112.321331,113.04586,35600400,1.68,294.913,51.5,3959.9,23.88,3.04,0.0007908581
2022-07-20,AAPL,148.282556,150.166504,64823400,1.68,294.913,51.5,3959.9,23.88,3.04,0.0135096001
2022-07-21,AAPL,151.59912,152.433167,65086600,1.68,294.913,51.5,3998.95,23.11,2.91,0.0150943289
2022-07-21,GOOGL,113.423012,113.482559,32676200,1.68,294.913,51.5,3998.95,23.11,2.91,0.0038630244
2022-07-21,NVDA,17.857241,18.021984,557049000,1.68,294.913,51.5,3998.95,23.11,2.91,0.0136464015
2022-07-22,NVDA,17.865227,17.292118,536671000,1.68,294.913,51.5,3961.63,23.03,2.77,-0.0404986501
2022-07-22,GOOGL,110.167602,107.090851,48901200,1.68,294.913,51.5,3961.63,23.03,2.77,-0.056323266
2022-07-22,AAPL,152.472387,151.196793,66675400,1.68,294.913,51.5,3961.63,23.03,2.77,-0.0081109245
2022-07-25,AAPL,151.118342,150.078247,53623900,1.68,294.913,51.5,3966.84,23.36,2.81,-0.0073979448
2022-07-25,GOOGL,107.597026,106.703773,34690900,1.68,294.913,51.5,3966.84,23.36,2.81,-0.0036144762
2022-07-25,NVDA,16.992581,16.997574,480748000,1.68,294.913,51.5,3966.84,23.36,2.81,-0.0170334379
2022-07-26,NVDA,16.862784,16.507338,397865000,1.68,294.913,51.5,3921.05,24.69,2.81,-0.0288415445
2022-07-26,GOOGL,105.800598,104.232445,47991000,1.68,294.913,51.5,3921.05,24.69,2.81,-0.0231606498
2022-07-26,AAPL,149.401167,148.753571,55138700,1.68,294.913,51.5,3921.05,24.69,2.81,-0.0088265724
2022-07-27,AAPL,149.715155,153.8461,78620700,1.68,294.913,51.5,4023.61,23.24,2.78,0.0342346693
2022-07-27,GOOGL,108.440652,112.212151,59858500,1.68,294.913,51.5,4023.61,23.24,2.78,0.0765568325
2022-07-27,NVDA,17.005558,17.762383,569776000,1.68,294.913,51.5,4023.61,23.24,2.78,0.0760295191
2022-07-28,NVDA,17.947102,17.956087,474646000,1.68,294.913,51.5,4072.43,22.33,2.68,0.0109053279
2022-07-28,GOOGL,111.527339,113.363464,32816600,1.68,294.913,51.5,4072.43,22.33,2.68,0.0102601525
2022-07-28,AAPL,154.032552,154.395615,81378700,1.68,294.913,51.5,4072.43,22.33,2.68,0.0035718473
2022-07-29,AAPL,158.212611,159.458755,101786900,1.68,294.913,51.5,4130.29,21.33,2.67,0.0327932946
2022-07-29,GOOGL,112.232015,115.447716,37223400,1.68,294.913,51.5,4130.29,21.33,2.67,0.0183855655
2022-07-29,NVDA,17.785347,18.134804,435460000,1.68,294.913,51.5,4130.29,21.33,2.67,0.0099529847
2022-08-01,NVDA,18.15377,18.412369,476469000,2.33,295.097,58.2,4118.63,22.84,2.6,0.0153056524
2022-08-01,GOOGL,114.435352,113.99865,26034300,2.33,295.097,58.2,4118.63,22.84,2.6,-0.0125517093
2022-08-01,AAPL,157.986927,158.477539,67829400,2.33,295.097,58.2,4118.63,22.84,2.6,-0.0061534183
2022-08-02,AAPL,157.093998,157.005676,59907000,2.33,295.097,58.2,4091.19,23.93,2.75,-0.0092875167
2022-08-02,GOOGL,113.145109,114.266632,20236000,2.33,295.097,58.2,4091.19,23.93,2.75,0.0023507514
2022-08-02,NVDA,18.093872,18.497244,489527000,2.33,295.097,58.2,4091.19,23.93,2.75,0.0046096788
2022-08-03,NVDA,18.155775,18.863674,418146000,2.33,295.097,58.2,4155.17,21.95,2.73,0.0198099936
2022-08-03,GOOGL,114.842281,117.194511,28499000,2.33,295.097,58.2,4155.17,21.95,2.73,0.0256232225
2022-08-03,AAPL,157.820074,163.010757,82507500,2.33,295.097,58.2,4155.17,21.95,2.73,0.0382475419
2022-08-04,AAPL,162.893004,162.696762,55474100,2.33,295.097,58.2,4151.94,21.44,2.68,-0.0019262248
2022-08-04,GOOGL,116.599021,117.303696,21602900,2.33,295.097,58.2,4151.94,21.44,2.68,0.00093165
2022-08-04,NVDA,18.819744,19.185175,409652000,2.33,295.097,58.2,4151.94,21.44,2.68,0.0170433806
2022-08-05,NVDA,18.780803,18.959526,386068000,2.33,295.097,58.2,4145.19,21.15,2.83,-0.0117616274
2022-08-05,GOOGL,115.358382,116.589081,19159500,2.33,295.097,58.2,4145.19,21.15,2.83,-0.0060920064
2022-08-05,AAPL,160.368074,162.47081,56697000,2.33,295.097,58.2,4145.19,21.15,2.83,-0.0013887931
2022-08-08,AAPL,163.473011,161.99913,60276900,2.33,295.097,58.2,4140.06,21.29,2.77,-0.0029031657
2022-08-08,GOOGL,117.502187,116.420364,19138300,2.33,295.097,58.2,4140.06,21.29,2.77,-0.0014471032
2022-08-08,NVDA,17.47483,17.765377,981859000,2.33,295.097,58.2,4140.06,21.29,2.77,-0.0629841175
2022-08-09,NVDA,17.225221,17.059479,668263000,2.33,295.097,58.2,4122.47,21.77,2.8,-0.039734495
2022-08-09,GOOGL,116.261556,115.755379,19086500,2.33,295.097,58.2,4122.47,21.77,2.8,-0.0057119359
2022-08-09,AAPL,161.163941,162.048264,63135500,2.33,295.097,58.2,4122.47,21.77,2.8,0.0003032936
2022-08-10,AAPL,164.760212,166.29306,70170500,2.33,295.097,58.2,4210.24,19.74,2.78,0.0261946451
2022-08-10,GOOGL,117.889261,118.802361,30930400,2.33,295.097,58.2,4210.24,19.74,2.78,0.0263225938
2022-08-10,NVDA,17.670524,18.068905,597422000,2.33,295.097,58.2,4210.24,19.74,2.78,0.0591709824
2022-08-11,NVDA,18.102858,17.91415,509327000,2.33,295.097,58.2,4207.27,20.2,2.87,-0.0085646939
2022-08-11,GOOGL,120.370504,117.948799,24293700,2.33,295.097,58.2,4207.27,20.2,2.87,-0.0071847175
2022-08-11,AAPL,167.098791,165.556137,57149200,2.33,295.097,58.2,4207.27,20.2,2.87,-0.0044314731
2022-08-12,AAPL,166.862929,169.103226,68039400,2.33,295.097,58.2,4280.15,19.53,2.84,0.0214252923
2022-08-12,GOOGL,119.35816,120.767509,19096300,2.33,295.097,58.2,4280.15,19.53,2.84,0.023897745
2022-08-12,NVDA,18.131809,18.679956,478094000,2.33,295.097,58.2,4280.15,19.53,2.84,0.0427486757
2022-08-15,NVDA,18.671969,19.002455,457666000,2.33,295.097,58.2,4297.14,19.95,2.79,0.0172644044
2022-08-15,GOOGL,120.221632,121.164513,19494800,2.33,295.097,58.2,4297.14,19.95,2.79,0.0032873343
2022-08-15,AAPL,168.533322,170.17424,54091700,2.33,295.097,58.2,4297.14,19.95,2.79,0.0063334948
2022-08-16,AAPL,169.771413,170.017059,56377100,2.33,295.097,58.2,4305.2,19.69,2.82,-0.0009236462
2022-08-16,GOOGL,120.608711,120.787361,19041200,2.33,295.097,58.2,4305.2,19.69,2.82,-0.0031127224
2022-08-16,NVDA,18.890634,18.849697,451240000,2.33,295.097,58.2,4305.2,19.69,2.82,-0.0080388374
2022-08-17,NVDA,18.494247,18.306538,446799000,2.33,295.097,58.2,4274.04,19.9,2.89,-0.0288152898
2022-08-17,GOOGL,119.219221,118.653496,22847000,2.33,295.097,58.2,4274.04,19.9,2.89,-0.0176662967
2022-08-17,AAPL,169.761555,171.510559,79542000,2.33,295.097,58.2,4274.04,19.9,2.89,0.0087844112
2022-08-18,AAPL,170.72451,171.117538,62290100,2.33,295.097,58.2,4283.74,19.56,2.88,-0.0022915244
2022-08-18,GOOGL,118.534396,119.268845,17987700,2.33,295.097,58.2,4283.74,19.56,2.88,0.0051860993
2022-08-18,NVDA,18.272591,18.743858,415447000,2.33,295.097,58.2,4283.74,19.56,2.88,0.0238887723
2022-08-19,NVDA,18.377431,17.821297,441588000,2.33,295.097,58.2,4228.48,20.6,2.98,-0.0492194098
2022-08-19,GOOGL,118.167165,116.331039,21809500,2.33,295.097,58.2,4228.48,20.6,2.98,-0.0246317904
2022-08-19,AAPL,170.017026,168.533325,70346300,2.33,295.097,58.2,4228.48,20.6,2.98,-0.0151019777
2022-08-22,AAPL,166.735179,164.6521,69026800,2.33,295.097,58.2,4137.99,23.8,3.03,-0.0230294251
2022-08-22,GOOGL,114.336108,113.383308,21456600,2.33,295.097,58.2,4137.99,23.8,3.03,-0.0253391617
2022-08-22,NVDA,17.46285,17.007559,409593000,2.33,295.097,58.2,4137.99,23.8,3.03,-0.0456609799
2022-08-23,NVDA,16.96263,17.154331,369986000,2.33,295.097,58.2,4128.73,24.11,3.05,0.0086298325
2022-08-23,GOOGL,112.629017,113.006165,15870400,2.33,295.097,58.2,4128.73,24.11,3.05,-0.0033262732
2022-08-23,AAPL,164.170657,164.318039,54147100,2.33,295.097,58.2,4128.73,24.11,3.05,-0.002028888
2022-08-24,AAPL,164.406458,164.612793,53841500,2.33,295.097,58.2,4140.77,22.82,3.11,0.001793802
2022-08-24,GOOGL,112.648848,112.837425,17734600,2.33,295.097,58.2,4140.77,22.82,3.11,-0.0014931868
2022-08-24,NVDA,16.985592,17.195267,522661000,2.33,295.097,58.2,4140.77,22.82,3.11,0.0023863079
2022-08-25,NVDA,16.817852,17.885193,770691000,2.33,295.097,58.2,4199.12,21.78,3.03,0.0401230268
2022-08-25,GOOGL,113.3833,115.77523,16956800,2.33,295.097,58.2,4199.12,21.78,3.03,0.0260357339
2022-08-25,AAPL,165.841041,167.069275,51218200,2.33,295.097,58.2,4199.12,21.78,3.03,0.0149227887
2022-08-26,AAPL,167.599865,160.770874,78961000,2.33,295.097,58.2,4057.66,25.56,3.04,-0.0376993369
2022-08-26,GOOGL,113.859717,109.512558,37245700,2.33,295.097,58.2,4057.66,25.56,3.04,-0.0540933704
2022-08-26,NVDA,17.829279,16.234758,769127000,2.33,295.097,58.2,4057.66,25.56,3.04,-0.0922793791
2022-08-29,NVDA,15.995134,15.776473,496132000,2.33,295.097,58.2,4030.61,26.21,3.12,-0.0282286512
2022-08-29,GOOGL,109.16519,108.599464,21191200,2.33,295.097,58.2,4030.61,26.21,3.12,-0.0083377978
2022-08-29,AAPL,158.343879,158.569885,73314000,2.33,295.097,58.2,4030.61,26.21,3.12,-0.0136902208
2022-08-30,AAPL,159.306861,156.142929,77906200,2.33,295.097,58.2,3986.16,26.21,3.11,-0.015305278
2022-08-30,GOOGL,109.343834,108.123062,27513300,2.33,295.097,58.2,3986.16,26.21,3.11,-0.004386783
2022-08-30,NVDA,15.935226,15.44399,530181000,2.33,295.097,58.2,3986.16,26.21,3.11,-0.0210746274
2022-08-31,NVDA,15.36012,15.07057,573710000,2.33,295.097,58.2,3955.0,25.87,3.15,-0.0241789698
2022-08-31,GOOGL,109.820233,107.408455,28627000,2.33,295.097,58.2,3955.0,25.87,3.15,-0.0066092027
2022-08-31,AAPL,157.518552,154.482361,87991100,2.33,295.097,58.2,3955.0,25.87,3.15,-0.0106349243
2022-09-01,AAPL,153.912435,155.209457,74229900,2.56,296.349,58.6,3966.85,25.56,3.26,0.0047066639
2022-09-01,GOOGL,107.46801,108.917061,28360900,2.56,296.349,58.6,3966.85,25.56,3.26,0.0140455047
2022-09-01,NVDA,14.186941,13.915364,1178865000,2.56,296.349,58.6,3966.85,25.56,3.26,-0.0766530879
2022-09-02,NVDA,14.078113,13.625816,743157000,2.56,296.349,58.6,3924.26,25.47,3.2,-0.0208077859
2022-09-02,GOOGL,109.760688,107.041237,24160700,2.56,296.349,58.6,3924.26,25.47,3.2,-0.017222499
2022-09-02,AAPL,156.968305,153.096909,76957800,2.56,296.349,58.6,3924.26,25.47,3.2,-0.0136109543
2022-09-06,AAPL,153.745394,151.839172,73714800,2.56,296.349,58.6,3908.19,26.91,3.33,-0.0082152946
2022-09-06,GOOGL,106.495364,106.009033,25068300,2.56,296.349,58.6,3908.19,26.91,3.33,-0.009643047
2022-09-06,NVDA,13.709685,13.444098,535751000,2.56,296.349,58.6,3908.19,26.91,3.33,-0.0133362925
2022-09-07,NVDA,13.545969,13.696779,512657000,2.56,296.349,58.6,3979.87,24.64,3.27,0.0187949217
2022-09-07,GOOGL,106.257143,108.629219,23167000,2.56,296.349,58.6,3979.87,24.64,3.27,0.0247166281
2022-09-07,AAPL,152.124145,153.244293,87449600,2.56,296.349,58.6,3979.87,24.64,3.27,0.0092540076
2022-09-08,AAPL,151.947259,151.770401,84923800,2.56,296.349,58.6,4006.18,23.61,3.29,-0.0096179256
2022-09-08,GOOGL,107.229806,107.567253,24238300,2.56,296.349,58.6,4006.18,23.61,3.29,-0.0097760616
2022-09-08,NVDA,13.442101,13.972434,624873000,2.56,296.349,58.6,4006.18,23.61,3.29,0.0201255191
2022-09-09,NVDA,14.139224,14.368936,486612000,2.56,296.349,58.6,4067.36,22.79,3.33,0.0283774137
2022-09-09,GOOGL,108.252075,109.820229,23197700,2.56,296.349,58.6,4067.36,22.79,3.33,0.020944808
2022-09-09,AAPL,152.762821,154.62973,68028800,2.56,296.349,58.6,4067.36,22.79,3.33,0.0188398344
2022-09-12,AAPL,156.811067,160.584198,104956000,2.56,296.349,58.6,4110.41,23.87,3.37,0.0385079102
2022-09-12,GOOGL,110.157678,110.028656,22966800,2.56,296.349,58.6,4110.41,23.87,3.37,0.0018978965
2022-09-12,NVDA,14.350961,14.48679,484159000,2.56,296.349,58.6,4110.41,23.87,3.37,0.0082020076
2022-09-13,NVDA,13.784671,13.114513,714956000,2.56,296.349,58.6,3932.69,27.27,3.42,-0.0947260459
2022-09-13,GOOGL,106.991596,103.537689,38172900,2.56,296.349,58.6,3932.69,27.27,3.42,-0.0589934207
2022-09-13,AAPL,157.115669,151.161194,122656600,2.56,296.349,58.6,3932.69,27.27,3.42,-0.0586795231
2022-09-14,AAPL,152.094657,152.605606,87965400,2.56,296.349,58.6,3946.01,26.16,3.41,0.0095554434
2022-09-14,GOOGL,103.785825,104.212601,26395100,2.56,296.349,58.6,3946.01,26.16,3.41,0.0065185104
2022-09-14,NVDA,13.237355,13.111514,588507000,2.56,296.349,58.6,3946.01,26.16,3.41,-0.0002287013
2022-09-15,NVDA,12.99866,12.912767,523625000,2.56,296.349,58.6,3901.35,26.27,3.45,-0.0151581793
2022-09-15,GOOGL,103.249871,102.138275,34188300,2.56,296.349,58.6,3901.35,26.27,3.45,-0.0199047481
2022-09-15,AAPL,151.957094,149.716797,90481100,2.56,296.349,58.6,3901.35,26.27,3.45,-0.0189299022
2022-09-16,AAPL,148.577026,148.075897,162278800,2.56,296.349,58.6,3873.33,26.3,3.45,-0.0109600238
2022-09-16,GOOGL,101.304554,102.029083,42797200,2.56,296.349,58.6,3873.33,26.3,3.45,-0.0010690595
2022-09-16,NVDA,12.726001,13.181429,670751000,2.56,296.349,58.6,3873.33,26.3,3.45,0.0208058808
2022-09-19,NVDA,12.995661,13.365196,569685000,2.56,296.349,58.6,3899.89,25.76,3.49,0.0139413807
2022-09-19,GOOGL,100.986972,102.297073,23036800,2.56,296.349,58.6,3899.89,25.76,3.49,0.0026266051
2022-09-19,AAPL,146.710095,151.79007,81474200,2.56,296.349,58.6,3899.89,25.76,3.49,0.0250828962
2022-09-20,AAPL,150.728868,154.167923,107689800,2.56,296.349,58.6,3855.93,27.16,3.57,0.0156654082
2022-09-20,GOOGL,101.314492,100.381538,26517100,2.56,296.349,58.6,3855.93,27.16,3.57,-0.0187252177
2022-09-20,NVDA,13.198409,13.159457,524818000,2.56,296.349,58.6,3855.93,27.16,3.57,-0.0153936402
2022-09-21,NVDA,13.196412,13.244351,807679000,2.56,296.349,58.6,3789.93,27.99,3.51,0.0064511916
2022-09-21,GOOGL,100.907561,98.535484,31487300,2.56,296.349,58.6,3789.93,27.99,3.51,-0.0183903744
2022-09-21,AAPL,154.60025,151.043289,101696800,2.56,296.349,58.6,3789.93,27.99,3.51,-0.0202677297
2022-09-22,AAPL,149.726651,150.080383,86652500,2.56,296.349,58.6,3757.99,27.35,3.7,-0.0063750325
2022-09-22,GOOGL,98.078945,99.389046,34298600,2.56,296.349,58.6,3757.99,27.35,3.7,0.0086624774
2022-09-22,NVDA,13.053589,12.545228,759162000,2.56,296.349,58.6,3757.99,27.35,3.7,-0.0527865323
2022-09-23,NVDA,12.404405,12.500284,663309000,2.56,296.349,58.6,3693.23,29.92,3.69,-0.0035825423
2022-09-23,GOOGL,98.882867,97.999542,31625400,2.56,296.349,58.6,3693.23,29.92,3.69,-0.0139804489
2022-09-23,AAPL,148.557338,147.810562,96029900,2.56,296.349,58.6,3693.23,29.92,3.69,-0.0151240363
2022-09-26,AAPL,147.053981,148.144653,93339400,2.56,296.349,58.6,3655.04,32.26,3.88,0.002260266
2022-09-26,GOOGL,97.36434,97.433815,27072700,2.56,296.349,58.6,3655.04,32.26,3.88,-0.0057727538
2022-09-26,NVDA,12.475318,12.212647,547343000,2.56,296.349,58.6,3655.04,32.26,3.88,-0.0230104174
2022-09-27,NVDA,12.491295,12.397413,553854000,2.56,296.349,58.6,3647.29,32.6,3.97,0.0151290551
2022-09-27,GOOGL,98.684364,96.768837,30072800,2.56,296.349,58.6,3647.29,32.6,3.97,-0.0068249204
2022-09-27,AAPL,150.080363,149.117416,84442700,2.56,296.349,58.6,3647.29,32.6,3.97,0.0065663056
2022-09-28,AAPL,145.069131,147.23082,146691400,2.56,296.349,58.6,3719.04,30.18,3.72,-0.0126517527
2022-09-28,GOOGL,96.917724,99.299728,32466300,2.56,296.349,58.6,3719.04,30.18,3.72,0.0261539923
2022-09-28,NVDA,12.394419,12.72001,542414000,2.56,296.349,58.6,3719.04,30.18,3.72,0.0260212791
2022-09-29,NVDA,12.432371,12.204658,532763000,2.56,296.349,58.6,3640.47,31.84,3.76,-0.0405150827
2022-09-29,GOOGL,97.90029,96.689438,31047200,2.56,296.349,58.6,3640.47,31.84,3.76,-0.0262869856
2022-09-29,AAPL,143.555952,139.998978,128138200,2.56,296.349,58.6,3640.47,31.84,3.76,-0.0491190775
2022-09-30,AAPL,138.819919,135.793549,124925300,2.56,296.349,58.6,3585.62,31.62,3.83,-0.0300389985
2022-09-30,GOOGL,96.322219,94.932716,32941500,2.56,296.349,58.6,3585.62,31.62,3.83,-0.0181687011
2022-09-30,NVDA,12.071825,12.12376,565638000,2.56,296.349,58.6,3585.62,31.62,3.83,-0.0066283983
2022-10-03,NVDA,12.331498,12.496291,547478000,2.56,296.349,58.6,3678.43,30.1,3.67,0.0307273429
2022-10-03,GOOGL,96.034392,97.900291,27982000,2.56,296.349,58.6,3678.43,30.1,3.67,0.031259772
2022-10-03,AAPL,135.803354,139.969513,114311700,2.56,296.349,58.6,3678.43,30.1,3.67,0.030752303
2022-10-04,AAPL,142.504624,143.556,87830100,2.56,296.349,58.6,3790.93,29.07,3.62,0.0256233428
2022-10-04,GOOGL,99.686794,100.877792,28850800,2.56,296.349,58.6,3790.93,29.07,3.62,0.0304136062
2022-10-04,NVDA,12.862829,13.150468,584182000,2.56,296.349,58.6,3790.93,29.07,3.62,0.0523496695
2022-10-05,NVDA,12.89479,13.192415,507131000,2.56,296.349,58.6,3783.28,28.55,3.76,0.0031898002
2022-10-05,GOOGL,99.081373,100.669373,22176900,2.56,296.349,58.6,3783.28,28.55,3.76,-0.0020660623
2022-10-05,AAPL,141.561309,143.850723,79471000,2.56,296.349,58.6,3783.28,28.55,3.76,0.0020530212
2022-10-06,AAPL,143.271017,142.897629,68402200,2.56,296.349,58.6,3744.52,30.52,3.83,-0.0066255801
2022-10-06,NVDA,13.203401,13.113514,644157000,2.56,296.349,58.6,3744.52,30.52,3.83,-0.0059808071
2022-10-07,NVDA,12.4893,12.060839,672478000,2.56,296.349,58.6,3639.66,31.36,3.89,-0.0802740784
2022-10-07,GOOGL,99.101227,97.940002,27502800,2.56,296.349,58.6,3639.66,31.36,3.89,-0.0270162847
2022-10-07,AAPL,140.057939,137.650604,85925600,2.56,296.349,58.6,3639.66,31.36,3.89,-0.0367187656
2022-10-10,AAPL,137.974884,137.974884,74899000,2.56,296.349,58.6,3612.39,32.45,3.89,0.0023558181
2022-10-10,GOOGL,98.257595,97.126144,18225100,2.56,296.349,58.6,3612.39,32.45,3.89,-0.0083097612
2022-10-10,NVDA,12.021887,11.655348,698699000,2.56,296.349,58.6,3612.39,32.45,3.89,-0.0336204542
2022-10-11,NVDA,11.546485,11.571454,667482000,2.56,296.349,58.6,3588.84,33.63,3.93,-0.0071978784
2022-10-11,GOOGL,96.699366,96.451241,26507100,2.56,296.349,58.6,3588.84,33.63,3.93,-0.0069487353
2022-10-11,AAPL,137.46393,136.559952,77033700,2.56,296.349,58.6,3588.84,33.63,3.93,-0.0102549987
2022-10-12,AAPL,136.707328,135.931076,70433700,2.56,296.349,58.6,3577.03,33.57,3.91,-0.0046051256
2022-10-12,GOOGL,96.570347,96.828392,21876400,2.56,296.349,58.6,3577.03,33.57,3.91,0.0039102814
2022-10-12,NVDA,11.564461,11.485559,492590000,2.56,296.349,58.6,3577.03,33.57,3.91,-0.0074229725
2022-10-13,NVDA,10.957225,11.944983,850103000,2.56,296.349,58.6,3669.91,31.94,3.97,0.0400001428
2022-10-13,GOOGL,94.436457,98.317131,34574500,2.56,296.349,58.6,3669.91,31.94,3.97,0.0153750257
2022-10-13,AAPL,132.639412,140.500107,113224000,2.56,296.349,58.6,3669.91,31.94,3.97,0.0336128492
2022-10-14,AAPL,141.797132,135.970398,88598000,2.56,296.349,58.6,3583.07,32.02,4.0,-0.0322398962
2022-10-14,GOOGL,99.24017,95.835892,25410700,2.56,296.349,58.6,3583.07,32.02,4.0,-0.0252371005
2022-10-14,NVDA,12.041861,11.212903,713432000,2.56,296.349,58.6,3583.07,32.02,4.0,-0.0612876912
2022-10-17,NVDA,11.503538,11.873074,580774000,2.56,296.349,58.6,3677.95,31.37,4.02,0.0588759712
2022-10-17,GOOGL,98.118645,99.220322,28419200,2.56,296.349,58.6,3677.95,31.37,4.02,0.0353148478
2022-10-17,AAPL,138.613559,139.930222,85250900,2.56,296.349,58.6,3677.95,31.37,4.02,0.029122689
2022-10-18,AAPL,142.956579,141.246872,99136600,2.56,296.349,58.6,3719.98,30.5,4.01,0.0094093354
2022-10-18,NVDA,12.3285,11.951974,659362000,2.56,296.349,58.6,3719.98,30.5,4.01,0.006645317
2022-10-19,NVDA,11.864085,12.035869,523131000,2.56,296.349,58.6,3695.16,30.76,4.14,0.00701932
2022-10-19,GOOGL,99.260029,98.882874,23811100,2.56,296.349,58.6,3695.16,30.76,4.14,-0.0113127729
2022-10-19,AAPL,139.222753,141.354965,61758300,2.56,296.349,58.6,3695.16,30.76,4.14,0.000765279
2022-10-20,AAPL,140.52959,140.893143,64522000,2.56,296.349,58.6,3665.78,29.98,4.24,-0.003267112
2022-10-20,GOOGL,99.250095,99.220322,25323200,2.56,296.349,58.6,3665.78,29.98,4.24,0.0034126043
2022-10-20,NVDA,12.097792,12.178691,652398000,2.56,296.349,58.6,3665.78,29.98,4.24,0.0118663862
2022-10-21,NVDA,12.082809,12.450347,609494000,2.56,296.349,58.6,3752.75,29.69,4.21,0.0223058487
2022-10-21,GOOGL,97.116211,100.371613,32458700,2.56,296.349,58.6,3752.75,29.69,4.21,0.011603378
2022-10-21,AAPL,140.38222,144.705612,86548600,2.56,296.349,58.6,3752.75,29.69,4.21,0.0270592976
2022-10-24,AAPL,144.626969,146.84761,75981900,2.56,296.349,58.6,3797.34,29.85,4.25,0.0148024549
2022-10-24,GOOGL,101.036603,101.751198,27176400,2.56,296.349,58.6,3797.34,29.85,4.25,0.0137447754
2022-10-24,NVDA,12.492294,12.583179,517457000,2.56,296.349,58.6,3797.34,29.85,4.25,0.010668982
2022-10-25,NVDA,12.678064,13.244351,505482000,2.56,296.349,58.6,3859.11,28.46,4.1,0.0525441058
2022-10-25,GOOGL,102.128357,103.69651,40611400,2.56,296.349,58.6,3859.11,28.46,4.1,0.0191183253
2022-10-25,AAPL,147.476466,149.687286,74732300,2.56,296.349,58.6,3859.11,28.46,4.1,0.0193375697
2022-10-26,AAPL,148.331355,146.74939,88194300,2.56,296.349,58.6,3830.6,27.28,4.04,-0.0196268955
2022-10-26,GOOGL,95.706868,94.218117,88114100,2.56,296.349,58.6,3830.6,27.28,4.04,-0.0914051353
2022-10-26,NVDA,12.852844,12.879809,532953000,2.56,296.349,58.6,3830.6,27.28,4.04,-0.0275243382
2022-10-27,NVDA,13.612888,13.159457,583113000,2.56,296.349,58.6,3807.3,27.39,3.96,0.0217121092
2022-10-27,GOOGL,93.811174,91.528427,60710900,2.56,296.349,58.6,3807.3,27.39,3.96,-0.0285474782
2022-10-27,AAPL,145.491674,142.27861,109180200,2.56,296.349,58.6,3807.3,27.39,3.96,-0.0304654038
2022-10-28,AAPL,145.619407,153.028122,164762400,2.56,296.349,58.6,3901.06,25.75,4.02,0.0755525493
2022-10-28,GOOGL,91.578066,95.567924,43697300,2.56,296.349,58.6,3901.06,25.75,4.02,0.0441338009
2022-10-28,NVDA,13.087546,13.816628,521040000,2.56,296.349,58.6,3901.06,25.75,4.02,0.0499390848
2022-10-31,NVDA,13.7607,13.480053,486341000,2.56,296.349,58.6,3871.98,25.88,4.1,-0.0243601765
2022-10-31,GOOGL,94.704441,93.80127,31675000,2.56,296.349,58.6,3871.98,25.88,4.1,-0.0184858568
2022-10-31,AAPL,150.493033,150.669891,97943200,2.56,296.349,58.6,3871.98,25.88,4.1,-0.0154104393
2022-11-01,AAPL,152.379602,148.026733,80379300,3.78,298.786,56.7,3856.1,25.81,4.07,-0.0175427083
2022-11-01,GOOGL,94.734208,89.791557,47161400,3.78,298.786,56.7,3856.1,25.81,4.07,-0.0427468865
2022-11-01,NVDA,13.793658,13.525995,432817000,3.78,298.786,56.7,3856.1,25.81,4.07,0.0034081696
2022-11-02,NVDA,13.832611,13.202403,672628000,3.78,298.786,56.7,3759.69,25.86,4.1,-0.0239237246
2022-11-02,GOOGL,90.258024,86.317795,57038300,3.78,298.786,56.7,3759.69,25.86,4.1,-0.0386869614
2022-11-02,AAPL,146.356332,142.504593,93604600,3.78,298.786,56.7,3759.69,25.86,4.1,-0.0373050217
2022-11-03,AAPL,139.58632,136.4617,97918500,3.78,298.786,56.7,3719.89,25.3,4.14,-0.0424048961
2022-11-03,GOOGL,85.672687,82.804359,61288000,3.78,298.786,56.7,3719.89,25.3,4.14,-0.0407034885
2022-11-03,NVDA,13.026623,13.404148,500065000,3.78,298.786,56.7,3719.89,25.3,4.14,0.0152809327
2022-11-04,NVDA,13.968439,14.138226,612576000,3.78,298.786,56.7,3770.55,24.55,4.17,0.0547649465
2022-11-04,GOOGL,84.759589,85.93074,51124900,3.78,298.786,56.7,3770.55,24.55,4.17,0.0377562358
2022-11-04,AAPL,139.84739,136.195953,140814800,3.78,298.786,56.7,3770.55,24.55,4.17,-0.0019474114
2022-11-07,AAPL,134.946002,136.727432,83374600,3.78,298.786,56.7,3806.8,24.35,4.22,0.0039023104
2022-11-07,GOOGL,86.625483,87.826408,34078900,3.78,298.786,56.7,3806.8,24.35,4.22,0.0220604177
2022-11-07,NVDA,14.210137,14.283045,410061000,3.78,298.786,56.7,3806.8,24.35,4.22,0.0102431001
2022-11-08,NVDA,14.782415,14.583666,595292000,3.78,298.786,56.7,3828.11,25.54,4.14,0.0210474053
2022-11-08,GOOGL,88.233337,88.233337,30429000,3.78,298.786,56.7,3828.11,25.54,4.14,0.0046333332
2022-11-08,AAPL,138.193905,137.298264,89908500,3.78,298.786,56.7,3828.11,25.54,4.14,0.0041749581
2022-11-09,AAPL,136.314045,132.741333,74917800,3.78,298.786,56.7,3748.57,26.09,4.12,-0.0331900086
2022-11-09,GOOGL,87.786707,86.665184,31769100,3.78,298.786,56.7,3748.57,26.09,4.12,-0.0177727991
2022-11-09,NVDA,14.144217,13.758702,454414000,3.78,298.786,56.7,3748.57,26.09,4.12,-0.0565676407
2022-11-10,NVDA,14.781418,15.730225,700819000,3.78,298.786,56.7,3956.37,23.53,3.82,0.1432927533
2022-11-10,GOOGL,91.558213,93.235542,51620100,3.78,298.786,56.7,3956.37,23.53,3.82,0.0758131232
2022-11-10,AAPL,139.01081,144.551941,118854000,3.78,298.786,56.7,3956.37,23.53,3.82,0.0889746068
2022-11-11,AAPL,143.518558,147.337311,93979700,3.78,298.786,56.7,3992.93,22.52,3.82,0.0192689898
2022-11-11,GOOGL,93.979924,95.687027,33090500,3.78,298.786,56.7,3992.93,22.52,3.82,0.0262934565
2022-11-11,NVDA,15.787157,16.306503,655487000,3.78,298.786,56.7,3992.93,22.52,3.82,0.0366351213
2022-11-14,NVDA,16.197637,16.27454,527852000,3.78,298.786,56.7,3957.25,23.73,3.88,-0.0019601596
2022-11-14,GOOGL,94.376897,94.982323,30179500,3.78,298.786,56.7,3957.25,23.73,3.88,-0.0073646795
2022-11-14,AAPL,146.618809,145.939697,73374100,3.78,298.786,56.7,3957.25,23.73,3.88,-0.0094858086
2022-11-15,AAPL,149.817506,147.671906,89868300,3.78,298.786,56.7,3991.73,24.54,3.8,0.0118693425
2022-11-15,GOOGL,97.523139,97.70179,41640800,3.78,298.786,56.7,3991.73,24.54,3.8,0.0286312978
2022-11-15,NVDA,16.701002,16.645073,545876000,3.78,298.786,56.7,3991.73,24.54,3.8,0.0227676475
2022-11-16,NVDA,16.141707,15.890022,649547000,3.78,298.786,56.7,3958.79,24.11,3.67,-0.0453618114
2022-11-16,GOOGL,97.165846,98.108719,29105200,3.78,298.786,56.7,3958.79,24.11,3.67,0.0041650109
2022-11-16,AAPL,146.776296,146.44165,64218300,3.78,298.786,56.7,3958.79,24.11,3.67,-0.0083310033
2022-11-17,AAPL,144.118887,148.341187,80389400,3.78,298.786,56.7,3946.56,23.93,3.77,0.0129712833
2022-11-17,GOOGL,96.242815,97.622391,26052600,3.78,298.786,56.7,3946.56,23.93,3.77,-0.0049570327
2022-11-17,NVDA,15.695271,15.657318,710894000,3.78,298.786,56.7,3946.56,23.93,3.77,-0.0146446719
2022-11-18,NVDA,15.945953,15.389653,492072000,3.78,298.786,56.7,3965.34,23.12,3.82,-0.0170951952
2022-11-18,GOOGL,98.029311,96.699364,28342300,3.78,298.786,56.7,3965.34,23.12,3.82,-0.0094550751
2022-11-18,AAPL,149.906127,148.902222,74829600,3.78,298.786,56.7,3965.34,23.12,3.82,0.0037820592
2022-11-21,AAPL,147.790026,145.67395,58724100,3.78,298.786,56.7,3949.94,22.36,3.83,-0.021680479
2022-11-21,GOOGL,96.560416,94.883087,21647400,3.78,298.786,56.7,3949.94,22.36,3.83,-0.0187827146
2022-11-21,NVDA,15.127983,15.29777,404739000,3.78,298.786,56.7,3949.94,22.36,3.83,-0.0059704828
2022-11-22,NVDA,15.308757,16.017866,472866000,3.78,298.786,56.7,4003.58,21.29,3.76,0.0470719987
2022-11-22,GOOGL,95.230463,96.32222,23438500,3.78,298.786,56.7,4003.58,21.29,3.76,0.0151674311
2022-11-22,AAPL,145.79209,147.809723,51804100,3.78,298.786,56.7,4003.58,21.29,3.76,0.0146613221
2022-11-23,AAPL,147.091227,148.685669,58301400,3.78,298.786,56.7,4027.26,20.35,3.71,0.0059261734
2022-11-23,GOOGL,96.361913,97.721642,18868100,3.78,298.786,56.7,4027.26,20.35,3.71,0.0145285449
2022-11-23,NVDA,16.077788,16.498259,427241000,3.78,298.786,56.7,4027.26,20.35,3.71,0.0299910395
2022-11-25,NVDA,16.297513,16.249573,167934000,3.78,298.786,56.7,4026.12,20.5,3.68,-0.0150734597
2022-11-25,GOOGL,97.503291,96.729141,9701400,3.78,298.786,56.7,4026.12,20.5,3.68,-0.0101564023
2022-11-25,AAPL,145.96924,145.7724,35195900,3.78,298.786,56.7,4026.12,20.5,3.68,-0.0195934757
2022-11-28,AAPL,142.849265,141.943787,69246000,3.78,298.786,56.7,3963.94,22.21,3.69,-0.0262643222
2022-11-28,GOOGL,96.312301,95.329727,26237500,3.78,298.786,56.7,3963.94,22.21,3.69,-0.0144673471
2022-11-28,NVDA,16.005878,15.807128,303741000,3.78,298.786,56.7,3963.94,22.21,3.69,-0.0272280883
2022-11-29,NVDA,15.807128,15.619365,298384000,3.78,298.786,56.7,3957.63,21.89,3.75,-0.011878389
2022-11-29,GOOGL,95.012133,94.476181,20061700,3.78,298.786,56.7,3957.63,21.89,3.75,-0.0089536199
2022-11-29,AAPL,142.012693,138.94194,83763800,3.78,298.786,56.7,3957.63,21.89,3.75,-0.0211481347
2022-11-30,AAPL,139.1683,145.693665,111380900,3.78,298.786,56.7,4080.11,20.58,3.68,0.0485938531
2022-11-30,GOOGL,94.10893,100.232658,43647500,3.78,298.786,56.7,4080.11,20.58,3.68,0.060930462
2022-11-30,NVDA,15.681305,16.90608,565298000,3.78,298.786,56.7,4080.11,20.58,3.68,0.0823795032
2022-12-01,NVDA,16.981999,17.117863,470977000,4.1,298.832,59.8,4076.57,19.84,3.53,0.0125269993
2022-12-01,GOOGL,100.262432,100.232658,28687100,4.1,298.832,59.8,4076.57,19.84,3.53,0.0
2022-12-01,AAPL,145.870856,145.969269,71250400,4.1,298.832,59.8,4076.57,19.84,3.53,0.0018916694
2022-12-02,AAPL,143.656304,145.477097,65447400,4.1,298.832,59.8,4071.7,19.06,3.51,-0.0033717525
2022-12-02,GOOGL,98.307215,99.68679,21480700,4.1,298.832,59.8,4071.7,19.06,3.51,-0.0054460086
2022-12-02,NVDA,16.642343,16.859125,371389000,4.1,298.832,59.8,4071.7,19.06,3.51,-0.0151150625
2022-12-05,NVDA,16.662317,16.593386,352255000,4.1,298.832,59.8,3998.84,20.75,3.6,-0.0157623506
2022-12-05,GOOGL,98.654576,98.733978,24405100,4.1,298.832,59.8,3998.84,20.75,3.6,-0.0095580587
2022-12-05,AAPL,145.437757,144.31575,68826400,4.1,298.832,59.8,3998.84,20.75,3.6,-0.0079830191
2022-12-06,AAPL,144.748796,140.654449,64727200,4.1,298.832,59.8,3941.26,22.17,3.51,-0.0253700698
2022-12-06,GOOGL,98.555349,96.252747,24910700,4.1,298.832,59.8,3941.26,22.17,3.51,-0.0251304742
2022-12-06,NVDA,16.513471,15.971014,352694000,4.1,298.832,59.8,3941.26,22.17,3.51,-0.0375072143
2022-12-07,NVDA,15.756227,16.10388,372388000,4.1,298.832,59.8,3933.92,22.68,3.42,0.0083191904
2022-12-07,GOOGL,95.687028,94.22805,31045400,4.1,298.832,59.8,3933.92,22.68,3.42,-0.021035206
2022-12-07,AAPL,139.945848,138.715576,69721100,4.1,298.832,59.8,3933.92,22.68,3.42,-0.0137846566
2022-12-08,AAPL,140.113143,140.39856,62128300,4.1,298.832,59.8,3963.51,22.29,3.48,0.0121326202
2022-12-08,GOOGL,94.664738,93.007263,32213300,4.1,298.832,59.8,3963.51,22.29,3.48,-0.012955665
2022-12-08,NVDA,16.256729,17.151833,515456000,4.1,298.832,59.8,3963.51,22.29,3.48,0.0650745446
2022-12-09,NVDA,17.142837,16.983995,465338000,4.1,298.832,59.8,3934.38,22.83,3.57,-0.0097853767
2022-12-09,GOOGL,93.066819,92.133873,28225400,4.1,298.832,59.8,3934.38,22.83,3.57,-0.0093905591
2022-12-09,AAPL,140.093457,139.916306,76097000,4.1,298.832,59.8,3934.38,22.83,3.57,-0.003434893
2022-12-12,AAPL,140.447762,142.209518,70462700,4.1,298.832,59.8,3990.56,25.0,3.61,0.0163898902
2022-12-12,GOOGL,92.014761,92.61026,29420000,4.1,298.832,59.8,3990.56,25.0,3.61,0.0051705959
2022-12-12,NVDA,17.019961,17.517462,457328000,4.1,298.832,59.8,3990.56,25.0,3.61,0.0314099436
2022-12-13,NVDA,18.512465,18.053925,656589000,4.1,298.832,59.8,4019.65,22.55,3.51,0.0306244586
2022-12-13,GOOGL,97.026897,94.912865,40593700,4.1,298.832,59.8,4019.65,22.55,3.51,0.0248633864
2022-12-13,AAPL,147.140435,143.174042,93886200,4.1,298.832,59.8,4019.65,22.55,3.51,0.0067824104
2022-12-14,AAPL,143.055946,140.949722,82291200,4.1,298.832,59.8,3995.32,21.14,3.49,-0.0155357733
2022-12-14,GOOGL,94.486093,94.357071,28733600,4.1,298.832,59.8,3995.32,21.14,3.49,-0.0058558317
2022-12-14,NVDA,17.969011,17.656324,496888000,4.1,298.832,59.8,3995.32,21.14,3.49,-0.0220229221
2022-12-15,NVDA,17.128853,16.935047,478542000,4.1,298.832,59.8,3895.75,22.83,3.44,-0.040850928
2022-12-15,GOOGL,92.431616,90.178642,40107000,4.1,298.832,59.8,3895.75,22.83,3.44,-0.0442831534
2022-12-15,AAPL,138.882836,134.345596,98931900,4.1,298.832,59.8,3895.75,22.83,3.44,-0.0468544802
2022-12-16,AAPL,134.532625,132.387024,160156900,4.1,298.832,59.8,3852.36,22.62,3.48,-0.0145786125
2022-12-16,GOOGL,90.079396,89.583145,58011800,4.1,298.832,59.8,3852.36,22.62,3.48,-0.0066035274
2022-12-16,NVDA,16.847138,16.55443,478232000,4.1,298.832,59.8,3852.36,22.62,3.48,-0.0224751156
2022-12-19,NVDA,16.555428,16.237745,354039000,4.1,298.832,59.8,3817.66,22.42,3.57,-0.019129908
2022-12-19,GOOGL,89.583138,87.776787,29493000,4.1,298.832,59.8,3817.66,22.42,3.57,-0.0201640424
2022-12-19,AAPL,132.977536,130.280777,79592600,4.1,298.832,59.8,3817.66,22.42,3.57,-0.0159097688
2022-12-20,AAPL,129.316258,130.211899,77432800,4.1,298.832,59.8,3821.62,21.48,3.69,-0.0005286902
2022-12-20,GOOGL,87.449253,88.352425,23453800,4.1,298.832,59.8,3821.62,21.48,3.69,0.0065579732
2022-12-20,NVDA,16.047934,16.068913,403260000,4.1,298.832,59.8,3821.62,21.48,3.69,-0.0103975506
2022-12-21,NVDA,16.097885,16.484497,325025000,4.1,298.832,59.8,3878.44,20.07,3.68,0.025862644
2022-12-21,GOOGL,88.411983,88.908234,24745600,4.1,298.832,59.8,3878.44,20.07,3.68,0.006290818
2022-12-21,AAPL,130.881178,133.312195,85928000,4.1,298.832,59.8,3878.44,20.07,3.68,0.0238096215
2022-12-22,AAPL,132.229571,130.143021,77852100,4.1,298.832,59.8,3822.39,21.97,3.67,-0.0237725753
2022-12-22,GOOGL,87.498885,87.101883,27658300,4.1,298.832,59.8,3822.39,21.97,3.67,-0.0203170239
2022-12-22,NVDA,16.077904,15.323659,565045000,4.1,298.832,59.8,3822.39,21.97,3.67,-0.0704199905
2022-12-23,GOOGL,86.456755,88.56086,23003000,4.1,298.832,59.8,3844.82,20.87,3.75,0.016750232
2022-12-23,AAPL,128.853688,129.778854,63814900,4.1,298.832,59.8,3844.82,20.87,3.75,-0.0027982005
2022-12-27,AAPL,129.306436,127.977737,69007800,4.1,298.832,59.8,3829.25,21.65,3.84,-0.0138783545
2022-12-27,GOOGL,88.134087,86.734657,20097300,4.1,298.832,59.8,3829.25,21.65,3.84,-0.0206208747
2022-12-27,NVDA,15.058924,14.106877,464902000,4.1,298.832,59.8,3829.25,21.65,3.84,-0.0713535227
2022-12-28,NVDA,13.913072,14.021963,351066000,4.1,298.832,59.8,3783.22,22.14,3.88,-0.0060193483
2022-12-28,GOOGL,86.327747,85.374939,19523200,4.1,298.832,59.8,3783.22,22.14,3.88,-0.015676759
2022-12-28,AAPL,127.62341,124.050705,85438400,4.1,298.832,59.8,3783.22,22.14,3.88,-0.0306852782
2022-12-29,AAPL,125.969935,127.564369,75703700,4.1,298.832,59.8,3849.28,21.44,3.83,0.0283244198
2022-12-29,GOOGL,85.970434,87.786705,23333500,4.1,298.832,59.8,3849.28,21.44,3.83,0.0282491101
2022-12-29,NVDA,14.387598,14.588396,354923000,4.1,298.832,59.8,3849.28,21.44,3.83,0.0403961234
2022-12-30,NVDA,14.319665,14.599385,310490000,4.1,298.832,59.8,3839.5,21.67,3.88,0.0007532829
2022-12-30,GOOGL,86.327733,87.568359,23986300,4.1,298.832,59.8,3839.5,21.67,3.88,-0.002487229
2022-12-30,AAPL,126.383304,127.879303,77034200,4.1,298.832,59.8,3839.5,21.67,3.88,0.0024688224
2023-01-03,AAPL,128.223801,123.096031,112117500,4.1,298.832,59.8,3824.14,22.9,3.79,-0.0374045813
2023-01-03,GOOGL,88.918152,88.451683,28131200,4.1,298.832,59.8,3824.14,22.9,3.79,0.010087247
2023-01-03,NVDA,14.836148,14.300684,401277000,4.1,298.832,59.8,3824.14,22.9,3.79,-0.0204598537
2023-01-04,NVDA,14.552433,14.73425,431324000,4.1,298.832,59.8,3852.97,22.01,3.69,0.0303178571
2023-01-04,GOOGL,89.672461,87.419487,34854800,4.1,298.832,59.8,3852.97,22.01,3.69,-0.0116696032
2023-01-05,AAPL,125.123513,123.046814,80962700,4.1,298.832,59.8,3808.1,22.46,3.71,-0.0106046572
2023-01-05,GOOGL,86.814062,85.553581,27194400,4.1,298.832,59.8,3808.1,22.46,3.71,-0.0213442772
2023-01-05,NVDA,14.476507,14.250733,389168000,4.1,298.832,59.8,3808.1,22.46,3.71,-0.0328158332
2023-01-06,NVDA,14.459527,14.844142,405044000,4.1,298.832,59.8,3895.08,21.13,3.55,0.0416405647
2023-01-06,GOOGL,86.139157,86.685028,41381500,4.1,298.832,59.8,3895.08,21.13,3.55,0.0132250085
2023-01-06,AAPL,124.02118,127.574196,87754700,4.1,298.832,59.8,3895.08,21.13,3.55,0.0367939791
2023-01-09,AAPL,128.410797,128.09584,70790800,4.1,298.832,59.8,3892.09,21.97,3.53,0.0040889507
2023-01-09,GOOGL,87.697386,87.359932,29003900,4.1,298.832,59.8,3892.09,21.97,3.53,0.0077857028
2023-01-09,NVDA,15.268715,15.61237,504231000,4.1,298.832,59.8,3892.09,21.97,3.53,0.0517529766
2023-01-10,NVDA,15.491491,15.893089,384101000,4.1,298.832,59.8,3919.25,20.58,3.61,0.0179805369
2023-01-10,GOOGL,85.335238,87.756935,30467800,4.1,298.832,59.8,3919.25,20.58,3.61,0.0045444538
2023-01-10,AAPL,128.204104,128.666687,63896200,4.1,298.832,59.8,3919.25,20.58,3.61,0.004456402
2023-01-11,AAPL,129.178466,131.383118,69458900,4.1,298.832,59.8,3969.61,21.09,3.54,0.0211121521
2023-01-11,GOOGL,88.511231,90.833679,26862000,4.1,298.832,59.8,3969.61,21.09,3.54,0.0350598397
2023-01-11,NVDA,15.824158,15.984996,353285000,4.1,298.832,59.8,3969.61,21.09,3.54,0.0057827994
2023-01-12,NVDA,16.083898,16.494486,551409000,4.1,298.832,59.8,3983.17,18.83,3.43,0.0318730151
2023-01-12,GOOGL,90.793983,90.446602,30258100,4.1,298.832,59.8,3983.17,18.83,3.43,-0.0042613856
2023-01-12,AAPL,131.766935,131.304352,71379600,4.1,298.832,59.8,3983.17,18.83,3.43,-0.0005995129
2023-01-13,AAPL,129.946179,132.633087,57809700,4.1,298.832,59.8,3999.09,18.35,3.49,0.0101195073
2023-01-13,GOOGL,90.168711,91.429192,26329200,4.1,298.832,59.8,3999.09,18.35,3.49,0.010863755
2023-01-13,NVDA,16.261722,16.882101,447287000,4.1,298.832,59.8,3999.09,18.35,3.49,0.0234996839
2023-01-17,GOOGL,91.36963,90.605408,32602400,4.1,298.832,59.8,3990.97,19.36,3.53,-0.009010075
2023-01-17,AAPL,132.701967,133.794449,63646600,4.1,298.832,59.8,3990.97,19.36,3.53,0.0087561989
2023-01-18,AAPL,134.660579,133.075989,69672800,4.1,298.832,59.8,3928.86,20.34,3.37,-0.0053698796
2023-01-18,GOOGL,91.449039,90.436691,29116700,4.1,298.832,59.8,3928.86,20.34,3.37,-0.0018621011
2023-01-18,NVDA,17.64933,17.359621,439624000,4.1,298.832,59.8,3928.86,20.34,3.37,-0.0183595934
2023-01-19,NVDA,17.018963,16.748234,452932000,4.1,298.832,59.8,3898.85,20.52,3.39,-0.0352189285
2023-01-19,GOOGL,90.039697,92.352226,37000400,4.1,298.832,59.8,3898.85,20.52,3.39,0.0211809493
2023-01-19,AAPL,131.96382,133.13504,58280400,4.1,298.832,59.8,3898.85,20.52,3.39,0.0004437428
2023-01-20,AAPL,133.144897,135.694016,80223600,4.1,298.832,59.8,3972.61,19.85,3.48,0.0192208994
2023-01-20,GOOGL,94.386834,97.284935,63191100,4.1,298.832,59.8,3972.61,19.85,3.48,0.0534119094
2023-01-20,NVDA,16.99399,17.821163,564967000,4.1,298.832,59.8,3972.61,19.85,3.48,0.0640622406
2023-01-23,NVDA,18.045935,19.173807,655163000,4.1,298.832,59.8,4019.81,19.81,3.52,0.0759009922
2023-01-23,GOOGL,97.215466,99.041672,40005100,4.1,298.832,59.8,4019.81,19.81,3.52,0.0180576443
2023-01-23,AAPL,135.940044,138.882858,81760300,4.1,298.832,59.8,4019.81,19.81,3.52,0.0235002462
2023-01-24,AAPL,138.095463,140.280426,66435100,4.1,298.832,59.8,4016.95,19.2,3.46,0.0100629247
2023-01-24,GOOGL,97.36434,96.967339,33078500,4.1,298.832,59.8,4016.95,19.2,3.46,-0.0209440446
2023-01-24,NVDA,18.808173,19.245735,496204000,4.1,298.832,59.8,4016.95,19.2,3.46,0.0037513689
2023-01-25,NVDA,18.894085,19.303675,449537000,4.1,298.832,59.8,4016.22,19.08,3.46,0.0030105127
2023-01-25,GOOGL,94.853302,94.505928,42330000,4.1,298.832,59.8,4016.22,19.08,3.46,-0.0253839134
2023-01-25,AAPL,138.666341,139.621033,65799300,4.1,298.832,59.8,4016.22,19.08,3.46,-0.0047005368
2023-01-26,AAPL,140.910326,141.687866,54105100,4.1,298.832,59.8,4060.43,18.73,3.49,0.0148031672
2023-01-26,GOOGL,95.776333,96.788681,30114000,4.1,298.832,59.8,4060.43,18.73,3.49,0.0241546011
2023-01-26,NVDA,19.681297,19.782196,489535000,4.1,298.832,59.8,4060.43,18.73,3.49,0.0247891324
2023-01-27,NVDA,19.442538,20.344635,542142000,4.1,298.832,59.8,4070.56,18.51,3.52,0.0284315737
2023-01-27,GOOGL,96.58026,98.624817,33879800,4.1,298.832,59.8,4070.56,18.51,3.52,0.018970564
2023-01-27,AAPL,140.9005,143.62677,70555800,4.1,298.832,59.8,4070.56,18.51,3.52,0.013684332
2023-01-30,AAPL,142.67213,140.743057,64015300,4.1,298.832,59.8,4017.77,19.94,3.55,-0.0200778223
2023-01-30,GOOGL,96.748995,96.213043,27226200,4.1,298.832,59.8,4017.77,19.94,3.55,-0.0244540244
2023-01-30,NVDA,19.930048,19.142836,488611000,4.1,298.832,59.8,4017.77,19.94,3.55,-0.0590720547
2023-01-31,NVDA,19.150834,19.517467,498017000,4.1,298.832,59.8,4076.6,19.4,3.52,0.0195703442
2023-01-31,GOOGL,96.143565,98.098785,29870700,4.1,298.832,59.8,4076.6,19.4,3.52,0.0195996522
2023-01-31,AAPL,140.447778,142.01268,65874500,4.1,298.832,59.8,4076.6,19.4,3.52,0.0090208556
2023-02-01,AAPL,141.697741,143.134689,77663600,4.57,301.45,66.9,4119.21,17.87,3.39,0.0079007683
2023-02-01,GOOGL,97.969769,99.676872,35531100,4.57,301.45,66.9,4119.21,17.87,3.39,0.0160867114
2023-02-01,NVDA,19.671311,20.92206,660477000,4.57,301.45,66.9,4119.21,17.87,3.39,0.0719659205
2023-02-02,NVDA,20.979,21.68729,564276000,4.57,301.45,66.9,4179.76,18.73,3.4,0.0365752788
2023-02-02,GOOGL,105.006598,106.932045,69883800,4.57,301.45,66.9,4179.76,18.73,3.4,0.072786922
2023-02-02,AAPL,146.549911,148.439621,118339000,4.57,301.45,66.9,4179.76,18.73,3.4,0.0370625155
2023-02-03,AAPL,145.693624,152.061508,154357300,4.57,301.45,66.9,4136.48,18.33,3.53,0.0243997336
2023-02-03,GOOGL,102.15813,103.994255,65309300,4.57,301.45,66.9,4136.48,18.33,3.53,-0.0274734287
2023-02-03,NVDA,20.978999,21.078899,429366000,4.57,301.45,66.9,4136.48,18.33,3.53,-0.0280528735
2023-02-06,NVDA,20.785193,21.067911,452197000,4.57,301.45,66.9,4111.08,19.43,3.63,-0.0005212908
2023-02-06,GOOGL,101.632099,102.128349,31999600,4.57,301.45,66.9,4111.08,19.43,3.63,-0.0179423927
2023-02-06,AAPL,150.161989,149.335236,69858300,4.57,301.45,66.9,4111.08,19.43,3.63,-0.0179287488
2023-02-07,AAPL,148.262462,152.209167,83322600,4.57,301.45,66.9,4164.0,18.66,3.67,0.0192448344
2023-02-07,GOOGL,102.445949,106.832802,49010200,4.57,301.45,66.9,4164.0,18.66,3.67,0.0460641198
2023-02-07,NVDA,21.360618,22.150827,664150000,4.57,301.45,66.9,4164.0,18.66,3.67,0.0514012164
2023-02-08,NVDA,22.36461,22.182793,559651000,4.57,301.45,66.9,4117.86,19.63,3.63,0.0014430728
2023-02-08,GOOGL,101.28472,98.624817,94743500,4.57,301.45,66.9,4117.86,19.63,3.63,-0.0768301943
2023-02-08,AAPL,151.451288,149.522217,64120100,4.57,301.45,66.9,4117.86,19.63,3.63,-0.0176530148
2023-02-09,AAPL,151.352906,148.488831,56007100,4.57,301.45,66.9,4081.5,20.71,3.67,-0.0069112554
2023-02-09,GOOGL,99.250109,94.297531,119455000,4.57,301.45,66.9,4081.5,20.71,3.67,-0.0438762363
2023-02-09,NVDA,22.583395,22.314663,523876000,4.57,301.45,66.9,4081.5,20.71,3.67,0.00594471
2023-02-10,NVDA,21.668307,21.243731,550737000,4.57,301.45,66.9,4090.46,20.53,3.74,-0.0479923175
2023-02-10,GOOGL,94.734215,93.860817,54980700,4.57,301.45,66.9,4090.46,20.53,3.74,-0.0046312365
2023-02-10,AAPL,147.325677,148.853531,57450700,4.57,301.45,66.9,4090.46,20.53,3.74,0.0024560791
2023-02-13,AAPL,148.794388,151.652985,62199000,4.57,301.45,66.9,4137.29,20.34,3.72,0.0188067674
2023-02-13,GOOGL,94.029535,93.900513,50076100,4.57,301.45,66.9,4137.29,20.34,3.72,0.0004229213
2023-02-13,NVDA,21.516461,21.766211,474919000,4.57,301.45,66.9,4137.29,20.34,3.72,0.0245945508
2023-02-14,NVDA,21.556422,22.94803,675474000,4.57,301.45,66.9,4136.13,18.91,3.77,0.0542960803
2023-02-14,GOOGL,93.721868,93.969994,54726100,4.57,301.45,66.9,4136.13,18.91,3.77,0.0007399416
2023-02-14,AAPL,149.947659,151.012238,61707600,4.57,301.45,66.9,4136.13,18.91,3.77,-0.0042250871
2023-02-15,AAPL,150.923563,153.111862,65573800,4.57,301.45,66.9,4147.6,18.23,3.81,0.0139036721
2023-02-15,GOOGL,93.781411,96.213043,50169000,4.57,301.45,66.9,4147.6,18.23,3.81,0.0238698497
2023-02-15,NVDA,22.526449,22.741234,420575000,4.57,301.45,66.9,4147.6,18.23,3.81,-0.0090115205
2023-02-16,NVDA,22.110863,21.979996,412026000,4.57,301.45,66.9,4090.41,20.17,3.86,-0.0334739137
2023-02-16,GOOGL,94.65482,94.79377,42462600,4.57,301.45,66.9,4090.41,20.17,3.86,-0.0147513614
2023-02-16,AAPL,151.317843,151.514999,68167900,4.57,301.45,66.9,4090.41,20.17,3.86,-0.0104293865
2023-02-17,AAPL,150.174426,150.371567,59144100,4.57,301.45,66.9,4079.09,20.02,3.82,-0.0075466629
2023-02-17,GOOGL,94.138706,93.642456,34284100,4.57,301.45,66.9,4079.09,20.02,3.82,-0.0121454583
2023-02-17,NVDA,21.609367,21.36661,465888000,4.57,301.45,66.9,4079.09,20.02,3.82,-0.0279065638
2023-02-21,NVDA,20.978996,20.634342,410015000,4.57,301.45,66.9,3997.34,22.87,3.95,-0.0342715758
2023-02-21,GOOGL,92.302587,91.101662,33629300,4.57,301.45,66.9,3997.34,22.87,3.95,-0.0271329318
2023-02-21,AAPL,148.055104,146.359665,58867200,4.57,301.45,66.9,3997.34,22.87,3.95,-0.0266799232
2023-02-22,AAPL,146.744102,146.783539,51011300,4.57,301.45,66.9,3991.05,22.29,3.93,0.0028961114
2023-02-22,GOOGL,91.012336,90.962715,30884000,4.57,301.45,66.9,3991.05,22.29,3.93,-0.0015251811
2023-02-22,NVDA,20.686296,20.733248,513184000,4.57,301.45,66.9,3991.05,22.29,3.93,0.0047932501
2023-02-23,NVDA,23.416564,23.640339,1117995000,4.57,301.45,66.9,4012.32,21.14,3.88,0.1402139778
2023-02-23,GOOGL,91.230679,90.208405,41206400,4.57,301.45,66.9,4012.32,21.14,3.88,-0.0082925252
2023-02-23,AAPL,147.946644,147.266495,48394200,4.57,301.45,66.9,4012.32,21.14,3.88,0.0032902595
2023-02-24,AAPL,145.009242,144.61496,55469600,4.57,301.45,66.9,3970.04,21.67,3.95,-0.0180050122
2023-02-24,GOOGL,88.769289,88.461609,36585100,4.57,301.45,66.9,3970.04,21.67,3.95,-0.0193640012
2023-02-24,NVDA,23.201775,23.262712,589716000,4.57,301.45,66.9,3970.04,21.67,3.95,-0.0159738158
2023-02-27,NVDA,23.646325,23.477493,452994000,4.57,301.45,66.9,3982.24,20.95,3.92,0.0092328359
2023-02-27,GOOGL,89.19606,89.19606,27502300,4.57,301.45,66.9,3982.24,20.95,3.92,0.0083024863
2023-02-27,AAPL,145.60067,145.807663,44998500,4.57,301.45,66.9,3982.24,20.95,3.92,0.0082474403
2023-02-28,AAPL,144.950072,145.304932,50547000,4.57,301.45,66.9,3970.15,20.7,3.92,-0.0034479074
2023-02-28,GOOGL,88.660114,89.384636,30142000,4.57,301.45,66.9,3970.15,20.7,3.92,0.0021141712
2023-02-28,NVDA,23.348626,23.192781,455963000,4.57,301.45,66.9,3970.15,20.7,3.92,-0.0121270118
2023-03-01,NVDA,23.168804,22.675299,460026000,4.65,301.821,62.0,3951.39,20.58,4.01,-0.0223122336
2023-03-01,GOOGL,89.305248,89.682396,31111200,4.65,301.821,62.0,3951.39,20.58,4.01,0.0033312214
2023-03-01,AAPL,144.733238,143.23494,55479000,4.65,301.821,62.0,3951.39,20.58,4.01,-0.0142458487
2023-03-02,AAPL,142.31822,143.82637,52238100,4.65,301.821,62.0,3981.35,19.59,4.08,0.0041290949
2023-03-02,GOOGL,88.987633,91.310081,32204400,4.65,301.821,62.0,3981.35,19.59,4.08,0.0181494432
2023-03-02,NVDA,22.465511,23.290684,389415000,4.65,301.821,62.0,3981.35,19.59,4.08,0.0271390055
2023-03-03,NVDA,23.296676,23.866106,412393000,4.65,301.821,62.0,4045.64,18.49,3.97,0.024706114
2023-03-03,GOOGL,91.786491,92.947716,35160100,4.65,301.821,62.0,4045.64,18.49,3.97,0.0179348682
2023-03-03,AAPL,145.925953,148.87326,70732300,4.65,301.821,62.0,4045.64,18.49,3.97,0.0350901594
2023-03-06,AAPL,151.593848,151.633286,87558000,4.65,301.821,62.0,4048.42,18.61,3.98,0.0185394275
2023-03-06,GOOGL,93.314949,94.416626,32639300,4.65,301.821,62.0,4048.42,18.61,3.98,0.0158036183
2023-03-06,NVDA,23.867112,23.530449,437429000,4.65,301.821,62.0,4048.42,18.61,3.98,-0.0140641762
2023-03-07,NVDA,23.580403,23.268661,515154000,4.65,301.821,62.0,3986.37,19.59,3.97,-0.0111254747
2023-03-07,GOOGL,94.267747,93.156143,27835500,4.65,301.821,62.0,3986.37,19.59,3.97,-0.0133502206
2023-03-07,AAPL,151.505122,149.43512,56182000,4.65,301.821,62.0,3986.37,19.59,3.97,-0.0144965921
2023-03-08,AAPL,150.627825,150.686966,47204800,4.65,301.821,62.0,3992.01,19.11,3.98,0.0083771895
2023-03-08,GOOGL,93.41419,93.543213,34103300,4.65,301.821,62.0,3992.01,19.11,3.98,0.0041550636
2023-03-08,NVDA,23.467497,24.160921,513573000,4.65,301.821,62.0,3992.01,19.11,3.98,0.0383459787
2023-03-09,NVDA,24.154925,23.41654,501257000,4.65,301.821,62.0,3918.32,22.61,3.93,-0.0308092952
2023-03-09,GOOGL,93.344715,91.627686,28813500,4.65,301.821,62.0,3918.32,22.61,3.93,-0.0204774594
2023-03-09,AAPL,151.367118,148.439529,53833600,4.65,301.821,62.0,3918.32,22.61,3.93,-0.0149146047
2023-03-10,AAPL,148.064997,146.37941,68572400,4.65,301.821,62.0,3861.59,24.8,3.7,-0.0138785109
2023-03-10,GOOGL,91.4788,89.950348,35941000,4.65,301.821,62.0,3861.59,24.8,3.7,-0.0183060135
2023-03-10,NVDA,23.389562,22.94593,474866000,4.65,301.821,62.0,3861.59,24.8,3.7,-0.0200973185
2023-03-13,GOOGL,89.414395,90.42675,37335600,4.65,301.821,62.0,3855.76,26.52,3.55,0.0052962806
2023-03-13,AAPL,145.69924,148.321259,84457100,4.65,301.821,62.0,3855.76,26.52,3.55,0.01326586
2023-03-14,AAPL,149.119675,150.410965,73695900,4.65,301.821,62.0,3919.29,23.73,3.64,0.0140890553
2023-03-14,GOOGL,91.86589,93.26532,36050200,4.65,301.821,62.0,3919.29,23.73,3.64,0.0313908178
2023-03-14,NVDA,23.476488,24.043016,474910000,4.65,301.821,62.0,3919.29,23.73,3.64,0.0477661502
2023-03-15,NVDA,23.741267,24.20788,524486000,4.65,301.821,62.0,3891.93,26.14,3.51,0.0068570259
2023-03-15,GOOGL,92.520947,95.389275,50622100,4.65,301.821,62.0,3891.93,26.14,3.51,0.0227732535
2023-03-15,AAPL,149.030984,150.805283,77167900,4.65,301.821,62.0,3891.93,26.14,3.51,0.0026216016
2023-03-16,AAPL,149.987097,153.624405,76161100,4.65,301.821,62.0,3960.28,22.99,3.56,0.0186937902
2023-03-16,GOOGL,95.478589,99.567696,65492000,4.65,301.821,62.0,3960.28,22.99,3.56,0.0438038872
2023-03-16,NVDA,24.007048,25.519791,583253000,4.65,301.821,62.0,3960.28,22.99,3.56,0.0541935365
2023-03-17,NVDA,25.960423,25.703636,848547000,4.65,301.821,62.0,3916.64,25.51,3.39,0.0072040372
2023-03-17,GOOGL,99.508139,100.857941,61028500,4.65,301.821,62.0,3916.64,25.51,3.39,0.0129584706
2023-03-17,AAPL,153.851139,152.78656,98944600,4.65,301.821,62.0,3916.64,25.51,3.39,-0.0054538525
2023-03-20,AAPL,152.855569,155.152283,73641400,4.65,301.821,62.0,3951.57,24.15,3.47,0.01548384
2023-03-20,GOOGL,99.369196,100.460945,32960400,4.65,301.821,62.0,3951.57,24.15,3.47,-0.0039361853
2023-03-20,NVDA,25.593727,25.87849,432747000,4.65,301.821,62.0,3951.57,24.15,3.47,0.0068027059
2023-03-21,NVDA,26.158263,26.177246,547408000,4.65,301.821,62.0,4002.87,21.38,3.59,0.0115445546
2023-03-21,AAPL,155.073445,157.005447,73938300,4.65,301.821,62.0,4002.87,21.38,3.59,0.0119441663
2023-03-22,AAPL,157.025166,155.576157,75701800,4.65,301.821,62.0,3936.97,22.26,3.48,-0.009103447
2023-03-22,GOOGL,103.488071,102.594826,43427400,4.65,301.821,62.0,3936.97,22.26,3.48,-0.0147730821
2023-03-22,NVDA,26.403058,26.446024,797295000,4.65,301.821,62.0,3936.97,22.26,3.48,0.0102676136
2023-03-23,NVDA,27.092484,27.168421,564889000,4.65,301.821,62.0,3948.72,22.61,3.38,0.0273158964
2023-03-23,GOOGL,104.272146,104.808098,40797800,4.65,301.821,62.0,3948.72,22.61,3.38,0.0215729407
2023-03-23,AAPL,156.561898,156.660461,67622100,4.65,301.821,62.0,3948.72,22.61,3.38,0.0069696079
2023-03-24,AAPL,156.591429,157.961578,59196500,4.65,301.821,62.0,3970.99,21.74,3.38,0.0083053307
2023-03-24,GOOGL,104.202685,104.649315,30393300,4.65,301.821,62.0,3970.99,21.74,3.38,-0.0015149875
2023-03-24,NVDA,27.008553,26.756762,454920000,4.65,301.821,62.0,3970.99,21.74,3.38,-0.0151521225
2023-03-27,NVDA,26.814716,26.50897,361026000,4.65,301.821,62.0,3977.53,20.6,3.53,-0.0092608849
2023-03-27,GOOGL,103.835448,101.691643,31120900,4.65,301.821,62.0,3977.53,20.6,3.53,-0.0282626993
2023-03-27,AAPL,157.656013,156.019714,52390300,4.65,301.821,62.0,3977.53,20.6,3.53,-0.012293268
2023-03-28,AAPL,155.714165,155.398727,45992200,4.65,301.821,62.0,3971.27,19.97,3.55,-0.0039801825
2023-03-28,NVDA,26.425037,26.388067,356104000,4.65,301.821,62.0,3971.27,19.97,3.55,-0.0045608341
2023-03-29,NVDA,26.802725,26.961592,393694000,4.65,301.821,62.0,4027.81,19.12,3.57,0.0217342358
2023-03-29,GOOGL,101.512994,100.629669,28779600,4.65,301.821,62.0,4027.81,19.12,3.57,0.0035633691
2023-03-29,AAPL,157.094165,158.474182,51305700,4.65,301.821,62.0,4027.81,19.12,3.57,0.0197907329
2023-03-30,AAPL,159.223324,160.041473,49501700,4.65,301.821,62.0,4050.83,19.02,3.55,0.0098898839
2023-03-30,GOOGL,100.153269,100.133415,33086200,4.65,301.821,62.0,4050.83,19.02,3.55,-0.0049314876
2023-03-30,NVDA,27.206389,27.36026,364516000,4.65,301.821,62.0,4050.83,19.02,3.55,0.0147865265
2023-03-31,NVDA,27.117465,27.753937,433933000,4.65,301.821,62.0,4109.31,18.7,3.48,0.0143886336
2023-03-31,GOOGL,100.540348,102.952126,36863400,4.65,301.821,62.0,4109.31,18.7,3.48,0.0281495475
2023-03-31,AAPL,160.120319,162.545181,68749800,4.65,301.821,62.0,4109.31,18.7,3.48,0.0156441192
2023-04-03,AAPL,161.924196,163.797058,56976200,4.65,301.821,62.0,4124.51,18.55,3.43,0.007701716
2023-04-03,GOOGL,101.622172,103.5774,25035400,4.65,301.821,62.0,4124.51,18.55,3.43,0.0060734507
2023-04-03,NVDA,27.486156,27.941776,398716000,4.65,301.821,62.0,4124.51,18.55,3.43,0.0067680311
2023-04-04,NVDA,27.942779,27.430204,368592000,4.65,301.821,62.0,4100.6,19.0,3.35,-0.0183084955
2023-04-04,GOOGL,103.547633,103.934708,24420100,4.65,301.821,62.0,4100.6,19.0,3.35,0.003449666
2023-04-04,AAPL,164.22092,163.264771,46278300,4.65,301.821,62.0,4100.6,19.0,3.35,-0.0032496774
2023-04-05,AAPL,162.387479,161.421463,51511700,4.65,301.821,62.0,4090.38,19.08,3.3,-0.0112902954
2023-04-05,GOOGL,104.986751,103.686577,28290500,4.65,301.821,62.0,4090.38,19.08,3.3,-0.0023873719
2023-04-05,NVDA,26.80672,26.858677,515015000,4.65,301.821,62.0,4090.38,19.08,3.3,-0.020835699
2023-04-06,NVDA,26.561924,27.014549,397654000,4.65,301.821,62.0,4105.02,18.4,3.3,0.005803426
2023-04-06,GOOGL,104.47065,107.606949,48711500,4.65,301.821,62.0,4105.02,18.4,3.3,0.0378098316
2023-04-06,AAPL,160.110473,162.30864,45390100,4.65,301.821,62.0,4105.02,18.4,3.3,0.0054960257
2023-04-10,AAPL,159.114882,159.716171,47716900,4.65,301.821,62.0,4109.11,18.97,3.41,-0.0159724601
2023-04-10,GOOGL,106.177767,105.641815,27067400,4.65,301.821,62.0,4109.11,18.97,3.41,-0.0182621447
2023-04-10,NVDA,26.800728,27.556101,395279000,4.65,301.821,62.0,4109.11,18.97,3.41,0.0200466639
2023-04-11,NVDA,27.70098,27.146441,314378000,4.65,301.821,62.0,4108.94,19.1,3.43,-0.0148664117
2023-04-11,GOOGL,105.750973,104.559967,26311800,4.65,301.821,62.0,4108.94,19.1,3.43,-0.010240719
2023-04-11,AAPL,160.031607,158.503738,47644200,4.65,301.821,62.0,4108.94,19.1,3.43,-0.0075911716
2023-04-12,AAPL,158.917722,157.813721,50133100,4.65,301.821,62.0,4091.95,19.09,3.41,-0.0043533213
2023-04-12,GOOGL,105.780755,103.855301,24370300,4.65,301.821,62.0,4091.95,19.09,3.41,-0.0067393493
2023-04-12,NVDA,27.347269,26.472996,446259000,4.65,301.821,62.0,4091.95,19.09,3.41,-0.0248078472
2023-04-13,NVDA,26.7118,26.441025,353615000,4.65,301.821,62.0,4146.22,17.8,3.45,-0.0012076827
2023-04-13,GOOGL,105.046294,106.624374,24843600,4.65,301.821,62.0,4146.22,17.8,3.45,0.0266628036
2023-04-13,AAPL,159.321869,163.19574,68445600,4.65,301.821,62.0,4146.22,17.8,3.45,0.0341036192
2023-04-14,AAPL,162.239628,162.850784,49386500,4.65,301.821,62.0,4137.64,17.07,3.52,-0.0021137528
2023-04-14,GOOGL,106.088426,108.053581,26578000,4.65,301.821,62.0,4137.64,17.07,3.52,0.0134041288
2023-04-14,NVDA,26.481992,26.735781,395660000,4.65,301.821,62.0,4137.64,17.07,3.52,0.0111476744
2023-04-17,NVDA,26.542944,26.979582,321471000,4.65,301.821,62.0,4151.32,16.95,3.6,0.0091189077
2023-04-17,GOOGL,103.87515,105.175323,37571200,4.65,301.821,62.0,4151.32,16.95,3.6,-0.0266373194
2023-04-17,AAPL,162.732468,162.870468,41516200,4.65,301.821,62.0,4151.32,16.95,3.6,0.0001208704
2023-04-18,AAPL,163.728047,164.092758,49923000,4.65,301.821,62.0,4154.87,16.83,3.58,0.0075046757
2023-04-18,GOOGL,105.691421,103.716347,26596400,4.65,301.821,62.0,4154.87,16.83,3.58,-0.0138718541
2023-04-18,NVDA,27.51014,27.644028,604812000,4.65,301.821,62.0,4154.87,16.83,3.58,0.0246277307
2023-04-19,NVDA,27.338276,27.907803,358660000,4.65,301.821,62.0,4154.52,16.46,3.6,0.0095418394
2023-04-19,GOOGL,102.803244,103.398743,20905700,4.65,301.821,62.0,4154.52,16.46,3.6,-0.0030622373
2023-04-19,AAPL,163.432337,165.236206,47720200,4.65,301.821,62.0,4154.52,16.46,3.6,0.0069683019
2023-04-20,AAPL,163.718202,164.270203,52456400,4.65,301.821,62.0,4129.79,17.17,3.54,-0.005846197
2023-04-20,GOOGL,103.130764,104.500412,27820800,4.65,301.821,62.0,4129.79,17.17,3.54,0.0106545716
2023-04-20,NVDA,27.648018,27.08149,427713000,4.65,301.821,62.0,4129.79,17.17,3.54,-0.0296086736
2023-04-21,NVDA,26.929616,27.096478,345103000,4.65,301.821,62.0,4133.52,16.77,3.57,0.0005534387
2023-04-21,GOOGL,104.67907,104.619522,25800100,4.65,301.821,62.0,4133.52,16.77,3.57,0.0011398051
2023-04-21,AAPL,162.693053,162.663483,58337300,4.65,301.821,62.0,4133.52,16.77,3.57,-0.0097809581
2023-04-24,AAPL,162.643781,162.96907,41949600,4.65,301.821,62.0,4137.04,16.89,3.52,0.0018786501
2023-04-24,GOOGL,104.69892,105.175323,23542800,4.65,301.821,62.0,4137.04,16.89,3.52,0.0053125973
2023-04-24,NVDA,26.990571,27.019547,339282000,4.65,301.821,62.0,4137.04,16.89,3.52,-0.0028391513
2023-04-25,NVDA,27.055513,26.219208,378527000,4.65,301.821,62.0,4071.63,18.76,3.4,-0.029620732
2023-04-25,GOOGL,105.036376,103.07122,46664100,4.65,301.821,62.0,4071.63,18.76,3.4,-0.0200056726
2023-04-25,AAPL,162.831071,161.431351,48714100,4.65,301.821,62.0,4071.63,18.76,3.4,-0.0094356538
2023-04-26,GOOGL,104.133191,102.932266,53347600,4.65,301.821,62.0,4055.99,18.84,3.43,-0.0013481374
2023-04-26,NVDA,26.979582,26.933619,406337000,4.65,301.821,62.0,4055.99,18.84,3.43,0.0272476113
2023-04-27,NVDA,27.340279,27.203392,377161000,4.65,301.821,62.0,4135.35,17.03,3.53,0.0100162361
2023-04-27,GOOGL,103.66672,106.783173,50089200,4.65,301.821,62.0,4135.35,17.03,3.53,0.037412043
2023-04-27,AAPL,162.831032,166.005051,64902300,4.65,301.821,62.0,4135.35,17.03,3.53,0.0283951561
2023-04-28,AAPL,166.083918,167.256912,55275900,4.65,301.821,62.0,4169.48,15.78,3.44,0.0075411053
2023-04-28,GOOGL,106.237304,106.535049,36139800,4.65,301.821,62.0,4169.48,15.78,3.44,-0.0023236168
2023-04-28,NVDA,27.202393,27.725958,292216000,4.65,301.821,62.0,4169.48,15.78,3.44,0.0192095839
2023-05-01,NVDA,27.816883,28.885994,570329000,5.06,303.334,59.0,4167.87,16.08,3.59,0.0418393511
2023-05-01,GOOGL,106.038794,106.396095,26681700,5.06,303.334,59.0,4167.87,16.08,3.59,-0.0013043047
2023-05-01,AAPL,166.862642,167.168213,52472900,5.06,303.334,59.0,4167.87,16.08,3.59,-0.0005303179
2023-05-02,AAPL,167.661078,166.133209,48425700,5.06,303.334,59.0,4119.58,17.78,3.44,-0.0061913904
2023-05-02,NVDA,28.656184,28.186573,402730000,5.06,303.334,59.0,4119.58,17.78,3.44,-0.0242131508
2023-05-03,NVDA,27.81688,27.778912,383387000,5.06,303.334,59.0,4090.75,18.34,3.38,-0.0144629657
2023-05-03,GOOGL,104.738617,104.619522,21795400,5.06,303.334,59.0,4090.75,18.34,3.38,0.0008544642
2023-05-03,AAPL,167.079505,165.058777,65136000,5.06,303.334,59.0,4090.75,18.34,3.38,-0.0064672944
2023-05-04,AAPL,162.535328,163.42247,81235400,5.06,303.334,59.0,4061.22,20.09,3.37,-0.0099134793
2023-05-04,GOOGL,104.698926,103.90493,23419500,5.06,303.334,59.0,4061.22,20.09,3.37,-0.0068303885
2023-05-04,NVDA,27.628037,27.539112,321850000,5.06,303.334,59.0,4061.22,20.09,3.37,-0.0086324296
2023-05-05,NVDA,27.802892,28.656183,361494000,5.06,303.334,59.0,4136.25,17.19,3.44,0.040563078
2023-05-05,GOOGL,104.033945,104.77832,26639300,5.06,303.334,59.0,4136.25,17.19,3.44,0.0084056666
2023-05-05,AAPL,168.538359,171.091385,113453200,5.06,303.334,59.0,4136.25,17.19,3.44,0.0469269299
2023-05-08,AAPL,170.016946,171.022385,55962800,5.06,303.334,59.0,4138.12,16.98,3.52,-0.0004032947
2023-05-08,GOOGL,104.391256,106.96183,26511400,5.06,303.334,59.0,4138.12,16.98,3.52,0.0208393284
2023-05-08,NVDA,28.498316,29.126793,344979000,5.06,303.334,59.0,4138.12,16.98,3.52,0.016422622
2023-05-09,NVDA,28.875,28.547272,314869000,5.06,303.334,59.0,4119.17,17.71,3.53,-0.0198964981
2023-05-09,GOOGL,107.577169,106.544968,36360100,5.06,303.334,59.0,4119.17,17.71,3.53,-0.0038973014
2023-05-09,AAPL,170.578798,169.317078,45326900,5.06,303.334,59.0,4119.17,17.71,3.53,-0.0099712503
2023-05-10,AAPL,170.549246,171.081528,53724500,5.06,303.334,59.0,4137.64,16.94,3.43,0.0104209811
2023-05-10,GOOGL,107.160335,110.911987,63153400,5.06,303.334,59.0,4137.64,16.94,3.43,0.0409875731
2023-05-10,NVDA,28.980913,28.861013,369350000,5.06,303.334,59.0,4137.64,16.94,3.43,0.0109902511
2023-05-11,NVDA,28.872003,28.554266,322149000,5.06,303.334,59.0,4130.62,16.93,3.39,-0.0106284361
2023-05-11,GOOGL,114.534607,115.695831,78900000,5.06,303.334,59.0,4130.62,16.93,3.39,0.0431318932
2023-05-11,AAPL,171.367362,171.268784,49514700,5.06,303.334,59.0,4130.62,16.93,3.39,0.0010945417
2023-05-12,AAPL,171.377368,170.340942,45533100,5.06,303.334,59.0,4124.08,17.03,3.46,-0.0054174565
2023-05-12,GOOGL,115.805014,116.628792,41102300,5.06,303.334,59.0,4124.08,17.03,3.46,0.0080639077
2023-05-12,NVDA,28.505308,28.316465,274222000,5.06,303.334,59.0,4124.08,17.03,3.46,-0.0083280235
2023-05-15,NVDA,28.484327,28.928957,293926000,5.06,303.334,59.0,4136.28,17.12,3.5,0.0216302282
2023-05-15,GOOGL,115.239282,115.636284,36266800,5.06,303.334,59.0,4136.28,17.12,3.5,-0.0085099736
2023-05-15,AAPL,170.923345,169.847427,37266700,5.06,303.334,59.0,4136.28,17.12,3.5,-0.002897219
2023-05-16,AAPL,169.768459,169.847427,42110300,5.06,303.334,59.0,4109.9,17.99,3.54,0.0
2023-05-16,GOOGL,115.616435,118.613792,45035600,5.06,303.334,59.0,4109.9,17.99,3.54,0.0257489124
2023-05-16,NVDA,28.817051,29.188742,449405000,5.06,303.334,59.0,4109.9,17.99,3.54,0.0089800921
2023-05-17,NVDA,29.559434,30.152941,432535000,5.06,303.334,59.0,4158.77,16.87,3.57,0.0330332522
2023-05-17,GOOGL,118.713043,119.933815,33323600,5.06,303.334,59.0,4158.77,16.87,3.57,0.0111287444
2023-05-17,AAPL,169.492059,170.459396,57951600,5.06,303.334,59.0,4158.77,16.87,3.57,0.0036030513
2023-05-18,AAPL,170.765371,172.788895,65496700,5.06,303.334,59.0,4198.05,16.05,3.65,0.0136660011
2023-05-18,NVDA,30.384749,31.651695,748725000,5.06,303.334,59.0,4198.05,16.05,3.65,0.0497050856
2023-05-19,NVDA,31.509813,31.238039,473908000,5.06,303.334,59.0,4191.98,16.81,3.7,-0.0130690073
2023-05-19,GOOGL,122.623501,121.839424,41353400,5.06,303.334,59.0,4191.98,16.81,3.7,-0.0005698786
2023-05-19,AAPL,174.111615,172.897507,55809500,5.06,303.334,59.0,4191.98,16.81,3.7,0.0006285824
2023-05-22,AAPL,171.732731,171.94989,43570900,5.06,303.334,59.0,4192.63,17.21,3.72,-0.0054807996
2023-05-22,GOOGL,122.018059,124.112236,35253000,5.06,303.334,59.0,4192.63,17.21,3.72,0.0186541582
2023-05-22,NVDA,30.875335,31.150108,372000000,5.06,303.334,59.0,4192.63,17.21,3.72,-0.0028148591
2023-05-23,NVDA,30.974259,30.662518,356253000,5.06,303.334,59.0,4145.58,18.53,3.7,-0.0156529404
2023-05-23,GOOGL,123.228915,121.640907,34046300,5.06,303.334,59.0,4145.58,18.53,3.7,-0.0199120475
2023-05-23,AAPL,170.893707,169.343979,50747300,5.06,303.334,59.0,4145.58,18.53,3.7,-0.0151550621
2023-05-24,AAPL,168.880049,169.620361,45143500,5.06,303.334,59.0,4115.24,20.03,3.73,0.0016320772
2023-05-24,GOOGL,120.211714,119.993362,34182600,5.06,303.334,59.0,4115.24,20.03,3.73,-0.0135443322
2023-05-24,NVDA,30.184911,30.51264,721419000,5.06,303.334,59.0,4115.24,20.03,3.73,-0.0048879727
2023-05-25,NVDA,38.491008,37.94846,1543911000,5.06,303.334,59.0,4151.28,19.14,3.83,0.2436963706
2023-05-25,GOOGL,123.58621,122.554016,42317000,5.06,303.334,59.0,4151.28,19.14,3.83,0.0213399611
2023-05-25,AAPL,170.183029,170.755539,56058300,5.06,303.334,59.0,4151.28,19.14,3.83,0.0066924608
2023-05-26,AAPL,171.08127,173.164001,54835000,5.06,303.334,59.0,4205.45,17.95,3.8,0.0141047403
2023-05-26,GOOGL,122.246348,123.675552,35635900,5.06,303.334,59.0,4205.45,17.95,3.8,0.0091513627
2023-05-26,NVDA,37.858535,38.913658,714397000,5.06,303.334,59.0,4205.45,17.95,3.8,0.0254344584
2023-05-30,NVDA,40.561293,40.077694,923401000,5.06,303.334,59.0,4205.52,17.46,3.69,0.0299132966
2023-05-30,GOOGL,124.69782,122.742592,35076700,5.06,303.334,59.0,4205.52,17.46,3.69,-0.007543613
2023-05-30,AAPL,174.674237,175.009842,55964400,5.06,303.334,59.0,4205.52,17.46,3.69,0.010659493
2023-05-31,AAPL,175.039479,174.96051,99625300,5.06,303.334,59.0,4179.83,17.94,3.64,-0.0002818794
2023-05-31,GOOGL,121.82949,121.948593,37325800,5.06,303.334,59.0,4179.83,17.94,3.64,-0.0064688117
2023-05-31,NVDA,39.455204,37.802578,1002580000,5.06,303.334,59.0,4179.83,17.94,3.64,-0.0567676366
2023-06-01,NVDA,38.457042,39.73698,635873000,5.08,304.014,64.2,4221.02,15.65,3.61,0.0511711785
2023-06-01,GOOGL,121.898969,122.792221,30772700,5.08,304.014,64.2,4221.02,15.65,3.61,0.006917898
2023-06-01,AAPL,175.404681,177.763809,68901800,5.08,304.014,64.2,4221.02,15.65,3.61,0.0160224667
2023-06-02,AAPL,178.691655,178.612686,61996900,5.08,304.014,64.2,4282.37,14.6,3.69,0.0047753081
2023-06-02,GOOGL,123.060191,123.735092,26980100,5.08,304.014,64.2,4282.37,14.6,3.69,0.0076785898
2023-06-02,NVDA,40.063699,39.294338,482731000,5.08,304.014,64.2,4282.37,14.6,3.69,-0.0111393017
2023-06-05,NVDA,38.87669,39.138474,396094000,5.08,304.014,64.2,4273.79,14.73,3.69,-0.0039665947
2023-06-05,GOOGL,123.080039,125.065041,32305500,5.08,304.014,64.2,4273.79,14.73,3.69,0.0107483528
2023-06-05,AAPL,180.271013,177.260406,121946500,5.08,304.014,64.2,4273.79,14.73,3.69,-0.0075710169
2023-06-06,AAPL,177.64535,176.895172,64848400,5.08,304.014,64.2,4283.85,13.96,3.7,-0.0020604397
2023-06-06,GOOGL,125.065047,126.355293,26638300,5.08,304.014,64.2,4283.85,13.96,3.7,0.0103166535
2023-06-06,NVDA,38.797759,38.621902,388729000,5.08,304.014,64.2,4283.85,13.96,3.7,-0.0131985486
2023-06-07,NVDA,38.886702,37.447746,511998000,5.08,304.014,64.2,4267.52,13.94,3.79,-0.0304013038
2023-06-07,GOOGL,126.017848,121.581367,52539000,5.08,304.014,64.2,4267.52,13.94,3.79,-0.0377817633
2023-06-07,AAPL,176.135119,175.523132,61944600,5.08,304.014,64.2,4267.52,13.94,3.79,-0.0077562309
2023-06-08,AAPL,175.602085,178.23761,50214900,5.08,304.014,64.2,4293.93,13.65,3.73,0.0154650701
2023-06-08,GOOGL,121.313397,121.224068,29389200,5.08,304.014,64.2,4293.93,13.65,3.73,-0.0029387711
2023-06-08,NVDA,37.696574,38.482002,417772000,5.08,304.014,64.2,4293.93,13.65,3.73,0.0276186442
2023-06-09,NVDA,39.008614,38.74181,427717000,5.08,304.014,64.2,4298.86,13.83,3.75,0.0067514051
2023-06-09,GOOGL,121.333239,121.313393,23778300,5.08,304.014,64.2,4298.86,13.83,3.75,0.0007368582
2023-06-09,AAPL,179.155577,178.622559,48900000,5.08,304.014,64.2,4298.86,13.83,3.75,0.0021597503
2023-06-12,GOOGL,121.869182,122.712807,28306400,5.08,304.014,64.2,4338.93,15.01,3.73,0.0115355282
2023-06-12,NVDA,39.171496,39.453289,388701000,5.08,304.014,64.2,4338.93,15.01,3.73,0.0183646347
2023-06-13,NVDA,40.156793,40.992184,613208000,5.08,304.014,64.2,4369.01,14.61,3.84,0.0390054845
2023-06-13,GOOGL,124.042768,122.90139,22278300,5.08,304.014,64.2,4369.01,14.61,3.84,0.0015367864
2023-06-13,AAPL,180.438793,180.9422,54929100,5.08,304.014,64.2,4369.01,14.61,3.84,-0.0026117645
2023-06-14,AAPL,181.001419,181.573929,57462900,5.08,304.014,64.2,4372.59,13.88,3.83,0.0034913311
2023-06-14,GOOGL,122.176867,122.742592,30592300,5.08,304.014,64.2,4372.59,13.88,3.83,-0.0012920783
2023-06-14,NVDA,40.794323,42.965744,740465000,5.08,304.014,64.2,4372.59,13.88,3.83,0.0481447963
2023-06-15,NVDA,42.571032,42.621994,568622000,5.08,304.014,64.2,4425.84,14.5,3.72,-0.0080005597
2023-06-15,GOOGL,122.216573,124.151947,35246300,5.08,304.014,64.2,4425.84,14.5,3.72,0.0114822014
2023-06-15,AAPL,181.583852,183.607361,65433200,5.08,304.014,64.2,4425.84,14.5,3.72,0.0111989206
2023-06-16,AAPL,184.318036,182.531418,101256200,5.08,304.014,64.2,4409.59,13.54,3.77,-0.005860021
2023-06-16,GOOGL,124.985641,122.603638,45535600,5.08,304.014,64.2,4409.59,13.54,3.77,-0.0124710837
2023-06-16,NVDA,43.418409,42.660961,655709000,5.08,304.014,64.2,4409.59,13.54,3.77,0.0009142494
2023-06-20,NVDA,42.966741,43.77615,451153000,5.08,304.014,64.2,4388.71,13.88,3.74,0.0261407284
2023-06-20,GOOGL,122.008141,122.176865,26097500,5.08,304.014,64.2,4388.71,13.88,3.74,-0.0034809169
2023-06-20,AAPL,182.028014,182.620255,49799100,5.08,304.014,64.2,4388.71,13.88,3.74,0.0004866925
2023-06-21,AAPL,182.511677,181.583832,49515700,5.08,304.014,64.2,4365.69,13.2,3.72,-0.005675289
2023-06-21,GOOGL,121.482114,119.645988,30306300,5.08,304.014,64.2,4365.69,13.2,3.72,-0.020714856
2023-06-21,NVDA,43.469372,43.013702,551603000,5.08,304.014,64.2,4365.69,13.2,3.72,-0.0174169579
2023-06-22,NVDA,42.222279,42.993721,417737000,5.08,304.014,64.2,4381.89,12.91,3.8,-0.0004645353
2023-06-22,GOOGL,119.100107,122.226486,26952200,5.08,304.014,64.2,4381.89,12.91,3.8,0.0215677749
2023-06-22,AAPL,181.366663,184.584549,51245300,5.08,304.014,64.2,4381.89,12.91,3.8,0.0165252442
2023-06-23,AAPL,183.153253,184.268646,53117000,5.08,304.014,64.2,4348.33,13.44,3.74,-0.0017114255
2023-06-23,GOOGL,120.469754,121.422554,34913600,5.08,304.014,64.2,4348.33,13.44,3.74,-0.0065773975
2023-06-23,NVDA,42.433126,42.17831,358140000,5.08,304.014,64.2,4348.33,13.44,3.74,-0.018965807
2023-06-26,NVDA,42.430124,40.602455,594322000,5.08,304.014,64.2,4328.82,14.25,3.72,-0.0373617445
2023-06-26,GOOGL,119.854403,117.452545,33969900,5.08,304.014,64.2,4328.82,14.25,3.72,-0.0326958108
2023-06-26,AAPL,184.416739,182.876892,48088700,5.08,304.014,64.2,4328.82,14.25,3.72,-0.0075528538
2023-06-27,AAPL,183.488921,185.63089,50730800,5.08,304.014,64.2,4378.41,13.74,3.77,0.015059299
2023-06-27,NVDA,40.769341,41.845558,462175000,5.08,304.014,64.2,4378.41,13.74,3.77,0.0306164497
2023-06-28,NVDA,40.630444,41.087112,582639000,5.08,304.014,64.2,4376.86,13.43,3.71,-0.0181248805
2023-06-28,GOOGL,116.211931,119.278763,27091400,5.08,304.014,64.2,4376.86,13.43,3.71,0.0156341902
2023-06-28,AAPL,185.502569,186.805527,51216800,5.08,304.014,64.2,4376.86,13.43,3.71,0.0063278091
2023-06-29,AAPL,186.637691,187.141098,46347300,5.08,304.014,64.2,4396.44,13.54,3.85,0.001796367
2023-06-29,GOOGL,118.345805,118.206856,24090900,5.08,304.014,64.2,4396.44,13.54,3.85,-0.0089865708
2023-06-29,NVDA,41.527781,40.792316,380514000,5.08,304.014,64.2,4396.44,13.54,3.85,-0.0071749016
2023-06-30,NVDA,41.649698,42.271244,501148000,5.08,304.014,64.2,4450.38,13.59,3.81,0.0362550534
2023-06-30,GOOGL,119.268837,118.802361,29532200,5.08,304.014,64.2,4450.38,13.59,3.81,0.0050378191
2023-06-30,AAPL,189.154737,191.464508,85213200,5.08,304.014,64.2,4450.38,13.59,3.81,0.0231024082
2023-07-03,AAPL,191.276971,189.97403,31458200,5.08,304.014,64.2,4455.59,13.57,3.86,-0.0077846204
2023-07-03,GOOGL,118.345815,119.00087,14467900,5.08,304.014,64.2,4455.59,13.57,3.86,0.0016709198
2023-07-03,NVDA,42.486088,42.382164,198209000,5.08,304.014,64.2,4455.59,13.57,3.86,0.0026240049
2023-07-05,NVDA,42.104373,42.286243,323618000,5.08,304.014,64.2,4446.82,14.18,3.95,-0.0022632295
2023-07-05,GOOGL,118.345811,120.83699,27584800,5.08,304.014,64.2,4446.82,14.18,3.95,0.0154294721
2023-07-05,AAPL,189.095533,188.858627,46920300,5.08,304.014,64.2,4446.82,14.18,3.95,-0.0058713405
2023-07-06,AAPL,187.387888,189.332443,45094300,5.08,304.014,64.2,4411.59,15.44,4.05,0.0025088391
2023-07-06,GOOGL,118.901617,119.20929,24745200,5.08,304.014,64.2,4411.59,15.44,4.05,-0.0134702197
2023-07-06,NVDA,41.813585,42.072395,303582000,5.08,304.014,64.2,4411.59,15.44,4.05,-0.0050571556
2023-07-07,NVDA,42.291235,42.472103,355881000,5.08,304.014,64.2,4398.95,14.83,4.06,0.0095004763
2023-07-07,GOOGL,119.199361,118.584015,21709500,5.08,304.014,64.2,4398.95,14.83,4.06,-0.005245184
2023-07-07,AAPL,188.937607,188.217026,46815000,5.08,304.014,64.2,4398.95,14.83,4.06,-0.0058913172
2023-07-10,AAPL,186.815365,186.173767,59922200,5.08,304.014,64.2,4409.53,15.07,4.01,-0.0108558652
2023-07-10,GOOGL,117.412862,115.576729,35315200,5.08,304.014,64.2,4409.53,15.07,4.01,-0.0253599617
2023-07-10,NVDA,42.625992,42.149338,353908000,5.08,304.014,64.2,4409.53,15.07,4.01,-0.0075994671
2023-07-11,NVDA,42.450113,42.374168,298244000,5.08,304.014,64.2,4439.26,14.84,3.99,0.0053341438
2023-07-11,GOOGL,115.417942,116.261566,23078800,5.08,304.014,64.2,4439.26,14.84,3.99,0.0059253913
2023-07-11,AAPL,186.716656,185.650604,46638100,5.08,304.014,64.2,4439.26,14.84,3.99,-0.0028100782
2023-07-12,AAPL,187.229922,187.318771,60750200,5.08,304.014,64.2,4472.16,13.54,3.86,0.0089855194
2023-07-12,GOOGL,117.909117,118.038139,30404400,5.08,304.014,64.2,4472.16,13.54,3.86,0.0152808296
2023-07-12,NVDA,43.001711,43.870079,481277000,5.08,304.014,64.2,4472.16,13.54,3.86,0.0353024189
2023-07-13,NVDA,44.485638,45.943577,478204000,5.08,304.014,64.2,4510.04,13.61,3.76,0.0472645096
2023-07-13,GOOGL,120.023142,123.606071,44297900,5.08,304.014,64.2,4510.04,13.61,3.76,0.0471706193
2023-07-14,AAPL,187.772818,188.226883,41616200,5.08,304.014,64.2,4505.42,13.34,3.83,0.000787202
2023-07-14,GOOGL,123.864116,124.479462,33283100,5.08,304.014,64.2,4505.42,13.34,3.83,0.0070659166
2023-07-14,NVDA,46.549132,45.435944,772075000,5.08,304.014,64.2,4505.42,13.34,3.83,-0.0110490572
2023-07-17,NVDA,46.255344,46.427216,510488000,5.08,304.014,64.2,4522.79,13.48,3.81,0.0218169118
2023-07-17,GOOGL,124.995575,123.715248,25716200,5.08,304.014,64.2,4522.79,13.48,3.81,-0.0061392743
2023-07-17,AAPL,189.421253,191.484268,50520200,5.08,304.014,64.2,4522.79,13.48,3.81,0.0173056325
2023-07-18,AAPL,190.852504,191.227585,48288200,5.08,304.014,64.2,4554.98,13.3,3.8,-0.0013404931
2023-07-18,GOOGL,123.665606,122.831909,26193600,5.08,304.014,64.2,4554.98,13.3,3.8,-0.0071400975
2023-07-18,NVDA,46.667054,47.459476,569164000,5.08,304.014,64.2,4554.98,13.3,3.8,0.0222339609
2023-07-19,NVDA,47.429494,47.042774,427502000,5.08,304.014,64.2,4565.72,13.76,3.75,-0.00878017
2023-07-19,GOOGL,123.665618,121.114891,37224000,5.08,304.014,64.2,4565.72,13.76,3.75,-0.0139786
2023-07-19,AAPL,190.605774,192.579941,80507300,5.08,304.014,64.2,4565.72,13.76,3.75,0.0070719711
2023-07-20,AAPL,192.570035,190.635361,59581200,5.08,304.014,64.2,4534.87,13.99,3.85,-0.0100975214
2023-07-20,GOOGL,120.50946,118.306107,37906800,5.08,304.014,64.2,4534.87,13.99,3.85,-0.0231910747
2023-07-20,NVDA,46.473186,45.486904,537865000,5.08,304.014,64.2,4534.87,13.99,3.85,-0.0330735184
2023-07-21,NVDA,45.754708,44.276783,963769000,5.08,304.014,64.2,4536.34,13.6,3.84,-0.0266037264
2023-07-21,GOOGL,119.715479,119.119972,72937900,5.08,304.014,64.2,4536.34,13.6,3.84,0.0068793208
2023-07-21,AAPL,191.592858,189.460754,71951700,5.08,304.014,64.2,4536.34,13.6,3.84,-0.0061615343
2023-07-24,AAPL,190.911778,190.2603,45377800,5.08,304.014,64.2,4554.64,13.91,3.86,0.0042201103
2023-07-24,GOOGL,120.747667,120.618637,29686100,5.08,304.014,64.2,4554.64,13.91,3.86,0.0125811384
2023-07-24,NVDA,44.698476,44.579563,382516000,5.08,304.014,64.2,4554.64,13.91,3.86,0.0068383503
2023-07-25,NVDA,44.908328,45.64579,348081000,5.08,304.014,64.2,4567.46,13.86,3.91,0.0239173936
2023-07-25,GOOGL,120.449924,121.293549,52509600,5.08,304.014,64.2,4567.46,13.86,3.91,0.0055954164
2023-07-25,AAPL,190.832802,191.119049,37283200,5.08,304.014,64.2,4567.46,13.86,3.91,0.0045135501
2023-07-26,AAPL,191.16839,191.987671,47471900,5.08,304.014,64.2,4566.75,13.19,3.86,0.0045449254
2023-07-26,GOOGL,129.094617,128.300613,61682100,5.08,304.014,64.2,4566.75,13.19,3.86,0.0577694766
2023-07-26,NVDA,45.987547,45.418961,364237000,5.08,304.014,64.2,4566.75,13.19,3.86,-0.0049693417
2023-07-27,NVDA,46.48518,45.866631,455976000,5.08,304.014,64.2,4537.41,14.41,4.01,0.0098564559
2023-07-27,GOOGL,130.682608,128.429626,44952100,5.08,304.014,64.2,4537.41,14.41,4.01,0.001005553
2023-07-27,AAPL,193.488049,190.724213,47460200,5.08,304.014,64.2,4537.41,14.41,4.01,-0.0065809343
2023-07-28,AAPL,192.155486,193.300507,48291400,5.08,304.014,64.2,4582.23,13.33,3.96,0.0135079543
2023-07-28,GOOGL,129.79925,131.585754,36591200,5.08,304.014,64.2,4582.23,13.33,3.96,0.0245747653
2023-07-28,NVDA,46.634074,46.716015,331194000,5.08,304.014,64.2,4582.23,13.33,3.96,0.0185185678
2023-07-31,NVDA,46.720002,46.695019,251055000,5.08,304.014,64.2,4588.96,13.63,3.97,-0.000449441
2023-07-31,GOOGL,131.734636,131.724716,28055500,5.08,304.014,64.2,4588.96,13.63,3.97,0.001056055
2023-07-31,AAPL,193.527529,193.912491,38824100,5.08,304.014,64.2,4588.96,13.63,3.97,0.0031659734
2023-08-01,AAPL,193.705226,193.083359,35175100,5.33,306.082,69.4,4576.73,13.93,4.05,-0.0042758054
2023-08-01,GOOGL,129.799292,130.563522,23166800,5.33,306.082,69.4,4576.73,13.93,4.05,-0.0088153073
2023-08-01,NVDA,46.42622,46.473186,237858000,5.33,306.082,69.4,4576.73,13.93,4.05,-0.0047506625
2023-08-02,NVDA,45.797685,44.23682,530142000,5.33,306.082,69.4,4513.39,16.09,4.08,-0.0481216469
2023-08-02,GOOGL,128.47925,127.417282,26273300,5.33,306.082,69.4,4513.39,16.09,4.08,-0.0240973909
2023-08-02,AAPL,192.520731,190.092514,50389300,5.33,306.082,69.4,4513.39,16.09,4.08,-0.0154899145
2023-08-03,AAPL,189.095511,188.700668,61235200,5.33,306.082,69.4,4501.89,15.92,4.2,-0.0073219385
2023-08-03,GOOGL,127.010352,127.486748,20089500,5.33,306.082,69.4,4501.89,15.92,4.2,0.0005451822
2023-08-03,NVDA,43.768159,44.482639,324176000,5.33,306.082,69.4,4501.89,15.92,4.2,0.0055568888
2023-08-04,NVDA,44.952297,44.647518,362666000,5.33,306.082,69.4,4478.03,17.1,4.05,0.0037065886
2023-08-04,GOOGL,128.310516,127.149292,26147200,5.33,306.082,69.4,4478.03,17.1,4.05,-0.0026469869
2023-08-04,AAPL,183.123654,179.639252,115956800,5.33,306.082,69.4,4478.03,17.1,4.05,-0.0480200558
2023-08-07,AAPL,179.777441,176.53981,97576100,5.33,306.082,69.4,4518.44,15.77,4.09,-0.0172536987
2023-08-07,GOOGL,128.191403,130.543625,22746300,5.33,306.082,69.4,4518.44,15.77,4.09,0.0266956491
2023-08-07,NVDA,45.078203,45.38398,322154000,5.33,306.082,69.4,4518.44,15.77,4.09,0.0164950185
2023-08-08,NVDA,44.820396,44.631535,353843000,5.33,306.082,69.4,4499.38,15.99,4.02,-0.0165795337
2023-08-08,GOOGL,129.640493,130.414642,23535200,5.33,306.082,69.4,4499.38,15.99,4.02,-0.0009880417
2023-08-08,AAPL,177.368975,177.477554,67823000,5.33,306.082,69.4,4499.38,15.99,4.02,0.0053117999
2023-08-09,AAPL,178.533743,175.888367,60378500,5.33,306.082,69.4,4467.71,15.96,4.0,-0.008954302
2023-08-09,GOOGL,130.67267,128.687668,24912900,5.33,306.082,69.4,4467.71,15.96,4.0,-0.0132421824
2023-08-09,NVDA,44.241811,42.523064,586449000,5.33,306.082,69.4,4467.71,15.96,4.0,-0.0472417302
2023-08-10,NVDA,42.129354,42.357189,492705000,5.33,306.082,69.4,4468.83,15.85,4.09,-0.0039008121
2023-08-10,GOOGL,130.335234,128.717453,20857800,5.33,306.082,69.4,4468.83,15.85,4.09,0.0002314531
2023-08-10,AAPL,177.161663,175.671173,54686900,5.33,306.082,69.4,4468.83,15.85,4.09,-0.0012348378
2023-08-11,AAPL,175.265988,175.73053,52036700,5.33,306.082,69.4,4464.05,14.84,4.16,0.0003378852
2023-08-11,GOOGL,127.69518,128.588425,19591100,5.33,306.082,69.4,4464.05,14.84,4.16,-0.0010024151
2023-08-11,NVDA,41.720651,40.825302,533085000,5.33,306.082,69.4,4464.05,14.84,4.16,-0.036165928
2023-08-14,NVDA,40.456572,43.721195,690286000,5.33,306.082,69.4,4489.72,14.82,4.19,0.0709337824
2023-08-14,GOOGL,128.4197,130.345154,24695600,5.33,306.082,69.4,4489.72,14.82,4.19,0.0136616428
2023-08-14,AAPL,175.908404,177.381149,43675600,5.33,306.082,69.4,4489.72,14.82,4.19,0.0093929012
2023-08-15,AAPL,176.807867,175.394424,43622600,5.33,306.082,69.4,4437.86,16.46,4.21,-0.0112003156
2023-08-15,GOOGL,130.116887,128.806778,19770700,5.33,306.082,69.4,4437.86,16.46,4.21,-0.0118023249
2023-08-15,NVDA,44.527606,43.908054,676512000,5.33,306.082,69.4,4437.86,16.46,4.21,0.0042738797
2023-08-16,NVDA,44.487632,43.454384,527451000,5.33,306.082,69.4,4404.33,16.78,4.28,-0.0103322843
2023-08-16,GOOGL,127.734871,127.734871,25216100,5.33,306.082,69.4,4404.33,16.78,4.28,-0.0083218217
2023-08-16,AAPL,175.078138,174.524628,46964900,5.33,306.082,69.4,4404.33,16.78,4.28,-0.0049590901
2023-08-17,AAPL,175.088016,171.98439,66062900,5.33,306.082,69.4,4370.36,17.89,4.3,-0.0145551803
2023-08-17,GOOGL,128.826644,128.94574,33446300,5.33,306.082,69.4,4370.36,17.89,4.3,0.009479548
2023-08-17,NVDA,43.938033,43.312489,452395000,5.33,306.082,69.4,4370.36,17.89,4.3,-0.003265385
2023-08-18,NVDA,42.604002,43.267521,583768000,5.33,306.082,69.4,4369.71,17.3,4.26,-0.0010382144
2023-08-18,GOOGL,127.546287,126.504166,30504800,5.33,306.082,69.4,4369.71,17.3,4.26,-0.0189348954
2023-08-18,AAPL,170.304116,172.46875,61172200,5.33,306.082,69.4,4369.71,17.3,4.26,0.0028163006
2023-08-21,AAPL,173.042016,173.803085,46311900,5.33,306.082,69.4,4399.77,17.13,4.34,0.0077366788
2023-08-21,GOOGL,126.22627,127.407341,25248700,5.33,306.082,69.4,4399.77,17.13,4.34,0.007139491
2023-08-21,NVDA,44.461652,46.932854,692573000,5.33,306.082,69.4,4399.77,17.13,4.34,0.0847132611
2023-08-22,NVDA,48.100006,45.6348,755293000,5.33,306.082,69.4,4387.55,16.97,4.34,-0.0276576777
2023-08-22,GOOGL,127.546297,128.11203,22054900,5.33,306.082,69.4,4387.55,16.97,4.34,0.0055309923
2023-08-22,AAPL,175.008958,175.176987,42038900,5.33,306.082,69.4,4387.55,16.97,4.34,0.0079049308
2023-08-23,AAPL,176.452054,179.021927,52722800,5.33,306.082,69.4,4436.01,15.98,4.19,0.0219488887
2023-08-23,GOOGL,129.20377,131.37735,27819700,5.33,306.082,69.4,4436.01,15.98,4.19,0.0254880031
2023-08-23,NVDA,45.832658,47.081749,779046000,5.33,306.082,69.4,4436.01,15.98,4.19,0.0317071403
2023-08-24,NVDA,50.179494,47.128712,1156044000,5.33,306.082,69.4,4376.31,17.2,4.23,0.0009974722
2023-08-24,GOOGL,132.945505,128.806778,28500700,5.33,306.082,69.4,4376.31,17.2,4.23,-0.0195663248
2023-08-24,AAPL,178.577136,174.336838,54945800,5.33,306.082,69.4,4376.31,17.2,4.23,-0.0261704764
2023-08-25,AAPL,175.325238,176.540985,51449600,5.33,306.082,69.4,4405.71,15.68,4.25,0.0126430384
2023-08-25,GOOGL,128.568559,128.906021,26762900,5.33,306.082,69.4,4405.71,15.68,4.25,0.0007704809
2023-08-25,NVDA,46.977824,45.984547,925341000,5.33,306.082,69.4,4405.71,15.68,4.25,-0.0242774521
2023-08-28,NVDA,46.448205,46.800949,685192000,5.33,306.082,69.4,4433.31,15.08,4.2,0.0177538433
2023-08-28,GOOGL,130.325265,130.027512,20543300,5.33,306.082,69.4,4433.31,15.08,4.2,0.0087000628
2023-08-28,AAPL,178.003859,178.102707,43820700,5.33,306.082,69.4,4433.31,15.08,4.2,0.008846228
2023-08-29,AAPL,177.618355,181.987152,53003900,5.33,306.082,69.4,4497.63,14.45,4.12,0.0218101412
2023-08-29,GOOGL,131.248323,133.560852,43075600,5.33,306.082,69.4,4497.63,14.45,4.12,0.0271737912
2023-08-29,NVDA,46.632071,48.748531,701397000,5.33,306.082,69.4,4497.63,14.45,4.12,0.0416141613
2023-08-30,NVDA,49.008342,49.228184,735206000,5.33,306.082,69.4,4514.87,13.88,4.12,0.0098393201
2023-08-30,GOOGL,133.769266,134.861023,28315800,5.33,306.082,69.4,4514.87,13.88,4.12,0.0097346706
2023-08-30,AAPL,182.797658,185.476257,60813900,5.33,306.082,69.4,4514.87,13.88,4.12,0.0191722613
2023-08-31,AAPL,185.664074,185.693726,60794500,5.33,306.082,69.4,4507.66,13.57,4.09,0.0011724857
2023-08-31,GOOGL,134.990046,135.148849,30053800,5.33,306.082,69.4,4507.66,13.57,4.09,0.0021342455
2023-08-31,NVDA,49.344109,49.319126,528570000,5.33,306.082,69.4,4507.66,13.57,4.09,0.0018473642
2023-09-01,NVDA,49.725819,48.473728,463830000,5.33,307.276,67.8,4515.77,13.09,4.18,-0.0171413814
2023-09-01,GOOGL,136.429174,134.64267,21543700,5.33,307.276,67.8,4515.77,13.09,4.18,-0.0037453505
2023-09-01,AAPL,187.294956,187.265305,45766500,5.33,307.276,67.8,4515.77,13.09,4.18,0.0084632853
2023-09-05,AAPL,186.098969,187.502518,45280000,5.33,307.276,67.8,4496.83,14.01,4.27,0.0012667223
2023-09-05,GOOGL,134.42435,134.751877,19403100,5.33,307.276,67.8,4496.83,14.01,4.27,0.0008110887
2023-09-05,NVDA,48.187935,48.512699,382653000,5.33,307.276,67.8,4496.83,14.01,4.27,0.0008039602
2023-09-06,NVDA,48.409766,47.030655,468670000,5.33,307.276,67.8,4465.48,14.45,4.3,-0.0305496137
2023-09-06,GOOGL,134.999974,133.451675,18684500,5.33,307.276,67.8,4465.48,14.45,4.3,-0.0096488557
2023-09-06,AAPL,186.217578,180.791183,81755800,5.33,307.276,67.8,4465.48,14.45,4.3,-0.0357933019
2023-09-07,AAPL,173.150739,175.503174,112488800,5.33,307.276,67.8,4451.14,14.4,4.27,-0.0292492673
2023-09-07,GOOGL,132.588192,134.245667,18844300,5.33,307.276,67.8,4451.14,14.4,4.27,0.0059496525
2023-09-07,NVDA,45.495651,46.211189,433330000,5.33,307.276,67.8,4451.14,14.4,4.27,-0.0174240745
2023-09-08,NVDA,45.912382,45.542618,473069000,5.33,307.276,67.8,4457.49,13.84,4.26,-0.01446774
2023-09-08,GOOGL,133.898292,135.357269,23558300,5.33,307.276,67.8,4457.49,13.84,4.26,0.0082803625
2023-09-08,AAPL,176.284011,176.115967,65551300,5.33,307.276,67.8,4457.49,13.84,4.26,0.0034916347
2023-09-11,AAPL,177.984116,177.282333,58953100,5.33,307.276,67.8,4487.46,13.8,4.29,0.0066227191
2023-09-11,GOOGL,135.516079,135.893234,20763400,5.33,307.276,67.8,4487.46,13.8,4.29,0.0039596319
2023-09-11,NVDA,46.118248,45.148876,473966000,5.33,307.276,67.8,4487.46,13.8,4.29,-0.0086455638
2023-09-12,NVDA,44.709153,44.841068,349256000,5.33,307.276,67.8,4461.9,14.23,4.27,-0.0068176209
2023-09-12,GOOGL,135.238172,134.325073,18405500,5.33,307.276,67.8,4461.9,14.23,4.27,-0.0115396548
2023-09-12,AAPL,177.410801,174.257751,90370200,5.33,307.276,67.8,4461.9,14.23,4.27,-0.0170608196
2023-09-13,AAPL,174.465331,172.191986,84267900,5.33,307.276,67.8,4467.44,13.48,4.25,-0.0118546542
2023-09-13,GOOGL,134.076953,135.684814,20749500,5.33,307.276,67.8,4467.44,13.48,4.25,0.0101227655
2023-09-13,NVDA,44.571249,45.455681,398355000,5.33,307.276,67.8,4467.44,13.48,4.25,0.013706466
2023-09-14,NVDA,45.920378,45.551617,370097000,5.33,307.276,67.8,4505.1,12.82,4.29,0.0021105354
2023-09-14,GOOGL,136.568142,137.064392,24751000,5.33,307.276,67.8,4505.1,12.82,4.29,0.0101675168
2023-09-14,AAPL,171.984435,173.704285,60895800,5.33,307.276,67.8,4505.1,12.82,4.29,0.0087826305
2023-09-15,AAPL,174.435669,172.982697,109259500,5.33,307.276,67.8,4450.32,13.79,4.33,-0.0041541182
2023-09-15,GOOGL,136.945281,136.369629,38919600,5.33,307.276,67.8,4450.32,13.79,4.33,-0.0050688817
2023-09-15,NVDA,45.311765,43.871696,506831000,5.33,307.276,67.8,4450.32,13.79,4.33,-0.0368794857
2023-09-18,NVDA,42.720447,43.93766,500271000,5.33,307.276,67.8,4453.53,14.0,4.32,0.0015035604
2023-09-18,GOOGL,135.585546,137.173553,21861300,5.33,307.276,67.8,4453.53,14.0,4.32,0.0058951877
2023-09-18,AAPL,174.435686,175.908432,67257600,5.33,307.276,67.8,4453.53,14.0,4.32,0.0169134574
2023-09-19,AAPL,175.463619,176.995667,51826900,5.33,307.276,67.8,4443.95,14.11,4.37,0.0061806844
2023-09-19,GOOGL,136.389461,137.004807,20353700,5.33,307.276,67.8,4443.95,14.11,4.37,-0.0012301712
2023-09-20,NVDA,43.571892,42.211769,367108000,5.33,307.276,67.8,4402.2,15.14,4.35,-0.0294347448
2023-09-20,GOOGL,137.044526,132.737076,29927500,5.33,307.276,67.8,4402.2,15.14,4.35,-0.0311502262
2023-09-20,AAPL,177.183456,173.457138,58436200,5.33,307.276,67.8,4402.2,15.14,4.35,-0.0199921756
2023-09-21,AAPL,172.528066,171.915237,63149100,5.33,307.276,67.8,4330.0,17.54,4.49,-0.0088892314
2023-09-21,GOOGL,130.454339,129.461838,31503900,5.33,307.276,67.8,4330.0,17.54,4.49,-0.0246746285
2023-09-21,NVDA,41.556196,40.990559,450736000,5.33,307.276,67.8,4330.0,17.54,4.49,-0.0289305686
2023-09-22,NVDA,41.545198,41.583176,479236000,5.33,307.276,67.8,4320.06,17.2,4.44,0.0144574032
2023-09-22,GOOGL,129.779424,129.273254,26397300,5.33,307.276,67.8,4320.06,17.2,4.44,-0.0014566715
2023-09-22,AAPL,172.646669,172.765274,56725400,5.33,307.276,67.8,4320.06,17.2,4.44,0.0049445101
2023-09-25,AAPL,172.182071,174.040298,46172700,5.33,307.276,67.8,4337.44,16.9,4.55,0.0073800966
2023-09-25,GOOGL,128.856416,130.126816,20094600,5.33,307.276,67.8,4337.44,16.9,4.55,0.0066027687
2023-09-25,NVDA,41.564189,42.194782,419091000,5.33,307.276,67.8,4337.44,16.9,4.55,0.0147080301
2023-09-26,NVDA,41.973926,41.883984,402282000,5.33,307.276,67.8,4273.53,18.94,4.56,-0.0073658075
2023-09-26,GOOGL,128.796864,127.605865,25718700,5.33,307.276,67.8,4273.53,18.94,4.56,-0.019373027
2023-09-26,AAPL,172.794934,169.968063,64588900,5.33,307.276,67.8,4273.53,18.94,4.56,-0.023398231
2023-09-27,AAPL,170.620399,168.455765,66921800,5.33,307.276,67.8,4274.51,18.22,4.61,-0.0088975455
2023-09-27,NVDA,42.302709,42.440617,444935000,5.33,307.276,67.8,4274.51,18.22,4.61,0.0132898771
2023-09-28,NVDA,42.432622,43.061218,424663000,5.33,307.276,67.8,4299.7,17.34,4.59,0.0146228237
2023-09-28,GOOGL,128.866331,131.31781,22513100,5.33,307.276,67.8,4299.7,17.34,4.59,0.0135591999
2023-09-28,AAPL,167.378385,168.712753,56294400,5.33,307.276,67.8,4299.7,17.34,4.59,0.0015255549
2023-09-29,AAPL,170.027345,169.22673,51861100,5.33,307.276,67.8,4288.05,17.52,4.59,0.0030464623
2023-09-29,GOOGL,132.280528,129.878677,30859800,5.33,307.276,67.8,4288.05,17.52,4.59,-0.0109591585
2023-09-29,NVDA,43.798746,43.470959,397830000,5.33,307.276,67.8,4288.05,17.52,4.59,0.0095153009
2023-10-02,NVDA,44.00161,44.753128,433298000,5.33,307.276,67.8,4288.39,17.61,4.69,0.0294948485
2023-10-02,GOOGL,130.226055,133.163849,22288000,5.33,307.276,67.8,4288.39,17.61,4.69,0.0252941559
2023-10-02,AAPL,169.236583,171.737274,52164500,5.33,307.276,67.8,4288.39,17.61,4.69,0.0148353857
2023-10-03,AAPL,170.264561,170.402939,49594600,5.33,307.276,67.8,4229.45,19.78,4.81,-0.0077696315
2023-10-03,GOOGL,132.935591,131.436905,22989400,5.33,307.276,67.8,4229.45,19.78,4.81,-0.0129685645
2023-10-03,NVDA,44.779109,43.488941,470850000,5.33,307.276,67.8,4229.45,19.78,4.81,-0.0282480111
2023-10-04,NVDA,43.713801,44.012608,361821000,5.33,307.276,67.8,4263.75,18.58,4.73,0.0120413689
2023-10-04,GOOGL,131.794206,134.225845,26752300,5.33,307.276,67.8,4263.75,18.58,4.73,0.0212188535
2023-10-04,AAPL,169.108109,171.648346,53020300,5.33,307.276,67.8,4263.75,18.58,4.73,0.0073086011
2023-10-05,AAPL,171.776829,172.883865,48527900,5.33,307.276,67.8,4258.19,18.49,4.72,0.0071979686
2023-10-05,GOOGL,134.057098,134.057098,19832600,5.33,307.276,67.8,4258.19,18.49,4.72,-0.0012571867
2023-10-05,NVDA,44.021602,44.659191,393483000,5.33,307.276,67.8,4258.19,18.49,4.72,0.0146908714
2023-10-06,NVDA,44.164513,45.732502,434436000,5.33,307.276,67.8,4308.5,17.45,4.78,0.0240333697
2023-10-06,GOOGL,133.005043,136.548279,27597600,5.33,307.276,67.8,4308.5,17.45,4.78,0.0185829803
2023-10-06,AAPL,171.786732,175.43399,57266700,5.33,307.276,67.8,4308.5,17.45,4.78,0.0147505096
2023-10-09,AAPL,174.761871,176.916626,42390800,5.33,307.276,67.8,4335.66,17.7,4.78,0.0084512442
2023-10-09,GOOGL,135.913076,137.381973,19278100,5.33,307.276,67.8,4335.66,17.7,4.78,0.0061054922
2023-10-09,NVDA,44.813091,45.243813,409675000,5.33,307.276,67.8,4335.66,17.7,4.78,-0.010685823
2023-10-10,NVDA,45.28079,45.768475,368582000,5.33,307.276,67.8,4358.24,17.03,4.66,0.0115963264
2023-10-10,GOOGL,137.461376,137.024673,27786600,5.33,307.276,67.8,4358.24,17.03,4.66,-0.0026007765
2023-10-10,AAPL,176.036929,176.323563,43698000,5.33,307.276,67.8,4358.24,17.03,4.66,-0.0033522194
2023-10-11,AAPL,176.135752,177.717224,47551100,5.33,307.276,67.8,4376.95,16.09,4.58,0.0079040003
2023-10-11,GOOGL,137.540774,139.496002,25884300,5.33,307.276,67.8,4376.95,16.09,4.58,0.0180356477
2023-10-11,NVDA,46.166211,46.775818,378137000,5.33,307.276,67.8,4376.95,16.09,4.58,0.0220095448
2023-10-12,NVDA,46.746839,46.91473,481325000,5.33,307.276,67.8,4349.61,16.69,4.7,0.0029697439
2023-10-12,GOOGL,139.992245,137.927841,24765500,5.33,307.276,67.8,4349.61,16.69,4.7,-0.0112416197
2023-10-12,AAPL,177.984129,178.616714,56743100,5.33,307.276,67.8,4349.61,16.69,4.7,0.0050613572
2023-10-13,AAPL,179.318466,176.778244,51427100,5.33,307.276,67.8,4327.78,19.32,4.63,-0.0102928243
2023-10-13,GOOGL,138.334782,136.329926,23420500,5.33,307.276,67.8,4327.78,19.32,4.63,-0.0115851567
2023-10-13,NVDA,46.92972,45.431686,474115000,5.33,307.276,67.8,4327.78,19.32,4.63,-0.0316114719
2023-10-16,NVDA,45.033952,46.065289,375099000,5.33,307.276,67.8,4373.63,17.21,4.71,0.0139462607
2023-10-16,GOOGL,137.133866,138.0569,28501900,5.33,307.276,67.8,4373.63,17.21,4.71,0.0126676112
2023-10-16,AAPL,174.702538,176.649719,52517000,5.33,307.276,67.8,4373.63,17.21,4.71,-0.0007270396
2023-10-17,AAPL,174.603708,175.097916,57549400,5.33,307.276,67.8,4373.2,17.88,4.83,-0.0087846366
2023-10-17,GOOGL,137.590404,138.672226,23515800,5.33,307.276,67.8,4373.2,17.88,4.83,0.0044570458
2023-10-17,NVDA,43.971636,43.909676,812333000,5.33,307.276,67.8,4373.2,17.88,4.83,-0.0467947345
2023-10-18,NVDA,42.563539,42.168793,627294000,5.33,307.276,67.8,4314.6,19.22,4.91,-0.0396469081
2023-10-18,GOOGL,138.404232,136.925415,23375000,5.33,307.276,67.8,4314.6,19.22,4.91,-0.0125966891
2023-10-18,AAPL,173.546103,173.803085,54764400,5.33,307.276,67.8,4314.6,19.22,4.91,-0.0073948928
2023-10-19,AAPL,174.000774,173.427505,59302900,5.33,307.276,67.8,4278.0,21.4,4.98,-0.0021609503
2023-10-19,GOOGL,137.461371,136.716995,26066000,5.33,307.276,67.8,4278.0,21.4,4.98,-0.0015221411
2023-10-19,NVDA,42.783405,42.073864,501233000,5.33,307.276,67.8,4278.0,21.4,4.98,-0.002251161
2023-10-20,NVDA,41.862995,41.360321,477266000,5.33,307.276,67.8,4224.16,21.71,4.93,-0.0169592918
2023-10-20,GOOGL,136.300152,134.58313,26335700,5.33,307.276,67.8,4224.16,21.71,4.93,-0.0156079012
2023-10-20,AAPL,173.279209,170.877365,64244000,5.33,307.276,67.8,4224.16,21.71,4.93,-0.0147043595
2023-10-23,AAPL,168.930201,170.995987,55980100,5.33,307.276,67.8,4217.04,20.37,4.86,0.0006941927
2023-10-23,GOOGL,134.027306,135.476364,26317900,5.33,307.276,67.8,4217.04,20.37,4.86,0.0066370447
2023-10-23,NVDA,41.202423,42.947296,478530000,5.33,307.276,67.8,4217.04,20.37,4.86,0.0383695063
2023-10-24,NVDA,43.049233,43.634853,401463000,5.33,307.276,67.8,4247.68,18.97,4.83,0.016009325
2023-10-24,GOOGL,136.796412,137.769058,44814300,5.33,307.276,67.8,4247.68,18.97,4.83,0.0169232036
2023-10-24,AAPL,171.045411,171.430893,43816600,5.33,307.276,67.8,4247.68,18.97,4.83,0.0025433697
2023-10-25,AAPL,169.888975,169.118011,57157000,5.33,307.276,67.8,4186.77,20.19,4.95,-0.0134916259
2023-10-25,GOOGL,127.198925,124.668045,84366200,5.33,307.276,67.8,4186.77,20.19,4.95,-0.0950940171
2023-10-25,NVDA,43.370027,41.752071,398379000,5.33,307.276,67.8,4186.77,20.19,4.95,-0.0431485805
2023-10-26,NVDA,41.826019,40.300003,541001000,5.33,307.276,67.8,4137.23,20.68,4.86,-0.0347783542
2023-10-26,GOOGL,122.345588,121.363014,57061100,5.33,307.276,67.8,4137.23,20.68,4.86,-0.0265106493
2023-10-26,AAPL,168.39644,164.956757,70625300,5.33,307.276,67.8,4137.23,20.68,4.86,-0.024605628
2023-10-27,AAPL,164.976555,166.271378,58499100,5.33,307.276,67.8,4117.37,21.27,4.84,0.0079694885
2023-10-27,GOOGL,121.958512,121.253838,44566500,5.33,307.276,67.8,4117.37,21.27,4.84,-0.0008995874
2023-10-27,NVDA,41.103483,40.473888,416784000,5.33,307.276,67.8,4117.37,21.27,4.84,0.0043147725
2023-10-30,NVDA,41.060522,41.134472,388028000,5.33,307.276,67.8,4166.82,19.75,4.88,0.0163212264
2023-10-30,GOOGL,122.286046,123.526672,28940100,5.33,307.276,67.8,4166.82,19.75,4.88,0.0187444358
2023-10-30,AAPL,167.06209,168.317368,51131000,5.33,307.276,67.8,4166.82,19.75,4.88,0.0123051244
2023-10-31,AAPL,167.38829,168.79184,44846000,5.33,307.276,67.8,4193.8,18.14,4.88,0.0028189132
2023-10-31,GOOGL,124.12216,123.149513,26292300,5.33,307.276,67.8,4193.8,18.14,4.88,-0.0030532606
2023-10-31,NVDA,40.423923,40.753708,517969000,5.33,307.276,67.8,4193.8,18.14,4.88,-0.0092565673
2023-11-01,NVDA,40.857649,42.297722,437593000,5.33,308.148,61.3,4237.86,16.87,4.77,0.0378864662
2023-11-01,GOOGL,123.13959,125.50174,30082400,5.33,308.148,61.3,4237.86,16.87,4.77,0.0191005729
2023-11-01,AAPL,169.019161,171.954758,56934900,5.33,308.148,61.3,4237.86,16.87,4.77,0.0187385723
2023-11-02,AAPL,173.486805,175.513062,77334800,5.33,308.148,61.3,4317.78,15.66,4.67,0.0206932561
2023-11-02,GOOGL,127.456969,126.533943,27124600,5.33,308.148,61.3,4317.78,15.66,4.67,0.0082246165
2023-11-02,NVDA,43.300064,43.477951,409172000,5.33,308.148,61.3,4317.78,15.66,4.67,0.027902902
2023-11-03,NVDA,43.991617,44.975983,424610000,5.33,308.148,61.3,4358.34,14.91,4.57,0.0344549727
2023-11-03,GOOGL,127.059979,128.131882,26393100,5.33,308.148,61.3,4358.34,14.91,4.57,0.0126285366
2023-11-03,AAPL,172.221627,174.603699,79829200,5.33,308.148,61.3,4358.34,14.91,4.57,-0.0051811688
2023-11-06,AAPL,174.336832,177.153809,63841300,5.33,308.148,61.3,4365.98,14.89,4.67,0.0146051308
2023-11-06,GOOGL,128.082256,129.273254,19052700,5.33,308.148,61.3,4365.98,14.89,4.67,0.0089077961
2023-11-06,NVDA,45.255805,45.721504,400733000,5.33,308.148,61.3,4365.98,14.89,4.67,0.0165759924
2023-11-07,NVDA,45.689533,45.925381,343165000,5.33,308.148,61.3,4378.38,14.81,4.58,0.0044590942
2023-11-07,GOOGL,129.729809,129.987854,29757300,5.33,308.148,61.3,4378.38,14.81,4.58,0.0055278225
2023-11-07,AAPL,177.104403,179.713837,70530000,5.33,308.148,61.3,4378.38,14.81,4.58,0.014450878
2023-11-08,AAPL,180.2377,180.771439,49340300,5.33,308.148,61.3,4382.78,14.45,4.49,0.0058849221
2023-11-08,GOOGL,129.987847,130.851318,26425800,5.33,308.148,61.3,4382.78,14.45,4.49,0.0066426541
2023-11-08,NVDA,46.070279,46.543976,346719000,5.33,308.148,61.3,4382.78,14.45,4.49,0.0134695698
2023-11-09,NVDA,47.436396,46.919731,540496000,5.33,308.148,61.3,4347.35,15.29,4.62,0.0080731245
2023-11-09,GOOGL,130.970424,129.263321,23747800,5.33,308.148,61.3,4347.35,15.29,4.62,-0.0121358918
2023-11-09,AAPL,180.840629,180.296997,53763500,5.33,308.148,61.3,4347.35,15.29,4.62,-0.0026245381
2023-11-10,AAPL,182.078467,184.483475,66133400,5.33,308.148,61.3,4415.24,14.17,4.61,0.0232198968
2023-11-10,GOOGL,129.1244,131.595718,26913300,5.33,308.148,61.3,4415.24,14.17,4.61,0.0180437687
2023-11-10,NVDA,47.46938,48.303841,421245000,5.33,308.148,61.3,4415.24,14.17,4.61,0.0294995189
2023-11-13,NVDA,48.288844,48.58865,384136000,5.33,308.148,61.3,4411.55,14.76,4.63,0.0058962002
2023-11-13,AAPL,183.909465,182.899948,43627500,5.33,308.148,61.3,4411.55,14.76,4.63,-0.0085835689
2023-11-14,AAPL,185.770123,185.512802,60108400,5.33,308.148,61.3,4495.7,14.16,4.44,0.0142857012
2023-11-14,GOOGL,133.183714,132.617981,32395200,5.33,308.148,61.3,4495.7,14.16,4.44,0.0115831113
2023-11-14,NVDA,49.647968,49.623981,416954000,5.33,308.148,61.3,4495.7,14.16,4.44,0.0213080983
2023-11-15,NVDA,49.902805,48.85648,475497000,5.33,308.148,61.3,4502.88,14.18,4.53,-0.0154663493
2023-11-15,GOOGL,133.858584,133.610458,23861500,5.33,308.148,61.3,4502.88,14.18,4.53,0.0074837319
2023-11-15,AAPL,185.918591,186.076935,53790500,5.33,308.148,61.3,4502.88,14.18,4.53,0.0030409367
2023-11-16,AAPL,187.620931,187.759491,54412900,5.33,308.148,61.3,4508.24,14.32,4.45,0.0090422607
2023-11-16,GOOGL,134.176195,135.903137,28013200,5.33,308.148,61.3,4508.24,14.32,4.45,0.0171594264
2023-11-16,NVDA,48.647622,49.448105,339756000,5.33,308.148,61.3,4508.24,14.32,4.45,0.0121094524
2023-11-17,NVDA,49.492072,49.26622,325205000,5.33,308.148,61.3,4514.02,13.8,4.44,-0.003678296
2023-11-17,GOOGL,134.980116,134.295288,37240600,5.33,308.148,61.3,4514.02,13.8,4.44,-0.0118308462
2023-11-17,AAPL,188.293894,187.739655,50922700,5.33,308.148,61.3,4514.02,13.8,4.44,-0.0001056481
2023-11-20,AAPL,187.937609,189.481567,46505100,5.33,308.148,61.3,4547.38,13.41,4.42,0.0092783426
2023-11-20,GOOGL,132.687456,135.228256,27815500,5.33,308.148,61.3,4547.38,13.41,4.42,0.0069471398
2023-11-20,NVDA,49.280206,50.376499,414120000,5.33,308.148,61.3,4547.38,13.41,4.42,0.0225363156
2023-11-21,NVDA,50.093682,49.9118,565747000,5.33,308.148,61.3,4538.19,13.35,4.41,-0.0092245154
2023-11-21,GOOGL,135.267962,135.942871,22635300,5.33,308.148,61.3,4538.19,13.35,4.41,0.0052845085
2023-11-21,AAPL,189.441988,188.679901,38134500,5.33,308.148,61.3,4538.19,13.35,4.41,-0.0042308403
2023-11-22,AAPL,189.521159,189.343002,39617700,5.33,308.148,61.3,4556.62,12.85,4.42,0.0035144241
2023-11-22,GOOGL,136.439076,137.451431,17813900,5.33,308.148,61.3,4556.62,12.85,4.42,0.0110970157
2023-11-22,NVDA,49.819855,48.684586,899420000,5.33,308.148,61.3,4556.62,12.85,4.42,-0.0245876687
2023-11-24,NVDA,48.438754,47.745201,294645000,5.33,308.148,61.3,4559.34,12.46,4.47,-0.0192953159
2023-11-24,GOOGL,136.99491,135.664963,12514300,5.33,308.148,61.3,4559.34,12.46,4.47,-0.0129970891
2023-11-24,AAPL,188.907525,188.016785,24048300,5.33,308.148,61.3,4559.34,12.46,4.47,-0.007004313
2023-11-27,AAPL,187.967307,187.838638,40552600,5.33,308.148,61.3,4550.43,12.69,4.39,-0.0009475024
2023-11-27,GOOGL,135.009899,135.387054,23436500,5.33,308.148,61.3,4550.43,12.69,4.39,-0.00204849
2023-11-27,NVDA,47.769183,48.210899,395662000,5.33,308.148,61.3,4550.43,12.69,4.39,0.009753823
2023-11-28,NVDA,48.204906,47.790173,401491000,5.33,308.148,61.3,4554.89,12.69,4.34,-0.0087267979
2023-11-28,GOOGL,135.059516,136.171112,18730000,5.33,308.148,61.3,4554.89,12.69,4.34,0.0057912303
2023-11-28,AAPL,187.828747,188.442368,38415400,5.33,308.148,61.3,4554.89,12.69,4.34,0.0032140845
2023-11-29,AAPL,188.937242,187.422974,43014200,5.33,308.148,61.3,4550.58,12.98,4.27,-0.0054095792
2023-11-29,GOOGL,136.538346,133.977692,23967200,5.33,308.148,61.3,4550.58,12.98,4.27,-0.0161078248
2023-11-29,NVDA,48.347819,48.108971,382005000,5.33,308.148,61.3,4550.58,12.98,4.27,0.0066707871
2023-11-30,NVDA,47.993042,46.739853,526247000,5.33,308.148,61.3,4567.8,12.92,4.37,-0.0284586787
2023-11-30,GOOGL,134.037255,131.536148,38988300,5.33,308.148,61.3,4567.8,12.92,4.37,-0.0182235083
2023-11-30,AAPL,187.888109,187.996979,48794400,5.33,308.148,61.3,4567.8,12.92,4.37,0.0030626188
2023-12-01,AAPL,188.373065,189.273712,45704800,5.33,308.741,69.7,4594.63,12.63,4.22,0.0067912442
2023-12-01,GOOGL,130.871185,130.871185,31442300,5.33,308.741,69.7,4594.63,12.63,4.22,-0.0050553614
2023-12-01,NVDA,46.495009,46.734852,369317000,5.33,308.741,69.7,4594.63,12.63,4.22,-0.0001069979
2023-12-04,NVDA,46.047288,45.480652,437543000,5.33,308.741,69.7,4569.78,13.08,4.28,-0.0268365028
2023-12-04,GOOGL,128.90604,128.300613,36669900,5.33,308.741,69.7,4569.78,13.08,4.28,-0.0196420006
2023-12-04,AAPL,188.026678,187.48233,43389500,5.33,308.741,69.7,4569.78,13.08,4.28,-0.0094645042
2023-12-05,AAPL,188.254348,191.431335,66628400,5.33,308.741,69.7,4567.18,12.85,4.18,0.0210633457
2023-12-05,GOOGL,127.98301,130.007721,27384800,5.33,308.741,69.7,4567.18,12.85,4.18,0.0133055291
2023-12-05,NVDA,45.440684,46.540073,371718000,5.33,308.741,69.7,4567.18,12.85,4.18,0.0232938952
2023-12-06,NVDA,47.188702,45.477654,380590000,5.33,308.741,69.7,4549.34,12.97,4.12,-0.0228280665
2023-12-06,GOOGL,130.454317,129.044968,23576200,5.33,308.741,69.7,4549.34,12.97,4.12,-0.0074053548
2023-12-06,AAPL,192.450757,190.342667,41089700,5.33,308.741,69.7,4549.34,12.97,4.12,-0.0056869938
2023-12-07,AAPL,191.639149,192.272568,47477700,5.33,308.741,69.7,4585.59,13.06,4.14,0.0101390884
2023-12-07,GOOGL,134.027311,135.903137,56767100,5.33,308.741,69.7,4585.59,13.06,4.14,0.0531455793
2023-12-07,NVDA,45.674556,46.570057,350823000,5.33,308.741,69.7,4585.59,13.06,4.14,0.0240206635
2023-12-08,NVDA,46.569054,47.479546,359224000,5.33,308.741,69.7,4604.37,12.35,4.23,0.0195294732
2023-12-08,GOOGL,133.193608,133.977692,32260100,5.33,308.741,69.7,4604.37,12.35,4.23,-0.0141677786
2023-12-08,AAPL,192.203315,193.6978,53406400,5.33,308.741,69.7,4604.37,12.35,4.23,0.0074125599
2023-12-11,AAPL,191.124514,191.193787,60943700,5.33,308.741,69.7,4622.44,12.63,4.23,-0.0129274213
2023-12-11,GOOGL,131.387287,132.290451,31138000,5.33,308.741,69.7,4622.44,12.63,4.23,-0.0125934443
2023-12-11,NVDA,47.464557,46.601036,509728000,5.33,308.741,69.7,4622.44,12.63,4.23,-0.018502905
2023-12-12,NVDA,46.020363,47.630466,372387000,5.33,308.741,69.7,4643.7,12.07,4.2,0.0220902897
2023-12-12,GOOGL,130.821563,131.526245,29032800,5.33,308.741,69.7,4643.7,12.07,4.2,-0.0057767278
2023-12-12,AAPL,191.094838,192.708084,52696900,5.33,308.741,69.7,4643.7,12.07,4.2,0.0079202233
2023-12-13,AAPL,193.084135,195.924637,70404200,5.33,308.741,69.7,4707.09,12.19,4.04,0.0166913223
2023-12-13,GOOGL,132.37979,131.575867,30104800,5.33,308.741,69.7,4707.09,12.19,4.04,0.0003772751
2023-12-13,NVDA,47.602482,48.061226,447792000,5.33,308.741,69.7,4707.09,12.19,4.04,0.0090437794
2023-12-14,NVDA,48.363053,48.323074,391232000,5.33,308.741,69.7,4719.55,12.48,3.92,0.0054482266
2023-12-14,GOOGL,132.379765,130.950562,38722400,5.33,308.741,69.7,4719.55,12.48,3.92,-0.0047524306
2023-12-14,AAPL,195.984019,196.07309,66831600,5.33,308.741,69.7,4719.55,12.48,3.92,0.0007577034
2023-12-15,AAPL,195.499053,195.538651,128538400,5.33,308.741,69.7,4719.19,12.28,3.91,-0.0027257136
2023-12-15,GOOGL,130.632975,131.605637,50847100,5.33,308.741,69.7,4719.19,12.28,3.91,0.005002461
2023-12-15,NVDA,48.167166,48.862778,479948000,5.33,308.741,69.7,4719.19,12.28,3.91,0.0111686472
2023-12-18,NVDA,49.372493,50.049114,412587000,5.33,308.741,69.7,4740.56,12.56,3.95,0.0242789414
2023-12-18,GOOGL,131.635405,134.781631,32258000,5.33,308.741,69.7,4740.56,12.56,3.95,0.024132666
2023-12-18,AAPL,194.073856,193.875916,55751900,5.33,308.741,69.7,4740.56,12.56,3.95,-0.0085033572
2023-12-19,GOOGL,135.813806,135.625229,25476800,5.33,308.741,69.7,4768.37,12.53,3.93,0.0062589939
2023-12-19,NVDA,49.396478,49.576378,464444000,5.33,308.741,69.7,4768.37,12.53,3.93,-0.0094454491
2023-12-20,NVDA,49.627348,48.084209,397894000,5.33,308.741,69.7,4698.35,13.67,3.86,-0.0300983753
2023-12-20,GOOGL,137.927847,137.302567,49107200,5.33,308.741,69.7,4698.35,13.67,3.86,0.0123674456
2023-12-20,AAPL,194.875522,192.826813,52242800,5.33,308.741,69.7,4698.35,13.67,3.86,-0.010713908
2023-12-21,AAPL,194.083758,192.678345,46482500,5.33,308.741,69.7,4746.75,13.65,3.89,-0.0007699553
2023-12-21,GOOGL,138.443955,139.366974,27488300,5.33,308.741,69.7,4746.75,13.65,3.89,0.0150354607
2023-12-21,NVDA,48.783818,48.962719,300425000,5.33,308.741,69.7,4746.75,13.65,3.89,0.0182702291
2023-12-22,NVDA,49.167609,48.802814,252507000,5.33,308.741,69.7,4754.63,13.03,3.9,-0.0032658415
2023-12-22,GOOGL,139.714368,140.42897,26532200,5.33,308.741,69.7,4754.63,13.03,3.9,0.0076201444
2023-12-22,AAPL,193.173239,191.609497,37149600,5.33,308.741,69.7,4754.63,13.03,3.9,-0.005547316
2023-12-26,AAPL,191.619334,191.065094,28919300,5.33,308.741,69.7,4774.75,12.99,3.89,-0.0028412113
2023-12-26,GOOGL,140.528223,140.458755,16780300,5.33,308.741,69.7,4774.75,12.99,3.89,0.0002121012
2023-12-26,NVDA,48.940733,49.25156,244200000,5.33,308.741,69.7,4774.75,12.99,3.89,0.0091950789
2023-12-27,NVDA,49.483434,49.389484,233648000,5.33,308.741,69.7,4781.58,12.43,3.79,0.0028004025
2023-12-27,GOOGL,140.52822,139.317368,19628600,5.33,308.741,69.7,4781.58,12.43,3.79,-0.008126143
2023-12-27,AAPL,190.510875,191.164078,48087700,5.33,308.741,69.7,4781.58,12.43,3.79,0.000518063
2023-12-28,AAPL,192.143916,191.589676,34049900,5.33,308.741,69.7,4783.35,12.47,3.84,0.00222635
2023-12-28,GOOGL,139.7243,139.178421,16045700,5.33,308.741,69.7,4783.35,12.47,3.84,-0.0009973382
2023-12-28,NVDA,49.615365,49.494431,246587000,5.33,308.741,69.7,4783.35,12.47,3.84,0.002124868
2023-12-29,NVDA,49.785269,49.494431,389293000,5.33,308.741,69.7,4769.83,12.45,3.88,0.0
2023-12-29,GOOGL,138.582908,138.642456,18733000,5.33,308.741,69.7,4769.83,12.45,3.88,-0.00385092
2023-12-29,AAPL,191.906401,190.550491,42672100,5.33,308.741,69.7,4769.83,12.45,3.88,-0.0054240113
2024-01-02,AAPL,185.225793,183.731323,82488700,5.33,309.698,79.0,4742.83,13.2,3.95,-0.0357866728
2024-01-02,GOOGL,137.511005,137.13385,23711200,5.33,309.698,79.0,4742.83,13.2,3.95,-0.0108812697
2024-01-02,NVDA,49.216575,48.141174,411254000,5.33,309.698,79.0,4742.83,13.2,3.95,-0.0273415859
2024-01-03,NVDA,47.458562,47.542515,320896000,5.33,309.698,79.0,4704.81,14.04,3.91,-0.0124354988
2024-01-03,GOOGL,136.22073,137.878204,24212100,5.33,309.698,79.0,4704.81,14.04,3.91,0.0054279395
2024-01-03,AAPL,182.325916,182.355606,58414500,5.33,309.698,79.0,4704.81,14.04,3.91,-0.0074876572
2024-01-04,AAPL,180.277196,180.039673,71983600,5.33,309.698,79.0,4688.68,14.13,3.99,-0.0127000934
2024-01-04,GOOGL,137.381994,135.367218,27137700,5.33,309.698,79.0,4688.68,14.13,3.99,-0.0182116263
2024-01-04,NVDA,47.740401,47.971275,306535000,5.33,309.698,79.0,4688.68,14.13,3.99,0.0090184655
2024-01-05,NVDA,48.435015,49.06966,415039000,5.33,309.698,79.0,4697.24,13.35,4.05,0.02289672
2024-01-05,GOOGL,135.724513,134.712158,22513900,5.33,309.698,79.0,4697.24,13.35,4.05,-0.0048391318
2024-01-05,AAPL,180.118838,179.317154,62379700,5.33,309.698,79.0,4697.24,13.35,4.05,-0.0040131095
2024-01-08,AAPL,180.217821,183.652145,59144500,5.33,309.698,79.0,4763.54,13.08,4.01,0.0241749959
2024-01-08,GOOGL,135.267948,137.798828,21404000,5.33,309.698,79.0,4763.54,13.08,4.01,0.022913076
2024-01-08,NVDA,49.484433,52.223904,642510000,5.33,309.698,79.0,4763.54,13.08,4.01,0.0642809316
2024-01-09,NVDA,52.371826,53.110413,773100000,5.33,309.698,79.0,4756.5,12.76,4.02,0.0169751566
2024-01-09,GOOGL,137.461396,139.893021,24759600,5.33,309.698,79.0,4756.5,12.76,4.02,0.0151974624
2024-01-09,AAPL,182.028993,183.23645,42841800,5.33,309.698,79.0,4756.5,12.76,4.02,-0.0022634922
2024-01-10,AAPL,182.454557,184.275635,46792900,5.33,309.698,79.0,4783.45,12.69,4.04,0.0056712765
2024-01-10,GOOGL,139.942643,141.213043,21320200,5.33,309.698,79.0,4783.45,12.69,4.04,0.0094359431
2024-01-10,NVDA,53.586152,54.31974,533796000,5.33,309.698,79.0,4783.45,12.69,4.04,0.0227700678
2024-01-11,NVDA,54.968377,54.791473,596759000,5.33,309.698,79.0,4780.24,12.44,3.98,0.0086843768
2024-01-11,GOOGL,142.413972,141.014542,24008700,5.33,309.698,79.0,4780.24,12.44,3.98,-0.0014056888
2024-01-11,AAPL,184.622022,183.681793,49128400,5.33,309.698,79.0,4780.24,12.44,3.98,-0.0032225723
2024-01-12,AAPL,184.146983,184.008423,40477800,5.33,309.698,79.0,4783.83,12.7,3.96,0.0017782363
2024-01-12,GOOGL,141.6001,141.580246,18785500,5.33,309.698,79.0,4783.83,12.7,3.96,0.0040116738
2024-01-12,NVDA,54.589581,54.679531,352994000,5.33,309.698,79.0,4783.83,12.7,3.96,-0.0020430604
2024-01-16,NVDA,54.987366,56.350605,449580000,5.33,309.698,79.0,4765.98,13.84,4.07,0.0305612334
2024-01-16,GOOGL,140.935132,141.421463,22670500,5.33,309.698,79.0,4765.98,13.84,4.07,-0.001121505
2024-01-16,AAPL,180.287102,181.741989,65603000,5.33,309.698,79.0,4765.98,13.84,4.07,-0.0123170107
2024-01-17,AAPL,179.406266,180.801758,47317400,5.33,309.698,79.0,4739.21,14.79,4.1,-0.0051734403
2024-01-17,GOOGL,140.290023,140.409119,20968600,5.33,309.698,79.0,4739.21,14.79,4.1,-0.0071583502
2024-01-17,NVDA,56.315628,56.021793,474394000,5.33,309.698,79.0,4739.21,14.79,4.1,-0.0058351041
2024-01-18,NVDA,57.228121,57.075207,491650000,5.33,309.698,79.0,4780.94,14.13,4.14,0.0188036357
2024-01-18,GOOGL,140.984768,142.404037,25746400,5.33,309.698,79.0,4780.94,14.13,4.14,0.0142079008
2024-01-18,AAPL,184.176704,186.690598,78005800,5.33,309.698,79.0,4780.94,14.13,4.14,0.0325706995
2024-01-19,AAPL,187.383371,189.590439,68903000,5.33,309.698,79.0,4839.81,13.3,4.15,0.0155328728
2024-01-19,GOOGL,143.654602,145.282303,34271900,5.33,309.698,79.0,4839.81,13.3,4.15,0.0202119647
2024-01-19,NVDA,57.956708,59.457874,543501000,5.33,309.698,79.0,4839.81,13.3,4.15,0.0417461044
2024-01-22,NVDA,60.015561,59.620781,452955000,5.33,309.698,79.0,4850.43,13.19,4.11,0.0027398666
2024-01-22,GOOGL,145.99691,144.895233,32200400,5.33,309.698,79.0,4850.43,13.19,4.11,-0.0026642591
2024-01-22,AAPL,190.322821,191.896469,60133900,5.33,309.698,79.0,4850.43,13.19,4.11,0.0121632203
2024-01-23,AAPL,193.014874,193.173218,42355600,5.33,309.698,79.0,4864.6,12.55,4.14,0.0066533202
2024-01-23,GOOGL,144.795977,145.937347,21636100,5.33,309.698,79.0,4864.6,12.55,4.14,0.0071921915
2024-01-23,NVDA,59.536832,59.839664,294654000,5.33,309.698,79.0,4864.6,12.55,4.14,0.0036712621
2024-01-24,NVDA,60.270422,61.327831,560271000,5.33,309.698,79.0,4868.55,13.14,4.18,0.0248692372
2024-01-24,GOOGL,147.426066,147.584869,25233500,5.33,309.698,79.0,4868.55,13.14,4.18,0.0112892416
2024-01-24,AAPL,193.410753,192.500214,53631300,5.33,309.698,79.0,4868.55,13.14,4.18,-0.0034839413
2024-01-25,AAPL,193.212822,192.173615,54822100,5.33,309.698,79.0,4894.16,13.45,4.14,-0.0016966169
2024-01-25,GOOGL,148.94462,150.73111,29149100,5.33,309.698,79.0,4894.16,13.45,4.14,0.0213181761
2024-01-25,NVDA,62.315277,61.582687,482777000,5.33,309.698,79.0,4894.16,13.45,4.14,0.0041556354
2024-01-26,NVDA,60.926057,60.997017,390309000,5.33,309.698,79.0,4890.97,13.26,4.15,-0.0095103104
2024-01-26,GOOGL,149.966884,151.048706,26115500,5.33,309.698,79.0,4890.97,13.26,4.15,0.0021070397
2024-01-26,AAPL,192.27259,190.441605,44594000,5.33,309.698,79.0,4890.97,13.26,4.15,-0.0090127351
2024-01-29,AAPL,190.035787,189.758667,47145600,5.33,309.698,79.0,4927.93,13.6,4.08,-0.0035860737
2024-01-29,GOOGL,150.919687,152.35881,27784300,5.33,309.698,79.0,4927.93,13.6,4.08,0.0086733902
2024-01-29,NVDA,61.197906,62.430222,348733000,5.33,309.698,79.0,4927.93,13.6,4.08,0.0234963073
2024-01-30,NVDA,62.864973,62.73904,410735000,5.33,309.698,79.0,4924.97,13.31,4.06,0.0049466238
2024-01-30,GOOGL,151.654167,150.324219,36331800,5.33,309.698,79.0,4924.97,13.31,4.06,-0.0133539483
2024-01-30,AAPL,188.976805,186.106613,55859400,5.33,309.698,79.0,4924.97,13.31,4.06,-0.0192457814
2024-01-31,AAPL,185.116915,182.504059,55467800,5.33,309.698,79.0,4845.65,14.35,3.99,-0.0193574761
2024-01-31,GOOGL,142.542985,139.049393,71910000,5.33,309.698,79.0,4845.65,14.35,3.99,-0.0750033903
2024-01-31,NVDA,61.405783,61.492737,453795000,5.33,309.698,79.0,4845.65,14.35,3.99,-0.0198648808
2024-02-01,NVDA,62.065416,62.991901,369146000,5.33,310.967,76.9,4906.19,13.88,3.87,0.0243795391
2024-02-01,GOOGL,141.054233,140.10144,40466500,5.33,310.967,76.9,4906.19,13.88,3.87,0.0075660002
2024-02-01,AAPL,182.09828,184.938766,64885400,5.33,310.967,76.9,4906.19,13.88,3.87,0.0133405671
2024-02-02,AAPL,178.01073,183.939148,102551700,5.33,310.967,76.9,4958.61,13.85,4.03,-0.0054051325
2024-02-02,GOOGL,138.215673,141.312286,62499600,5.33,310.967,76.9,4958.61,13.85,4.03,0.0086426374
2024-02-02,NVDA,63.938381,66.123169,476578000,5.33,310.967,76.9,4958.61,13.85,4.03,0.0497090495
2024-02-05,NVDA,68.187018,69.293404,680078000,5.33,310.967,76.9,4942.81,13.67,4.17,0.0479443852
2024-02-05,GOOGL,141.748972,142.602509,38505400,5.33,310.967,76.9,4942.81,13.67,4.17,0.0091302901
2024-02-06,AAPL,184.938783,187.353699,43490800,5.33,310.967,76.9,4954.23,13.06,4.09,0.0086318177
2024-02-06,GOOGL,143.565257,143.019394,29128200,5.33,310.967,76.9,4954.23,13.06,4.09,0.0029234084
2024-02-06,NVDA,69.591235,68.18502,683111000,5.33,310.967,76.9,4954.23,13.06,4.09,-0.0159955078
2024-02-07,NVDA,68.280952,70.059959,495575000,5.33,310.967,76.9,4995.06,12.83,4.09,0.0274978133
2024-02-07,GOOGL,143.674444,144.448593,25208900,5.33,310.967,76.9,4995.06,12.83,4.09,0.0099930449
2024-02-07,AAPL,188.679904,187.462555,53439000,5.33,310.967,76.9,4995.06,12.83,4.09,0.0005810198
2024-02-08,AAPL,187.442734,186.383743,40962000,5.33,310.967,76.9,4997.91,12.79,4.15,-0.0057548114
2024-02-08,GOOGL,144.736425,144.815826,22563800,5.33,310.967,76.9,4997.91,12.79,4.15,0.0025423112
2024-02-08,NVDA,70.034976,69.602219,414422000,5.33,310.967,76.9,4997.91,12.79,4.15,-0.0065335576
2024-02-09,NVDA,70.493734,72.09285,436637000,5.33,310.967,76.9,5026.61,12.93,4.17,0.035783789
2024-02-09,GOOGL,145.58002,147.882629,26829500,5.33,310.967,76.9,5026.61,12.93,4.17,0.0211772639
2024-02-09,AAPL,186.948612,187.14682,45155200,5.33,310.967,76.9,5026.61,12.93,4.17,0.0040941166
2024-02-12,AAPL,186.720693,185.462143,41781900,5.33,310.967,76.9,5021.84,13.93,4.17,-0.0090019009
2024-02-12,GOOGL,147.306985,146.42366,21564100,5.33,310.967,76.9,5021.84,13.93,4.17,-0.0098657234
2024-02-12,NVDA,72.559565,72.207764,613710000,5.33,310.967,76.9,5021.84,13.93,4.17,0.0015939714
2024-02-13,NVDA,70.360817,72.087852,602580000,5.33,310.967,76.9,4953.17,15.85,4.31,-0.0016606413
2024-02-13,GOOGL,143.833239,144.05159,27837700,5.33,310.967,76.9,4953.17,15.85,4.31,-0.0162000479
2024-02-13,AAPL,184.094582,183.371155,56529500,5.33,310.967,76.9,4953.17,15.85,4.31,-0.0112744743
2024-02-14,AAPL,183.648658,182.489197,54630500,5.33,310.967,76.9,5000.62,14.38,4.27,-0.0048096878
2024-02-14,GOOGL,144.984561,144.845612,22704200,5.33,310.967,76.9,5000.62,14.38,4.27,0.0055120642
2024-02-14,NVDA,73.161247,73.858856,504917000,5.33,310.967,76.9,5000.62,14.38,4.27,0.0245672976
2024-02-15,NVDA,73.82787,72.617538,420122000,5.33,310.967,76.9,5029.73,14.01,4.24,-0.0168066203
2024-02-15,GOOGL,142.066577,141.699356,37590700,5.33,310.967,76.9,5029.73,14.01,4.24,-0.0217214416
2024-02-15,AAPL,181.894611,182.201813,65434500,5.33,310.967,76.9,5029.73,14.01,4.24,-0.0015748003
2024-02-16,AAPL,181.765777,180.665787,49752500,5.33,310.967,76.9,5005.57,14.24,4.3,-0.0084303552
2024-02-16,GOOGL,141.917726,139.466248,31468900,5.33,310.967,76.9,5005.57,14.24,4.3,-0.0157594825
2024-02-16,NVDA,74.058727,72.572556,495327000,5.33,310.967,76.9,5005.57,14.24,4.3,-0.0006194497
2024-02-20,NVDA,71.906936,69.41333,704833000,5.33,310.967,76.9,4975.51,15.42,4.27,-0.0435319583
2024-02-20,GOOGL,138.612694,140.061737,25144700,5.33,310.967,76.9,4975.51,15.42,4.27,0.004269775
2024-02-20,AAPL,180.150483,179.922562,53665600,5.33,310.967,76.9,4975.51,15.42,4.27,-0.0041138121
2024-02-21,AAPL,180.299142,180.67572,41371400,5.33,310.967,76.9,4981.8,15.34,4.32,0.0041860152
2024-02-21,GOOGL,140.389261,141.481018,23223300,5.33,310.967,76.9,4981.8,15.34,4.32,0.0101332529
2024-02-21,NVDA,67.968132,67.434433,673755000,5.33,310.967,76.9,4981.8,15.34,4.32,-0.0285088915
2024-02-22,NVDA,74.983233,78.494278,865100000,5.33,310.967,76.9,5087.03,14.54,4.33,0.1640088673
2024-02-22,GOOGL,143.843158,143.00946,27191900,5.33,310.967,76.9,5087.03,14.54,4.33,0.0108031622
2024-02-22,AAPL,181.825226,182.707199,52292200,5.33,310.967,76.9,5087.03,14.54,4.33,0.0112437846
2024-02-23,AAPL,183.34145,180.873917,45119700,5.33,310.967,76.9,5088.8,13.75,4.26,-0.0100339914
2024-02-23,GOOGL,142.592583,142.880417,19493800,5.33,310.967,76.9,5088.8,13.75,4.26,-0.000902343
2024-02-23,NVDA,80.745018,78.773117,829388000,5.33,310.967,76.9,5088.8,13.75,4.26,0.0035523495
2024-02-26,NVDA,79.655629,79.047974,503973000,5.33,310.967,76.9,5069.53,13.74,4.28,0.0034892179
2024-02-26,GOOGL,141.074082,136.538361,53641800,5.33,310.967,76.9,5069.53,13.74,4.28,-0.0443871624
2024-02-26,AAPL,180.596415,179.526154,40867400,5.33,310.967,76.9,5069.53,13.74,4.28,-0.0074513954
2024-02-27,AAPL,179.46671,180.98291,54318900,5.33,310.967,76.9,5078.18,13.43,4.31,0.0081144533
2024-02-27,GOOGL,136.98498,137.838531,33099200,5.33,310.967,76.9,5078.18,13.43,4.31,0.0095223855
2024-02-27,NVDA,79.336795,78.657173,391705000,5.33,310.967,76.9,5078.18,13.43,4.31,-0.0049438393
2024-02-28,NVDA,77.576776,77.619751,393110000,5.33,310.967,76.9,5069.76,13.84,4.27,-0.0131891618
2024-02-28,GOOGL,136.86586,135.357269,37328600,5.33,310.967,76.9,5069.76,13.84,4.27,-0.0180012235
2024-02-28,AAPL,180.863949,179.783783,48953900,5.33,310.967,76.9,5069.76,13.84,4.27,-0.0066256377
2024-02-29,AAPL,179.635188,179.119873,136682600,5.33,310.967,76.9,5096.27,13.4,4.25,-0.0036928242
2024-02-29,GOOGL,136.250533,137.421692,42133000,5.33,310.967,76.9,5096.27,13.4,4.25,0.0152516567
2024-02-29,NVDA,79.04996,79.067947,507289000,5.33,310.967,76.9,5096.27,13.4,4.25,0.0186575761
2024-03-01,NVDA,79.955454,82.233185,479135000,5.33,312.345,79.4,5137.08,13.11,4.19,0.0400318654
2024-03-01,GOOGL,137.391892,136.111572,31151100,5.33,312.345,79.4,5137.08,13.11,4.19,-0.0095335723
2024-03-01,AAPL,177.930695,178.039703,73563100,5.33,312.345,79.4,5137.08,13.11,4.19,-0.006030429
2024-03-04,AAPL,174.561316,173.520798,81510100,5.33,312.345,79.4,5130.95,13.49,4.22,-0.0253814489
2024-03-04,GOOGL,134.642681,132.350006,55999400,5.33,312.345,79.4,5130.95,13.49,4.22,-0.0276359027
2024-03-04,NVDA,84.083151,85.189537,615616000,5.33,312.345,79.4,5130.95,13.49,4.22,0.035950842
2024-03-05,NVDA,85.226527,85.920174,520639000,5.33,312.345,79.4,5078.65,14.46,4.13,0.0085766002
2024-03-05,GOOGL,130.891041,131.67511,40194800,5.33,312.345,79.4,5078.65,14.46,4.13,-0.0050993291
2024-03-05,AAPL,169.219951,168.585724,95132400,5.33,312.345,79.4,5078.65,14.46,4.13,-0.0284408204
2024-03-06,AAPL,169.517248,167.594742,68587700,5.33,312.345,79.4,5104.76,14.5,4.11,-0.0058782086
2024-03-06,GOOGL,132.121745,130.414642,35318600,5.33,312.345,79.4,5104.76,14.5,4.11,-0.0095725573
2024-03-06,NVDA,87.977114,88.654762,582520000,5.33,312.345,79.4,5104.76,14.5,4.11,0.0318270845
2024-03-07,NVDA,90.112021,92.621742,608119000,5.33,312.345,79.4,5157.36,14.44,4.09,0.0447463834
2024-03-07,GOOGL,131.794181,133.372269,37738200,5.33,312.345,79.4,5157.36,14.44,4.09,0.0226786371
2024-03-07,AAPL,167.624486,167.475845,71765100,5.33,312.345,79.4,5157.36,14.44,4.09,-0.0007094285
2024-03-08,AAPL,167.475853,169.190247,76267000,5.33,312.345,79.4,5123.69,14.74,4.09,0.0102367075
2024-03-08,GOOGL,133.203548,134.394547,39370400,5.33,312.345,79.4,5123.69,14.74,4.09,0.0076648455
2024-03-08,NVDA,95.08948,87.48336,1142269000,5.33,312.345,79.4,5123.69,14.74,4.09,-0.0554770601
2024-03-11,NVDA,86.384928,85.730263,678364000,5.33,312.345,79.4,5117.94,15.22,4.1,-0.0200392112
2024-03-11,GOOGL,135.109159,136.637604,32437800,5.33,312.345,79.4,5117.94,15.22,4.1,0.0166900913
2024-03-11,AAPL,171.38029,171.192001,60139500,5.33,312.345,79.4,5117.94,15.22,4.1,0.0118313839
2024-03-12,AAPL,171.588399,171.667679,59825400,5.33,312.345,79.4,5175.27,13.84,4.16,0.0027786198
2024-03-12,GOOGL,136.002402,137.46138,27563400,5.33,312.345,79.4,5175.27,13.84,4.16,0.0060289131
2024-03-12,NVDA,88.004107,91.866135,668075000,5.33,312.345,79.4,5175.27,13.84,4.16,0.0715718311
2024-03-13,NVDA,91.008567,90.841652,635713000,5.33,312.345,79.4,5165.31,13.75,4.19,-0.0111519085
2024-03-13,GOOGL,137.95763,138.741699,23347200,5.33,312.345,79.4,5165.31,13.75,4.19,0.0093140285
2024-03-13,AAPL,171.211848,169.586639,52488700,5.33,312.345,79.4,5165.31,13.75,4.19,-0.0121224883
2024-03-14,AAPL,171.350574,171.439758,72913500,5.33,312.345,79.4,5150.48,14.4,4.29,0.0109272694
2024-03-14,GOOGL,140.131206,142.026886,42753400,5.33,312.345,79.4,5150.48,14.4,4.29,0.0236784383
2024-03-14,NVDA,89.531317,87.899147,602318000,5.33,312.345,79.4,5150.48,14.4,4.29,-0.0323915827
2024-03-15,NVDA,86.885678,87.792213,642086000,5.33,312.345,79.4,5117.09,14.41,4.31,-0.0012165487
2024-03-15,GOOGL,141.431385,140.121277,49475400,5.33,312.345,79.4,5117.09,14.41,4.31,-0.0134172422
2024-03-15,AAPL,169.626252,171.063171,121752700,5.33,312.345,79.4,5117.09,14.41,4.31,-0.0021966137
2024-03-18,AAPL,173.986596,172.153275,75604200,5.33,312.345,79.4,5149.42,14.33,4.34,0.0063725181
2024-03-18,GOOGL,147.495589,146.572556,69273700,5.33,312.345,79.4,5149.42,14.33,4.34,0.0460406787
2024-03-18,NVDA,90.34191,88.409897,668976000,5.33,312.345,79.4,5149.42,14.33,4.34,0.0070357425
2024-03-19,NVDA,86.655787,89.352417,672171000,5.33,312.345,79.4,5178.51,13.82,4.3,0.010660799
2024-03-19,GOOGL,147.048929,145.927399,24070400,5.33,312.345,79.4,5178.51,13.82,4.3,-0.0044016211
2024-03-19,AAPL,172.767661,174.491974,55215200,5.33,312.345,79.4,5178.51,13.82,4.3,0.0135849832
2024-03-20,AAPL,174.135217,177.058609,53423100,5.33,312.345,79.4,5224.62,13.04,4.27,0.0147091873
2024-03-20,GOOGL,146.890132,147.624588,21311500,5.33,312.345,79.4,5224.62,13.04,4.27,0.0116303679
2024-03-20,NVDA,89.751201,90.325912,479063000,5.33,312.345,79.4,5224.62,13.04,4.27,0.0108950101
2024-03-21,NVDA,92.252931,91.388367,480372000,5.33,312.345,79.4,5241.53,12.92,4.27,0.0117624522
2024-03-21,GOOGL,148.349105,146.493134,24755600,5.33,312.345,79.4,5241.53,12.92,4.27,-0.0076644039
2024-03-21,AAPL,175.453245,169.824463,106181300,5.33,312.345,79.4,5241.53,12.92,4.27,-0.0408573532
2024-03-22,AAPL,170.210943,170.726257,71160100,5.33,312.345,79.4,5234.18,13.06,4.22,0.0053101563
2024-03-22,GOOGL,148.001738,149.639374,29211800,5.33,312.345,79.4,5234.18,13.06,4.22,0.0214770492
2024-03-22,NVDA,91.094524,94.240921,586719000,5.33,312.345,79.4,5234.18,13.06,4.22,0.0312135387
2024-03-25,NVDA,93.893089,94.953545,552136000,5.33,312.345,79.4,5218.19,13.19,4.25,0.0075617215
2024-03-25,GOOGL,148.815611,148.944641,19229300,5.33,312.345,79.4,5218.19,13.19,4.25,-0.004642713
2024-03-25,AAPL,169.03167,169.309143,54288300,5.33,312.345,79.4,5218.19,13.19,4.25,-0.0083005056
2024-03-26,AAPL,168.466806,168.179428,57388400,5.33,312.345,79.4,5203.58,13.24,4.24,-0.0066724983
2024-03-26,GOOGL,149.093493,149.540115,22149100,5.33,312.345,79.4,5203.58,13.24,4.24,0.0039979568
2024-03-26,NVDA,95.802133,92.513809,513648000,5.33,312.345,79.4,5203.58,13.24,4.24,-0.0256939899
2024-03-27,NVDA,93.064527,90.203987,586067000,5.33,312.345,79.4,5248.49,12.78,4.2,-0.0249673222
2024-03-27,GOOGL,150.046275,149.738602,22879200,5.33,312.345,79.4,5248.49,12.78,4.2,0.0013273116
2024-03-27,AAPL,168.873124,171.746964,60273300,5.33,312.345,79.4,5248.49,12.78,4.2,0.0212126741
2024-03-28,AAPL,170.201026,169.933456,65672700,5.33,312.345,79.4,5254.35,13.01,4.2,-0.0105591799
2024-03-28,GOOGL,149.718785,149.798172,24485400,5.33,312.345,79.4,5254.35,13.01,4.2,0.0003978287
2024-03-28,NVDA,89.9541,90.309921,435212000,5.33,312.345,79.4,5254.35,13.01,4.2,0.0011743843
2024-04-01,GOOGL,149.559967,154.323975,31730800,5.33,313.023,77.2,5243.77,13.65,4.33,0.0302126692
2024-04-01,AAPL,169.646078,168.496536,46240500,5.33,313.023,77.2,5243.77,13.65,4.33,-0.0084557814
2024-04-02,AAPL,167.555117,167.317276,49329500,5.33,313.023,77.2,5205.81,14.61,4.36,-0.006998721
2024-04-02,GOOGL,152.348891,153.40094,24586000,5.33,313.023,77.2,5205.81,14.61,4.36,-0.0059811489
2024-04-02,NVDA,88.402894,89.406387,433064000,5.33,313.023,77.2,5205.81,14.61,4.36,-0.010081501
2024-04-03,NVDA,88.438882,88.918633,370067000,5.33,313.023,77.2,5211.49,14.33,4.36,-0.0054554807
2024-04-03,GOOGL,152.448131,153.758224,24705000,5.33,313.023,77.2,5211.49,14.33,4.36,0.0023290897
2024-04-03,AAPL,167.26772,168.119965,47691700,5.33,313.023,77.2,5211.49,14.33,4.36,0.0047974042
2024-04-04,AAPL,168.754168,167.29744,53704400,5.33,313.023,77.2,5147.21,16.35,4.31,-0.0048924887
2024-04-04,GOOGL,152.348882,149.401154,34724700,5.33,313.023,77.2,5147.21,16.35,4.31,-0.0283371568
2024-04-04,NVDA,90.359887,85.861183,434965000,5.33,313.023,77.2,5147.21,16.35,4.31,-0.0343847994
2024-04-05,NVDA,86.821704,87.963127,399678000,5.33,313.023,77.2,5204.34,16.03,4.39,0.0244807245
2024-04-05,GOOGL,148.904921,151.3564,23459200,5.33,313.023,77.2,5204.34,16.03,4.39,0.0130872214
2024-04-05,AAPL,168.060503,168.050598,42104800,5.33,313.023,77.2,5204.34,16.03,4.39,0.0045019133
2024-04-08,AAPL,167.505542,166.930771,37425500,5.33,313.023,77.2,5202.39,15.19,4.42,-0.0066636316
2024-04-08,GOOGL,151.634282,153.688766,20702000,5.33,313.023,77.2,5202.39,15.19,4.42,0.0154097676
2024-04-08,NVDA,88.654764,87.08857,283220000,5.33,313.023,77.2,5202.39,15.19,4.42,-0.0099423193
2024-04-09,NVDA,87.397403,85.310463,501700000,5.33,313.023,77.2,5209.91,14.98,4.36,-0.0204172223
2024-04-09,GOOGL,154.919474,155.425659,31079500,5.33,313.023,77.2,5209.91,14.98,4.36,0.011301364
2024-04-09,AAPL,167.178548,168.139801,42373800,5.33,313.023,77.2,5209.91,14.98,4.36,0.0072427039
2024-04-10,AAPL,167.277651,166.266846,49709300,5.33,313.023,77.2,5160.64,15.8,4.55,-0.011139274
2024-04-10,NVDA,83.88321,86.994621,431929000,5.33,313.023,77.2,5160.64,15.8,4.55,0.0197415213
2024-04-11,NVDA,87.375424,90.569794,431637000,5.33,313.023,77.2,5199.06,14.91,4.56,0.0410964767
2024-04-11,GOOGL,155.733332,158.214584,27166400,5.33,313.023,77.2,5199.06,14.91,4.56,0.020942878
2024-04-11,AAPL,166.821793,173.461365,91070300,5.33,313.023,77.2,5199.06,14.91,4.56,0.043270918
2024-04-12,AAPL,172.688378,174.957733,101670900,5.33,313.023,77.2,5123.41,17.31,4.5,0.0086265227
2024-04-12,GOOGL,156.775436,156.54715,25353700,5.33,313.023,77.2,5123.41,17.31,4.5,-0.0105390707
2024-04-12,NVDA,89.653258,88.141029,426805000,5.33,313.023,77.2,5123.41,17.31,4.5,-0.0268164942
2024-04-15,NVDA,89.052559,85.957138,443077000,5.33,313.023,77.2,5061.82,19.23,4.63,-0.0247772384
2024-04-15,GOOGL,157.668719,153.698715,27136500,5.33,313.023,77.2,5061.82,19.23,4.63,-0.0181953773
2024-04-15,AAPL,173.778471,171.132553,73531800,5.33,313.023,77.2,5061.82,19.23,4.63,-0.0218634523
2024-04-16,AAPL,170.201022,167.852402,73711200,5.33,313.023,77.2,5051.41,18.4,4.67,-0.0191673139
2024-04-16,GOOGL,153.033725,153.242142,20779500,5.33,313.023,77.2,5051.41,18.4,4.67,-0.0029705745
2024-04-16,NVDA,86.388921,87.370422,370453000,5.33,313.023,77.2,5051.41,18.4,4.67,0.0164417329
2024-04-17,NVDA,88.294939,83.992142,495400000,5.33,313.023,77.2,5022.21,18.21,4.59,-0.0386661819
2024-04-17,GOOGL,154.452992,154.304123,21763100,5.33,313.023,77.2,5022.21,18.21,4.59,0.0069300859
2024-04-17,AAPL,168.080328,166.484848,50901200,5.33,313.023,77.2,5022.21,18.21,4.59,-0.0081473586
2024-04-18,AAPL,166.51457,165.533493,43122900,5.33,313.023,77.2,5011.12,18.0,4.64,-0.0057143638
2024-04-18,GOOGL,154.175099,154.840073,19883000,5.33,313.023,77.2,5011.12,18.0,4.64,0.0034733337
2024-04-18,NVDA,84.926666,84.627815,447260000,5.33,313.023,77.2,5011.12,18.0,4.64,0.00756825
2024-04-19,NVDA,83.107601,76.16114,875198000,5.33,313.023,77.2,4967.23,18.71,4.62,-0.1000460047
2024-04-19,GOOGL,155.028657,152.934479,32615600,5.33,313.023,77.2,4967.23,18.71,4.62,-0.0123068521
2024-04-19,AAPL,164.71098,163.511887,68149400,5.33,313.023,77.2,4967.23,18.71,4.62,-0.0122126731
2024-04-22,AAPL,164.027224,164.34433,48116400,5.33,313.023,77.2,5010.6,16.94,4.62,0.0050910258
2024-04-22,GOOGL,153.152804,155.108032,26446200,5.33,313.023,77.2,5010.6,16.94,4.62,0.0142123181
2024-04-22,NVDA,78.064167,79.477448,596341000,5.33,313.023,77.2,5010.6,16.94,4.62,0.0435432958
2024-04-23,NVDA,80.727818,82.380974,438559000,5.33,313.023,77.2,5070.55,15.69,4.61,0.036532707
2024-04-23,AAPL,163.858751,165.39476,49537800,5.33,313.023,77.2,5070.55,15.69,4.61,0.0063916431
2024-04-24,AAPL,165.037992,167.495636,48251800,5.33,313.023,77.2,5071.63,15.97,4.65,0.0127021911
2024-04-24,GOOGL,156.309005,157.936707,22779100,5.33,313.023,77.2,5071.63,15.97,4.65,0.0054975015
2024-04-24,NVDA,83.907192,79.636375,512208000,5.33,313.023,77.2,5071.63,15.97,4.65,-0.0333159255
2024-04-25,NVDA,78.827778,82.589867,424641000,5.33,313.023,77.2,5048.42,15.37,4.7,0.0370872129
2024-04-25,GOOGL,150.195162,154.830139,57109700,5.33,313.023,77.2,5048.42,15.37,4.7,-0.0196696984
2024-04-25,AAPL,168.001065,168.357819,50558300,5.33,313.023,77.2,5048.42,15.37,4.7,0.005147493
2024-04-26,AAPL,168.347873,167.773102,44838400,5.33,313.023,77.2,5099.96,15.03,4.67,-0.0034730599
2024-04-26,GOOGL,173.062373,170.660522,64665300,5.33,313.023,77.2,5099.96,15.03,4.67,0.1022435515
2024-04-26,NVDA,83.775267,87.690269,551011000,5.33,313.023,77.2,5099.96,15.03,4.67,0.0617557945
2024-04-29,NVDA,87.55033,87.71225,388971000,5.33,313.023,77.2,5116.17,14.67,4.63,0.0002506582
2024-04-29,GOOGL,167.792188,164.904007,45610000,5.33,313.023,77.2,5116.17,14.67,4.63,-0.0337307974
2024-04-29,AAPL,171.806394,171.935226,68169400,5.33,313.023,77.2,5116.17,14.67,4.63,0.0248080568
2024-04-30,AAPL,171.766767,168.793823,65934800,5.33,313.023,77.2,5035.69,15.65,4.69,-0.0182708527
2024-04-30,GOOGL,164.368091,161.559311,33562900,5.33,313.023,77.2,5035.69,15.65,4.69,-0.0202826851
2024-04-30,NVDA,87.195518,86.357948,363709000,5.33,313.023,77.2,5035.69,15.65,4.69,-0.0154402772
2024-05-01,NVDA,85.033607,82.998642,559863000,5.33,313.175,69.1,5018.39,15.39,4.63,-0.0388997933
2024-05-01,GOOGL,163.067898,162.631195,33493200,5.33,313.175,69.1,5018.39,15.39,4.63,0.006634617
2024-05-01,AAPL,168.050575,167.773102,50383100,5.33,313.175,69.1,5018.39,15.39,4.63,-0.0060471492
2024-05-02,AAPL,170.954183,171.469498,94214900,5.33,313.175,69.1,5064.2,14.68,4.58,0.0220321126
2024-05-02,GOOGL,163.55422,165.370499,24294500,5.33,313.175,69.1,5064.2,14.68,4.58,0.0168436541
2024-05-02,NVDA,84.405933,85.773239,377898000,5.33,313.175,69.1,5064.2,14.68,4.58,0.0334294285
2024-05-03,NVDA,87.744231,88.743721,398341000,5.33,313.175,69.1,5127.79,13.49,4.5,0.0346318024
2024-05-03,GOOGL,166.303478,165.985886,34662400,5.33,313.175,69.1,5127.79,13.49,4.5,0.0037212621
2024-05-03,AAPL,184.966648,181.726151,163224100,5.33,313.175,69.1,5127.79,13.49,4.5,0.0598161945
2024-05-06,AAPL,180.705455,180.071228,78569700,5.33,313.175,69.1,5180.74,13.49,4.49,-0.0091066832
2024-05-06,GOOGL,166.204216,166.839417,21871300,5.33,313.175,69.1,5180.74,13.49,4.49,0.0051421895
2024-05-06,NVDA,89.344412,92.09301,376203000,5.33,313.175,69.1,5180.74,13.49,4.49,0.0377411371
2024-05-07,NVDA,91.051541,90.50782,437342000,5.33,313.175,69.1,5187.7,13.23,4.47,-0.0172129222
2024-05-07,GOOGL,167.236382,169.965759,28039700,5.33,313.175,69.1,5187.7,13.23,4.47,0.0187386341
2024-05-07,AAPL,181.795538,180.755005,77305800,5.33,313.175,69.1,5187.7,13.23,4.47,0.0037972577
2024-05-08,AAPL,181.200927,181.091919,45057100,5.33,313.175,69.1,5187.67,13.0,4.48,0.0018639266
2024-05-08,GOOGL,167.732647,168.109802,19569100,5.33,313.175,69.1,5187.67,13.0,4.48,-0.0109195937
2024-05-08,NVDA,89.437371,90.365898,325721000,5.33,313.175,69.1,5187.67,13.0,4.48,-0.0015680634
2024-05-09,NVDA,90.482841,88.701752,378013000,5.33,313.175,69.1,5214.08,12.69,4.45,-0.0184156464
2024-05-09,GOOGL,168.119738,168.685471,15346700,5.33,313.175,69.1,5214.08,12.69,4.45,0.0034243591
2024-05-09,AAPL,180.913559,182.905441,48983000,5.33,313.175,69.1,5214.08,12.69,4.45,0.0100143747
2024-05-10,AAPL,183.48095,181.645157,50759500,5.33,313.175,69.1,5222.68,12.55,4.5,-0.0068903605
2024-05-10,GOOGL,166.769939,167.385284,29799900,5.33,313.175,69.1,5222.68,12.55,4.5,-0.0077077543
2024-05-10,NVDA,90.258953,89.832169,335325000,5.33,313.175,69.1,5222.68,12.55,4.5,0.0127440197
2024-05-13,NVDA,90.431867,90.352913,289680000,5.33,313.175,69.1,5221.42,13.6,4.48,0.005796858
2024-05-13,GOOGL,163.028188,167.871597,31327600,5.33,313.175,69.1,5221.42,13.6,4.48,0.0029053502
2024-05-13,AAPL,184.016823,184.850372,72044800,5.33,313.175,69.1,5221.42,13.6,4.48,0.0176454771
2024-05-14,GOOGL,168.496889,169.062607,25127100,5.33,313.175,69.1,5246.68,13.42,4.45,0.0070947649
2024-05-14,NVDA,89.553317,91.309425,296507000,5.33,313.175,69.1,5246.68,13.42,4.45,0.0105864041
2024-05-15,NVDA,92.42486,94.581757,417735000,5.33,313.175,69.1,5308.15,12.45,4.36,0.0358378253
2024-05-15,GOOGL,169.350448,171.216339,26948400,5.33,313.175,69.1,5308.15,12.45,4.36,0.0127392588
2024-05-15,AAPL,186.46784,188.263947,70400000,5.33,313.175,69.1,5308.15,12.45,4.36,0.0122179251
2024-05-16,AAPL,189.008196,188.383026,52845200,5.33,313.175,69.1,5297.1,12.42,4.38,0.000632514
2024-05-16,GOOGL,171.990469,172.873795,27867900,5.33,313.175,69.1,5297.1,12.42,4.38,0.0096804747
2024-05-16,NVDA,94.861612,94.31089,323952000,5.33,313.175,69.1,5297.1,12.42,4.38,-0.0028638334
2024-05-17,NVDA,94.32089,92.431847,359691000,5.33,313.175,69.1,5303.27,11.99,4.42,-0.01992393
2024-05-17,GOOGL,172.873809,174.739716,24479300,5.33,313.175,69.1,5303.27,11.99,4.42,0.0107935447
2024-05-17,AAPL,188.055574,188.412811,41282900,5.33,313.175,69.1,5303.27,11.99,4.42,0.0001581096
2024-05-20,AAPL,187.876954,189.573822,44361300,5.33,313.175,69.1,5308.13,12.15,4.44,0.0061620584
2024-05-20,GOOGL,174.868755,175.593277,22554400,5.33,313.175,69.1,5308.13,12.15,4.44,0.004884759
2024-05-20,NVDA,93.702201,94.731674,318764000,5.33,313.175,69.1,5308.13,12.15,4.44,0.0248813332
2024-05-21,NVDA,93.551273,95.337364,328946000,5.33,313.175,69.1,5321.41,11.86,4.41,0.0063937433
2024-05-21,GOOGL,175.573408,176.516296,16989400,5.33,313.175,69.1,5321.41,11.86,4.41,0.005256576
2024-05-21,AAPL,189.623425,190.873764,42309400,5.33,313.175,69.1,5321.41,11.86,4.41,0.006857181
2024-05-22,AAPL,190.794402,189.434906,34648500,5.33,313.175,69.1,5307.01,12.29,4.43,-0.0075382703
2024-05-22,GOOGL,175.315357,175.057312,17880000,5.33,313.175,69.1,5307.01,12.29,4.43,-0.0082654373
2024-05-22,NVDA,95.410324,94.901581,548648000,5.33,313.175,69.1,5307.01,12.29,4.43,-0.0045709611
2024-05-23,NVDA,101.975978,103.746078,835065000,5.33,313.175,69.1,5267.84,12.77,4.47,0.0931965264
2024-05-23,GOOGL,175.742127,172.24852,21024900,5.33,313.175,69.1,5267.84,12.77,4.47,-0.016044986
2024-05-23,AAPL,189.514295,185.44577,51005900,5.33,313.175,69.1,5267.84,12.77,4.47,-0.0210580818
2024-05-24,AAPL,187.370872,188.521957,36327000,5.33,313.175,69.1,5304.72,11.93,4.46,0.0165880685
2024-05-24,GOOGL,173.66783,173.677765,16579400,5.33,313.175,69.1,5304.72,11.93,4.46,0.0082975749
2024-05-24,NVDA,104.395737,106.414711,429494000,5.33,313.175,69.1,5304.72,11.93,4.46,0.0257227314
2024-05-28,NVDA,110.187786,113.842918,652728000,5.33,313.175,69.1,5306.04,12.92,4.54,0.0698043281
2024-05-28,GOOGL,173.14179,175.077164,20572200,5.33,313.175,69.1,5306.04,12.92,4.54,0.0080574436
2024-05-29,AAPL,188.154816,188.82959,53068000,5.33,313.175,69.1,5266.95,14.28,4.61,0.0015789567
2024-05-29,GOOGL,174.114425,174.580902,23388700,5.33,313.175,69.1,5266.95,14.28,4.61,-0.0028345307
2024-05-29,NVDA,112.992345,114.766434,557442000,5.33,313.175,69.1,5266.95,14.28,4.61,0.0081121894
2024-05-30,NVDA,114.591534,110.443649,484553000,5.33,313.175,69.1,5235.48,14.47,4.55,-0.0376659297
2024-05-30,GOOGL,173.88616,170.819336,22931500,5.33,313.175,69.1,5235.48,14.47,4.55,-0.0215462637
2024-05-30,AAPL,189.295983,189.821915,49889100,5.33,313.175,69.1,5235.48,14.47,4.55,0.0052551342
2024-05-31,AAPL,189.970785,190.774567,75158300,5.33,313.175,69.1,5277.51,12.92,4.51,0.0050186617
2024-05-31,GOOGL,170.571206,171.206406,37638900,5.33,313.175,69.1,5277.51,12.92,4.51,0.0022659595
2024-05-31,NVDA,112.462616,109.577095,613263000,5.33,313.175,69.1,5277.51,12.92,4.51,-0.0078461212
2024-06-03,NVDA,113.563058,114.941353,438392000,5.33,313.175,69.1,5283.4,13.11,4.41,0.0489541889
2024-06-03,GOOGL,171.246103,171.871384,27459100,5.33,313.175,69.1,5283.4,13.11,4.41,0.0038840721
2024-06-03,AAPL,191.419576,192.540909,50080500,5.33,313.175,69.1,5283.4,13.11,4.41,0.0092587927
2024-06-04,AAPL,193.146212,192.858444,47471400,5.33,313.175,69.1,5291.34,13.16,4.33,0.0016491841
2024-06-04,GOOGL,171.98054,172.48671,26879600,5.33,313.175,69.1,5291.34,13.16,4.33,0.0035801535
2024-06-04,NVDA,115.657007,116.377632,403324000,5.33,313.175,69.1,5291.34,13.16,4.33,0.0124957577
2024-06-05,NVDA,118.310646,122.377571,528402000,5.33,313.175,69.1,5354.03,12.63,4.29,0.0515557745
2024-06-05,GOOGL,173.886157,174.094589,22068500,5.33,313.175,69.1,5354.03,12.63,4.29,0.0093217596
2024-06-05,AAPL,193.900366,194.36676,54156800,5.33,313.175,69.1,5354.03,12.63,4.29,0.0078208452
2024-06-06,AAPL,194.188132,192.987411,41181800,5.33,313.175,69.1,5352.96,12.58,4.28,-0.0070966288
2024-06-06,GOOGL,174.580901,175.404678,23251000,5.33,313.175,69.1,5352.96,12.58,4.28,0.007525157
2024-06-06,NVDA,123.984742,120.936302,664696000,5.33,313.175,69.1,5352.96,12.58,4.28,-0.011777231
2024-06-07,NVDA,119.708921,120.826355,412386000,5.33,313.175,69.1,5346.99,12.22,4.43,-0.0009091332
2024-06-07,GOOGL,175.722276,173.151703,19661400,5.33,313.175,69.1,5346.99,12.22,4.43,-0.0128444434
2024-06-07,AAPL,193.156123,195.378937,53103900,5.33,313.175,69.1,5346.99,12.22,4.43,0.0123921309
2024-06-10,AAPL,195.388852,191.637863,97010200,5.33,313.175,69.1,5360.79,12.74,4.47,-0.0191477836
2024-06-10,GOOGL,173.857188,173.896927,23726700,5.33,313.175,69.1,5360.79,12.74,4.47,0.0043038791
2024-06-10,NVDA,120.308624,121.727898,313434100,5.33,313.175,69.1,5360.79,12.74,4.47,0.0074614736
2024-06-11,NVDA,121.717901,120.858276,222551200,5.33,313.175,69.1,5375.32,12.85,4.39,-0.0071439768
2024-06-11,GOOGL,175.099224,175.496674,21540600,5.33,313.175,69.1,5375.32,12.85,4.39,0.0091993961
2024-06-11,AAPL,192.163789,205.560181,172373300,5.33,313.175,69.1,5375.32,12.85,4.39,0.0726490959
2024-06-12,AAPL,205.778487,211.434753,198134300,5.33,313.175,69.1,5421.03,12.04,4.31,0.0285783596
2024-06-12,GOOGL,177.116337,176.659256,27864700,5.33,313.175,69.1,5421.03,12.04,4.31,0.0066245267
2024-06-12,NVDA,123.007347,125.146431,299595000,5.33,313.175,69.1,5421.03,12.04,4.31,0.0354808519
2024-06-13,NVDA,129.334643,129.55455,260704500,5.33,313.175,69.1,5433.74,11.94,4.24,0.0352236909
2024-06-13,GOOGL,174.989945,174.04599,20913300,5.33,313.175,69.1,5433.74,11.94,4.24,-0.0147926922
2024-06-13,AAPL,213.091942,212.595779,97862700,5.33,313.175,69.1,5433.74,11.94,4.24,0.0054911786
2024-06-14,AAPL,212.20877,210.859207,70122700,5.33,313.175,69.1,5431.6,12.66,4.2,-0.0081684231
2024-06-14,GOOGL,173.111957,175.665604,18063600,5.33,313.175,69.1,5431.6,12.66,4.2,0.0093056648
2024-06-14,NVDA,129.904416,131.823593,309320400,5.33,313.175,69.1,5431.6,12.66,4.2,0.0175141897
2024-06-17,NVDA,132.933115,130.923965,288504400,5.33,313.175,69.1,5473.23,12.75,4.28,-0.0068244816
2024-06-17,GOOGL,174.344084,176.112762,19618500,5.33,313.175,69.1,5473.23,12.75,4.28,0.0025455115
2024-06-17,AAPL,211.732464,215.007141,93728300,5.33,313.175,69.1,5473.23,12.75,4.28,0.0196715809
2024-06-18,AAPL,215.920062,212.645386,79943300,5.33,313.175,69.1,5487.03,12.3,4.22,-0.0109845439
2024-06-18,GOOGL,176.01339,173.976425,21869900,5.33,313.175,69.1,5487.03,12.3,4.22,-0.012130508
2024-06-18,NVDA,131.083885,135.521988,294335100,5.33,313.175,69.1,5487.03,12.3,4.22,0.0351197922
2024-06-20,NVDA,139.740206,130.72406,517768400,5.33,313.175,69.1,5473.17,13.28,4.25,-0.0354033167
2024-06-20,GOOGL,174.254648,175.178741,20160100,5.33,313.175,69.1,5473.17,13.28,4.25,0.0069108
2024-06-20,AAPL,212.288184,208.070801,86172500,5.33,313.175,69.1,5473.17,13.28,4.25,-0.0215127403
2024-06-21,AAPL,208.775351,205.897614,241805100,5.33,313.175,69.1,5464.62,13.2,4.25,-0.0104444605
2024-06-21,GOOGL,175.874286,178.487564,57759000,5.33,313.175,69.1,5464.62,13.2,4.25,0.0188882658
2024-06-21,NVDA,127.065629,126.515862,649445800,5.33,313.175,69.1,5464.62,13.2,4.25,-0.0321914615
2024-06-24,NVDA,123.187266,118.059464,476060900,5.33,313.175,69.1,5447.87,13.33,4.25,-0.0668406152
2024-06-24,GOOGL,179.014194,178.08017,18298000,5.33,313.175,69.1,5447.87,13.33,4.25,-0.0022824806
2024-06-24,AAPL,206.125828,206.542603,80727000,5.33,313.175,69.1,5447.87,13.33,4.25,0.0031325716
2024-06-25,AAPL,207.544857,207.465485,55549700,5.33,313.175,69.1,5469.3,12.84,4.23,0.0044682408
2024-06-25,GOOGL,178.477617,182.859573,23130200,5.33,313.175,69.1,5469.3,12.84,4.23,0.0268384947
2024-06-25,NVDA,121.148134,126.036041,414192600,5.33,313.175,69.1,5469.3,12.84,4.23,0.0675640692
2024-06-26,NVDA,126.076043,126.345932,362975900,5.33,313.175,69.1,5477.9,12.55,4.32,0.0024587471
2024-06-26,GOOGL,181.46846,182.71051,19839000,5.33,313.175,69.1,5477.9,12.55,4.32,-0.000815178
2024-06-26,AAPL,209.876804,211.613373,66213200,5.33,313.175,69.1,5477.9,12.55,4.32,0.0199931482
2024-06-27,AAPL,213.042332,212.456863,49772700,5.33,313.175,69.1,5482.87,12.24,4.29,0.0039859986
2024-06-27,GOOGL,183.008616,184.230804,18848900,5.33,313.175,69.1,5482.87,12.24,4.29,0.0083207813
2024-06-28,NVDA,124.5267,123.487144,315516700,5.33,313.175,69.1,5460.48,12.44,4.36,-0.0036292535
2024-06-28,GOOGL,183.147728,180.991516,29156600,5.33,313.175,69.1,5460.48,12.44,4.36,-0.0175827725
2024-06-28,AAPL,214.11404,209.003555,82542700,5.33,313.175,69.1,5460.48,12.44,4.36,-0.0162541612
2024-07-01,AAPL,210.462293,215.086533,60402900,5.33,313.569,66.4,5475.09,12.22,4.48,0.0291046594
2024-07-01,GOOGL,181.865911,181.826172,16006100,5.33,313.569,66.4,5475.09,12.22,4.48,0.004611574
2024-07-01,NVDA,123.417179,124.246826,284885500,5.33,313.569,66.4,5475.09,12.22,4.48,0.0061519092
2024-07-02,NVDA,121.078174,122.617516,218374000,5.33,313.569,66.4,5509.01,12.03,4.43,-0.0131134988
2024-07-02,GOOGL,180.89216,184.061874,17372500,5.33,313.569,66.4,5509.01,12.03,4.43,0.0122958235
2024-07-02,AAPL,214.491138,218.579529,58046200,5.33,313.569,66.4,5509.01,12.03,4.43,0.0162399578
2024-07-03,AAPL,218.311578,219.849686,37369800,5.33,313.569,66.4,5537.02,12.09,4.36,0.0058109598
2024-07-03,GOOGL,183.674352,184.638184,10242100,5.33,313.569,66.4,5537.02,12.09,4.36,0.0031310623
2024-07-03,NVDA,121.60795,128.225113,215749000,5.33,313.569,66.4,5537.02,12.09,4.36,0.0457324333
2024-07-05,NVDA,127.325509,125.776176,214176700,5.33,313.569,66.4,5567.19,12.48,4.28,-0.0190987273
2024-07-05,GOOGL,184.677943,189.387802,20967500,5.33,313.569,66.4,5567.19,12.48,4.28,0.0257239236
2024-07-05,AAPL,219.948912,224.602921,60412400,5.33,313.569,66.4,5567.19,12.48,4.28,0.0216203851
2024-07-08,AAPL,225.347186,226.071594,59085900,5.33,313.569,66.4,5572.85,12.37,4.28,0.0065389787
2024-07-08,GOOGL,188.692236,187.827774,21035900,5.33,313.569,66.4,5572.85,12.37,4.28,-0.0082372152
2024-07-08,NVDA,127.435446,128.145142,237677300,5.33,313.569,66.4,5572.85,12.37,4.28,0.0188347684
2024-07-09,NVDA,130.294249,131.323807,285366600,5.33,313.569,66.4,5576.98,12.51,4.3,0.0248051945
2024-07-09,GOOGL,189.099619,187.778076,15121400,5.33,313.569,66.4,5576.98,12.51,4.3,-0.0002645928
2024-07-09,AAPL,226.180713,226.924957,48076100,5.33,313.569,66.4,5576.98,12.51,4.3,0.0037747468
2024-07-10,AAPL,227.540221,231.191971,62627700,5.33,313.569,66.4,5633.91,12.85,4.28,0.0188036327
2024-07-10,GOOGL,187.946978,189.964066,15952500,5.33,313.569,66.4,5633.91,12.85,4.28,0.0116413451
2024-07-10,NVDA,133.972651,134.85228,248978600,5.33,313.569,66.4,5633.91,12.85,4.28,0.0268684939
2024-07-11,NVDA,135.691923,127.345497,374782700,5.33,313.569,66.4,5584.54,12.92,4.2,-0.0556667084
2024-07-11,GOOGL,188.642564,184.389786,25625800,5.33,313.569,66.4,5584.54,12.92,4.2,-0.0293438644
2024-07-11,AAPL,229.614177,225.823502,64710600,5.33,313.569,66.4,5584.54,12.92,4.2,-0.0232208291
2024-07-12,AAPL,227.163113,228.770676,53046500,5.33,313.569,66.4,5615.35,12.46,4.18,0.0130507855
2024-07-12,GOOGL,183.902891,183.89296,22898400,5.33,313.569,66.4,5615.35,12.46,4.18,-0.0026944343
2024-07-12,NVDA,128.205116,129.184708,252680500,5.33,313.569,66.4,5615.35,12.46,4.18,0.0144426819
2024-07-15,NVDA,130.504113,128.385025,208326200,5.33,313.569,66.4,5631.22,13.12,4.23,-0.0061902266
2024-07-15,GOOGL,183.743913,185.343674,16474000,5.33,313.569,66.4,5631.22,13.12,4.23,0.0078889051
2024-07-15,AAPL,234.665098,232.601059,62631300,5.33,313.569,66.4,5631.22,13.12,4.23,0.0167433317
2024-07-16,AAPL,233.196464,233.017853,43234300,5.33,313.569,66.4,5667.2,13.19,4.17,0.0017918827
2024-07-16,GOOGL,186.168383,182.750259,18290700,5.33,313.569,66.4,5667.2,13.19,4.17,-0.013992462
2024-07-16,NVDA,128.385051,126.305939,214769500,5.33,313.569,66.4,5667.2,13.19,4.17,-0.0161941496
2024-07-17,NVDA,121.298085,117.939522,390086200,5.33,313.569,66.4,5588.27,14.48,4.16,-0.0662392997
2024-07-17,GOOGL,181.806324,179.868729,20734100,5.33,313.569,66.4,5588.27,14.48,4.16,-0.0157675878
2024-07-17,AAPL,227.689077,227.123459,57345900,5.33,313.569,66.4,5588.27,14.48,4.16,-0.0252958898
2024-07-18,AAPL,228.512663,222.459473,66034600,5.33,313.569,66.4,5544.59,15.93,4.2,-0.0205350263
2024-07-18,GOOGL,180.772915,176.559891,25315700,5.33,313.569,66.4,5544.59,15.93,4.2,-0.0183958485
2024-07-18,NVDA,121.797877,121.0382,320979500,5.33,313.569,66.4,5544.59,15.93,4.2,0.0262734539
2024-07-19,NVDA,120.29851,117.879547,217223800,5.33,313.569,66.4,5505.0,16.52,4.25,-0.0260963336
2024-07-19,GOOGL,177.742332,176.53009,18881900,5.33,313.569,66.4,5505.0,16.52,4.25,-0.0001687836
2024-07-19,AAPL,223.094581,222.588486,49151500,5.33,313.569,66.4,5505.0,16.52,4.25,0.0005799396
2024-07-22,AAPL,225.267776,222.241196,48201800,5.33,313.569,66.4,5564.41,14.91,4.26,-0.0015602336
2024-07-22,GOOGL,179.441454,180.514587,24100300,5.33,313.569,66.4,5564.41,14.91,4.26,0.0225712062
2024-07-22,NVDA,120.298507,123.487144,258068900,5.33,313.569,66.4,5564.41,14.91,4.26,0.0475705709
2024-07-23,NVDA,122.727473,122.537552,173911000,5.33,313.569,66.4,5555.74,14.72,4.25,-0.0076898093
2024-07-23,GOOGL,180.89216,180.633804,36352700,5.33,313.569,66.4,5555.74,14.72,4.25,0.0006604282
2024-07-23,AAPL,222.648054,223.283142,39960300,5.33,313.569,66.4,5555.74,14.72,4.25,0.0046883586
2024-07-24,AAPL,222.280881,216.862778,61777600,5.33,313.569,66.4,5427.13,18.04,4.28,-0.0287543624
2024-07-24,GOOGL,172.495921,171.532089,49585200,5.33,313.569,66.4,5427.13,18.04,4.28,-0.0503876621
2024-07-24,NVDA,119.119012,114.201118,327776900,5.33,313.569,66.4,5427.13,18.04,4.28,-0.0680316628
2024-07-25,NVDA,112.991641,112.231964,460067000,5.33,313.569,66.4,5399.22,18.46,4.27,-0.017242864
2024-07-25,GOOGL,171.422774,166.216095,44852000,5.33,313.569,66.4,5399.22,18.46,4.27,-0.0309912523
2024-07-25,AAPL,217.249767,215.820831,51391200,5.33,313.569,66.4,5399.22,18.46,4.27,-0.0048046346
2024-07-26,AAPL,217.021558,216.287247,41601300,5.33,313.569,66.4,5459.1,16.39,4.2,0.0021611232
2024-07-26,GOOGL,166.086937,165.937897,41336900,5.33,313.569,66.4,5459.1,16.39,4.2,-0.0016737142
2024-07-26,NVDA,116.140285,113.01162,293399100,5.33,313.569,66.4,5459.1,16.39,4.2,0.0069468218
2024-07-29,NVDA,113.641351,111.542244,248152100,5.33,313.569,66.4,5463.54,16.6,4.17,-0.013001987
2024-07-29,GOOGL,167.756237,168.451782,20293800,5.33,313.569,66.4,5463.54,16.6,4.17,0.0151495562
2024-07-29,AAPL,215.294919,216.565094,36311800,5.33,313.569,66.4,5463.54,16.6,4.17,0.0012846217
2024-07-30,AAPL,217.507795,217.120789,41643800,5.33,313.569,66.4,5436.44,17.69,4.15,0.0025659471
2024-07-30,GOOGL,169.157285,169.206955,18959700,5.33,313.569,66.4,5436.44,17.69,4.15,0.0044830201
2024-07-30,NVDA,111.472275,103.685616,486833300,5.33,313.569,66.4,5436.44,17.69,4.15,-0.0704363489
2024-07-31,NVDA,112.8517,116.969933,473174200,5.33,313.569,66.4,5522.3,16.36,4.09,0.1281211183
2024-07-31,GOOGL,172.138205,170.449005,25729100,5.33,313.569,66.4,5522.3,16.36,4.09,0.0073404203
2024-07-31,AAPL,219.740523,220.37561,50036300,5.33,313.569,66.4,5522.3,16.36,4.09,0.0149908344
2024-08-01,AAPL,222.648044,216.684174,62501000,5.33,314.062,67.9,5446.68,18.59,3.99,-0.0167506593
2024-08-01,GOOGL,169.167214,169.673965,24531400,5.33,314.062,67.9,5446.68,18.59,3.99,-0.0045470472
2024-08-01,NVDA,117.479717,109.163277,523462300,5.33,314.062,67.9,5446.68,18.59,3.99,-0.066740706
2024-08-02,NVDA,103.715606,107.224098,482027500,5.33,314.062,67.9,5346.56,23.39,3.8,-0.0177640185
2024-08-02,GOOGL,165.381435,165.600037,29130100,5.33,314.062,67.9,5346.56,23.39,3.8,-0.0240103355
2024-08-02,AAPL,217.468096,218.172653,105568600,5.33,314.062,67.9,5346.56,23.39,3.8,0.0068693509
2024-08-05,AAPL,197.562031,207.66391,119548600,5.33,314.062,67.9,5186.33,38.57,3.78,-0.0481670967
2024-08-05,GOOGL,154.511032,158.237183,53630700,5.33,314.062,67.9,5186.33,38.57,3.78,-0.0444616689
2024-08-05,NVDA,92.020611,100.407021,552842400,5.33,314.062,67.9,5186.33,38.57,3.78,-0.06357785
2024-08-06,NVDA,103.795578,104.205406,409012100,5.33,314.062,67.9,5240.03,27.71,3.9,0.0378298808
2024-08-06,GOOGL,158.316674,157.283279,49004600,5.33,314.062,67.9,5240.03,27.71,3.9,-0.0060283126
2024-08-06,AAPL,203.724392,205.639572,69660500,5.33,314.062,67.9,5240.03,27.71,3.9,-0.0097481443
2024-08-07,AAPL,205.312113,208.209717,63516400,5.33,314.062,67.9,5199.5,27.85,3.96,0.012498298
2024-08-07,GOOGL,160.224444,157.929138,25138600,5.33,314.062,67.9,5199.5,27.85,3.96,0.0041063409
2024-08-07,NVDA,107.763878,98.867691,411440400,5.33,314.062,67.9,5199.5,27.85,3.96,-0.0512230156
2024-08-08,NVDA,101.956364,104.925095,391910000,5.33,314.062,67.9,5319.31,23.79,3.99,0.0612677762
2024-08-08,GOOGL,159.489144,160.999481,25578800,5.33,314.062,67.9,5319.31,23.79,3.99,0.01944127
2024-08-08,AAPL,211.474466,211.672928,47161100,5.33,314.062,67.9,5319.31,23.79,3.99,0.0166332826
2024-08-09,AAPL,210.472218,214.580444,42201600,5.33,314.062,67.9,5344.16,20.37,3.94,0.013735892
2024-08-09,GOOGL,158.992333,162.629059,28602300,5.33,314.062,67.9,5344.16,20.37,3.94,0.0101216328
2024-08-09,NVDA,105.594811,104.705193,290844200,5.33,314.062,67.9,5344.16,20.37,3.94,-0.0020958002
2024-08-12,NVDA,106.274516,108.973358,325559900,5.33,314.062,67.9,5344.39,20.71,3.9,0.0407636478
2024-08-12,GOOGL,163.304754,161.257843,15895300,5.33,314.062,67.9,5344.39,20.71,3.9,-0.0084315548
2024-08-12,AAPL,214.659919,216.110382,38028100,5.33,314.062,67.9,5344.39,20.71,3.9,0.007129903
2024-08-13,AAPL,217.580743,219.826004,44155300,5.33,314.062,67.9,5434.43,18.12,3.85,0.0171931673
2024-08-13,GOOGL,162.370722,163.115952,18551700,5.33,314.062,67.9,5434.43,18.12,3.85,0.0115225932
2024-08-13,NVDA,112.391895,116.090309,312646700,5.33,314.062,67.9,5434.43,18.12,3.85,0.0653090912
2024-08-14,NVDA,118.479292,118.029488,339246400,5.33,314.062,67.9,5455.21,16.19,3.83,0.0167040512
2024-08-14,GOOGL,161.36714,159.350052,40591100,5.33,314.062,67.9,5455.21,16.19,3.83,-0.0230872556
2024-08-14,AAPL,219.130537,220.273026,41960600,5.33,314.062,67.9,5455.21,16.19,3.83,0.0020335241
2024-08-15,AAPL,223.134252,223.253464,46414000,5.33,314.062,67.9,5543.22,15.23,3.92,0.0135306546
2024-08-15,GOOGL,159.479224,160.274139,31524300,5.33,314.062,67.9,5543.22,15.23,3.92,0.005799104
2024-08-15,NVDA,118.709197,122.807442,318086700,5.33,314.062,67.9,5543.22,15.23,3.92,0.0404810204
2024-08-16,NVDA,121.887833,124.526703,302589900,5.33,314.062,67.9,5554.25,14.8,3.89,0.0139996497
2024-08-16,GOOGL,160.443055,161.923584,24208600,5.33,314.062,67.9,5554.25,14.8,3.89,0.0102913956
2024-08-16,AAPL,222.458679,224.574783,44340200,5.33,314.062,67.9,5554.25,14.8,3.89,0.0059184729
2024-08-19,AAPL,224.246929,224.415817,40687800,5.33,314.062,67.9,5608.25,14.65,3.86,-0.0007078536
2024-08-19,GOOGL,164.228841,165.610001,22416200,5.33,314.062,67.9,5608.25,14.65,3.86,0.0227663972
2024-08-19,NVDA,124.226842,129.944397,318333600,5.33,314.062,67.9,5608.25,14.65,3.86,0.0435062839
2024-08-20,NVDA,128.345066,127.195564,300087400,5.33,314.062,67.9,5597.12,15.88,3.82,-0.0211539148
2024-08-20,GOOGL,165.838512,166.11673,18341500,5.33,314.062,67.9,5597.12,15.88,3.82,0.0030597737
2024-08-20,AAPL,224.296608,225.031769,30299000,5.33,314.062,67.9,5597.12,15.88,3.82,0.0027446886
2024-08-21,AAPL,225.041743,224.922516,34765500,5.33,314.062,67.9,5620.85,16.27,3.79,-0.0004855
2024-08-21,GOOGL,164.099667,164.795227,22902000,5.33,314.062,67.9,5620.85,16.27,3.79,-0.0079552655
2024-08-21,NVDA,127.265527,128.445023,257883600,5.33,314.062,67.9,5620.85,16.27,3.79,0.009823128
2024-08-22,NVDA,129.964385,123.687065,376189100,5.33,314.062,67.9,5570.64,17.55,3.86,-0.0370427547
2024-08-22,GOOGL,166.19621,162.758224,22493300,5.33,314.062,67.9,5570.64,17.55,3.86,-0.0123608104
2024-08-22,AAPL,226.303417,223.064697,43695300,5.33,314.062,67.9,5570.64,17.55,3.86,-0.008259816
2024-08-23,AAPL,224.187327,225.359619,38677300,5.33,314.062,67.9,5634.61,15.86,3.81,0.0102881447
2024-08-23,GOOGL,163.672411,164.566681,13955700,5.33,314.062,67.9,5634.61,15.86,3.81,0.0111113059
2024-08-23,NVDA,125.806144,129.314636,323230300,5.33,314.062,67.9,5634.61,15.86,3.81,0.045498461
2024-08-26,NVDA,129.514569,126.405891,331964700,5.33,314.062,67.9,5616.84,16.15,3.82,-0.0224935467
2024-08-26,GOOGL,165.321812,165.10321,14190400,5.33,314.062,67.9,5616.84,16.15,3.82,0.0032602562
2024-08-26,AAPL,225.280176,225.697433,30602200,5.33,314.062,67.9,5616.84,16.15,3.82,0.0014990012
2024-08-27,AAPL,224.525134,226.541885,35934600,5.33,314.062,67.9,5625.8,15.43,3.83,0.003741522
2024-08-27,GOOGL,164.785255,163.632629,11821900,5.33,314.062,67.9,5625.8,15.43,3.83,-0.0089070409
2024-08-27,NVDA,124.996508,128.245117,303134600,5.33,314.062,67.9,5625.8,15.43,3.83,0.0145501586
2024-08-28,NVDA,128.065188,125.556267,448101100,5.33,314.062,67.9,5592.18,17.11,3.84,-0.0209664934
2024-08-28,GOOGL,163.990329,161.81427,16407400,5.33,314.062,67.9,5592.18,17.11,3.84,-0.0111124498
2024-08-28,AAPL,226.432593,225.011932,38052200,5.33,314.062,67.9,5592.18,17.11,3.84,-0.0067535105
2024-08-29,AAPL,228.598364,228.290375,51906300,5.33,314.062,67.9,5591.96,15.65,3.87,0.0145700823
2024-08-29,GOOGL,163.264991,160.751083,19699800,5.33,314.062,67.9,5591.96,15.65,3.87,-0.0065704134
2024-08-29,NVDA,121.308079,117.539688,453023300,5.33,314.062,67.9,5591.96,15.65,3.87,-0.063848495
2024-08-30,NVDA,119.478859,119.318932,333751600,5.33,314.062,67.9,5648.4,15.0,3.91,0.0151373846
2024-08-30,GOOGL,161.585705,162.340881,22123800,5.33,314.062,67.9,5648.4,15.0,3.91,0.0098898119
2024-08-30,AAPL,228.687775,227.505539,52990800,5.33,314.062,67.9,5648.4,15.0,3.91,-0.003437884
2024-09-03,GOOGL,160.691479,156.359207,38945300,5.33,314.062,67.9,5528.93,20.72,3.84,-0.0368463824
2024-09-03,NVDA,115.960372,107.953796,477155100,5.33,314.062,67.9,5528.93,20.72,3.84,-0.0952500583
2024-09-04,NVDA,105.364905,106.164558,372470300,5.33,314.062,67.9,5520.07,21.32,3.77,-0.0165741089
2024-09-04,GOOGL,155.663658,155.454987,19353800,5.33,314.062,67.9,5520.07,21.32,3.77,-0.0057829699
2024-09-04,AAPL,220.213449,219.408737,43840200,5.33,314.062,67.9,5520.07,21.32,3.77,-0.0086187574
2024-09-05,AAPL,220.183636,220.928741,36615400,5.33,314.062,67.9,5503.41,19.9,3.73,0.006927729
2024-09-05,GOOGL,155.305951,156.239975,18688700,5.33,314.062,67.9,5503.41,19.9,3.73,0.0050496187
2024-09-05,NVDA,104.94508,107.164131,306850700,5.33,314.062,67.9,5503.41,19.9,3.73,0.0094153149
2024-09-06,NVDA,107.993781,102.786011,413638100,5.33,314.062,67.9,5408.42,22.38,3.72,-0.0408543453
2024-09-06,GOOGL,156.299572,149.960144,37912100,5.33,314.062,67.9,5408.42,22.38,3.72,-0.0401934968
2024-09-06,AAPL,222.488485,219.378922,48423000,5.33,314.062,67.9,5408.42,22.38,3.72,-0.0070150218
2024-09-09,AAPL,219.378929,219.468338,67180000,5.33,314.062,67.9,5471.05,19.45,3.7,0.0004075893
2024-09-09,GOOGL,151.741111,147.960281,39260500,5.33,314.062,67.9,5471.05,19.45,3.7,-0.0133359613
2024-09-09,NVDA,104.83513,106.424454,273912000,5.33,314.062,67.9,5471.05,19.45,3.7,0.0353982314
2024-09-10,NVDA,107.763872,108.053749,268283700,5.33,314.062,67.9,5495.52,19.08,3.65,0.0153094077
2024-09-10,GOOGL,149.691507,147.910538,31118800,5.33,314.062,67.9,5495.52,19.08,3.65,-0.000336196
2024-09-10,AAPL,217.491317,218.673553,51591000,5.33,314.062,67.9,5495.52,19.08,3.65,-0.0036214087
2024-09-11,AAPL,220.014774,221.20694,44587100,5.33,314.062,67.9,5554.13,17.69,3.65,0.0115852429
2024-09-11,GOOGL,149.16418,150.397934,29607700,5.33,314.062,67.9,5554.13,17.69,3.65,0.0168168967
2024-09-11,NVDA,109.343198,116.859985,441422400,5.33,314.062,67.9,5554.13,17.69,3.65,0.0814986647
2024-09-12,NVDA,116.800004,119.09922,366052700,5.33,314.062,67.9,5595.76,17.07,3.68,0.019161691
2024-09-12,GOOGL,153.024644,153.910156,29621500,5.33,314.062,67.9,5595.76,17.07,3.68,0.0233528626
2024-09-12,AAPL,221.047966,221.316208,37455600,5.33,314.062,67.9,5595.76,17.07,3.68,0.0004939637
2024-09-13,AAPL,222.120912,221.047958,36766600,5.33,314.062,67.9,5626.02,16.56,3.66,-0.0012120645
2024-09-13,GOOGL,154.646404,156.666183,29591200,5.33,314.062,67.9,5626.02,16.56,3.66,0.0179067275
2024-09-13,NVDA,119.039245,119.059235,238358300,5.33,314.062,67.9,5626.02,16.56,3.66,-0.000335734
2024-09-16,NVDA,116.750019,116.740021,248772300,5.33,314.062,67.9,5633.09,17.14,3.63,-0.0194794959
2024-09-16,GOOGL,156.516934,157.263153,18379800,5.33,314.062,67.9,5633.09,17.14,3.63,0.003810456
2024-09-16,AAPL,215.126845,214.908295,59357400,5.33,314.062,67.9,5633.09,17.14,3.63,-0.0277752563
2024-09-17,AAPL,214.342007,215.375214,45519300,5.33,314.062,67.9,5634.58,17.61,3.65,0.0021726427
2024-09-17,GOOGL,158.218325,158.516815,20715600,5.33,314.062,67.9,5634.58,17.61,3.65,0.0079717473
2024-09-17,NVDA,118.129549,115.55043,231925900,5.33,314.062,67.9,5634.58,17.61,3.65,-0.0101900826
2024-09-18,NVDA,115.850326,113.331192,310318900,5.33,314.062,67.9,5618.26,18.23,3.7,-0.0192057985
2024-09-18,GOOGL,159.054069,159.004318,23677300,5.33,314.062,67.9,5618.26,18.23,3.7,0.0030754028
2024-09-18,AAPL,216.130263,219.249771,59894900,5.33,314.062,67.9,5618.26,18.23,3.7,0.0179898022
2024-09-19,AAPL,223.521705,227.376373,66781300,5.33,314.062,67.9,5713.64,16.33,3.73,0.037065499
2024-09-19,GOOGL,162.884663,161.322571,26587700,5.33,314.062,67.9,5713.64,16.33,3.73,0.0145798088
2024-09-19,NVDA,117.309825,117.829651,293506400,5.33,314.062,67.9,5713.64,16.33,3.73,0.039693034
2024-09-20,NVDA,117.019931,115.960297,382462400,5.33,314.062,67.9,5702.55,16.15,3.73,-0.0158648883
2024-09-20,GOOGL,162.675731,162.765274,40896400,5.33,314.062,67.9,5702.55,16.15,3.73,0.0089429721
2024-09-20,AAPL,228.469192,226.710739,318679900,5.33,314.062,67.9,5702.55,16.15,3.73,-0.0029274552
2024-09-23,AAPL,225.856383,224.992065,54146000,5.33,314.062,67.9,5718.57,15.89,3.75,-0.00758091
2024-09-23,GOOGL,163.521454,161.034058,24150900,5.33,314.062,67.9,5718.57,15.89,3.75,-0.0106362763
2024-09-23,NVDA,116.510109,116.220207,206228500,5.33,314.062,67.9,5718.57,15.89,3.75,0.0022413756
2024-09-24,NVDA,116.480111,120.828629,354966800,5.33,314.062,67.9,5732.93,15.39,3.74,0.0396524962
2024-09-24,GOOGL,162.208092,161.471817,23332100,5.33,314.062,67.9,5732.93,15.39,3.74,0.0027184274
2024-09-24,AAPL,227.157815,225.886169,43556100,5.33,314.062,67.9,5732.93,15.39,3.74,0.0039739357
2024-09-25,AAPL,223.462095,224.8927,42308700,5.33,314.062,67.9,5722.26,15.41,3.79,-0.0043980968
2024-09-25,GOOGL,160.655954,160.675858,18869200,5.33,314.062,67.9,5722.26,15.41,3.79,-0.0049294018
2024-09-25,NVDA,121.978225,123.46772,284692900,5.33,314.062,67.9,5722.26,15.41,3.79,0.0218416076
2024-09-26,NVDA,126.756593,123.997536,302582900,5.33,314.062,67.9,5745.37,15.37,3.79,0.0042911271
2024-09-26,GOOGL,162.815023,161.909607,20319300,5.33,314.062,67.9,5745.37,15.37,3.79,0.0076784989
2024-09-26,AAPL,225.816621,226.035187,36636700,5.33,314.062,67.9,5745.37,15.37,3.79,0.0050801408
2024-09-27,AAPL,226.969062,226.303421,34026000,5.33,314.062,67.9,5738.17,16.96,3.75,0.0011866925
2024-09-27,GOOGL,161.989207,163.123459,21101300,5.33,314.062,67.9,5738.17,16.96,3.75,0.0074970964
2024-09-30,NVDA,118.269496,121.39843,226553700,5.33,314.062,67.9,5762.48,16.73,3.81,0.0003294839
2024-09-30,GOOGL,162.496642,165.013885,20413900,5.33,314.062,67.9,5762.48,16.73,3.81,0.0115889318
2024-09-30,AAPL,228.538727,231.479416,54541900,5.33,314.062,67.9,5762.48,16.73,3.81,0.022871925
2024-10-01,AAPL,228.022161,224.733765,63285000,4.83,315.631,70.5,5708.75,19.26,3.74,-0.0291414734
2024-10-01,GOOGL,166.844585,166.148117,28338100,4.83,315.631,70.5,5708.75,19.26,3.74,0.0068735523
2024-10-01,NVDA,121.728301,116.959938,302094500,4.83,315.631,70.5,5708.75,19.26,3.74,-0.036561361
2024-10-02,NVDA,116.400147,118.809319,221845900,4.83,315.631,70.5,5709.54,18.9,3.79,0.0158120851
2024-10-02,GOOGL,165.580993,165.023819,17760200,4.83,315.631,70.5,5709.54,18.9,3.79,-0.0067668422
2024-10-02,AAPL,224.415827,225.300018,32880600,4.83,315.631,70.5,5709.54,18.9,3.79,0.0025196644
2024-10-03,AAPL,223.670726,224.197266,34044200,4.83,315.631,70.5,5699.94,20.49,3.85,-0.0048945965
2024-10-03,GOOGL,163.581132,165.023819,15073100,4.83,315.631,70.5,5699.94,20.49,3.85,0.0
2024-10-03,NVDA,120.878606,122.807945,277118000,4.83,315.631,70.5,5699.94,20.49,3.85,0.0336558341
2024-10-04,NVDA,124.89724,124.877243,243678100,4.83,315.631,70.5,5751.07,19.21,3.98,0.016849869
2024-10-04,GOOGL,167.212732,166.217773,19047400,4.83,315.631,70.5,5751.07,19.21,3.98,0.0072350433
2024-10-04,AAPL,226.412713,225.319901,37245100,4.83,315.631,70.5,5751.07,19.21,3.98,0.0050073532
2024-10-07,AAPL,223.034915,220.243256,39505400,4.83,315.631,70.5,5695.94,22.64,4.03,-0.0225308323
2024-10-07,GOOGL,166.874434,162.158325,22463100,4.83,315.631,70.5,5695.94,22.64,4.03,-0.0244224679
2024-10-07,NVDA,124.947216,127.676285,346250200,4.83,315.631,70.5,5695.94,22.64,4.03,0.0224143461
2024-10-08,NVDA,130.215393,132.844498,285722500,4.83,315.631,70.5,5751.13,21.42,4.04,0.0404790357
2024-10-08,GOOGL,163.113516,163.5513,23072700,4.83,315.631,70.5,5751.13,21.42,4.04,0.0085902149
2024-10-08,AAPL,222.836208,224.296616,31855700,4.83,315.631,70.5,5751.13,21.42,4.04,0.0184040141
2024-10-09,AAPL,223.760137,228.042007,33591100,4.83,315.631,70.5,5792.04,20.86,4.06,0.0166983877
2024-10-09,GOOGL,162.625956,161.043976,31181800,4.83,315.631,70.5,5792.04,20.86,4.06,-0.0153305062
2024-10-09,NVDA,134.064091,132.604584,246191600,4.83,315.631,70.5,5792.04,20.86,4.06,-0.0018059757
2024-10-10,NVDA,131.864854,134.763855,242311300,4.83,315.631,70.5,5780.05,20.93,4.09,0.0162835339
2024-10-10,GOOGL,160.058972,161.262878,14144100,4.83,315.631,70.5,5780.05,20.93,4.09,0.0013592721
2024-10-10,AAPL,226.293486,227.545258,28183500,4.83,315.631,70.5,5780.05,20.93,4.09,-0.0021783262
2024-10-11,AAPL,227.803582,226.065002,31759200,4.83,315.631,70.5,5815.03,20.46,4.08,-0.0065053218
2024-10-11,GOOGL,161.312633,162.417038,15344300,4.83,315.631,70.5,5815.03,20.46,4.08,0.007157007
2024-10-14,NVDA,136.423292,138.022751,232347700,4.83,315.631,70.5,5859.85,19.7,4.08,0.0242582318
2024-10-14,GOOGL,162.81502,164.128372,19016100,4.83,315.631,70.5,5859.85,19.7,4.08,0.0105366669
2024-10-14,AAPL,227.207504,229.790543,39882100,4.83,315.631,70.5,5859.85,19.7,4.08,0.016479951
2024-10-15,AAPL,232.085444,232.323883,64751400,4.83,315.631,70.5,5815.26,20.64,4.03,0.0110245636
2024-10-15,GOOGL,164.954162,164.625839,20247200,4.83,315.631,70.5,5815.26,20.64,4.03,0.0030309631
2024-10-15,NVDA,137.822805,131.554962,377831000,4.83,315.631,70.5,5815.26,20.64,4.03,-0.0468603086
2024-10-16,NVDA,133.934128,135.673538,264879700,4.83,315.631,70.5,5842.47,19.58,4.02,0.0313068848
2024-10-16,GOOGL,163.700518,164.327347,16406000,4.83,315.631,70.5,5842.47,19.58,4.02,-0.0018131566
2024-10-16,AAPL,230.088562,230.26738,34082200,4.83,315.631,70.5,5842.47,19.58,4.02,-0.0088518807
2024-10-17,AAPL,231.906625,230.634979,32993800,4.83,315.631,70.5,5841.47,19.11,4.09,0.0015964028
2024-10-17,GOOGL,164.894484,162.108597,21453400,4.83,315.631,70.5,5841.47,19.11,4.09,-0.0135020132
2024-10-17,NVDA,139.292312,136.883133,306435900,4.83,315.631,70.5,5841.47,19.11,4.09,0.0089154801
2024-10-18,NVDA,138.622528,137.952759,176090200,4.83,315.631,70.5,5864.67,18.03,4.08,0.0078141538
2024-10-18,GOOGL,162.367279,162.596115,19757700,4.83,315.631,70.5,5864.67,18.03,4.08,0.0030073563
2024-10-18,AAPL,234.638662,233.46637,46431500,4.83,315.631,70.5,5864.67,18.03,4.08,0.0122765003
2024-10-21,AAPL,232.919941,234.936691,36254500,4.83,315.631,70.5,5853.98,18.37,4.19,0.0062977878
2024-10-21,GOOGL,162.12851,163.242874,20946500,4.83,315.631,70.5,5853.98,18.37,4.19,0.0039777029
2024-10-22,NVDA,142.861088,143.540848,226311600,4.83,315.631,70.5,5851.2,18.2,4.2,-0.0008350544
2024-10-22,GOOGL,162.158335,164.307449,16568100,4.83,315.631,70.5,5851.2,18.2,4.2,0.0065214191
2024-10-22,AAPL,232.36364,234.320786,38846600,4.83,315.631,70.5,5851.2,18.2,4.2,-0.0026215818
2024-10-23,AAPL,232.552369,229.254028,52287000,4.83,315.631,70.5,5797.42,19.24,4.24,-0.0216231658
2024-10-23,GOOGL,163.929364,161.959351,18280500,4.83,315.631,70.5,5797.42,19.24,4.24,-0.0142908843
2024-10-23,NVDA,141.981378,139.512222,285930000,4.83,315.631,70.5,5797.42,19.24,4.24,-0.0280660561
2024-10-24,NVDA,140.771802,140.361938,172354900,4.83,315.631,70.5,5809.86,19.08,4.21,0.0060906218
2024-10-24,GOOGL,162.009089,161.899643,22412500,4.83,315.631,70.5,5809.86,19.08,4.21,-0.0003686582
2024-10-24,AAPL,228.479131,229.065292,31109500,4.83,315.631,70.5,5809.86,19.08,4.21,-0.0008232613
2024-10-25,AAPL,228.240726,229.899826,38802300,4.83,315.631,70.5,5808.12,20.33,4.25,0.0036432132
2024-10-25,GOOGL,162.844889,164.436829,19828900,4.83,315.631,70.5,5808.12,20.33,4.25,0.0156713481
2024-10-25,NVDA,140.881755,141.491547,205122100,4.83,315.631,70.5,5808.12,20.33,4.25,0.0080478238
2024-10-28,NVDA,142.951055,140.471909,173586700,4.83,315.631,70.5,5823.52,19.8,4.28,-0.0072063532
2024-10-28,GOOGL,167.899266,165.879501,32138600,4.83,315.631,70.5,5823.52,19.8,4.28,0.0087734162
2024-10-28,AAPL,231.797366,231.876831,36087100,4.83,315.631,70.5,5823.52,19.8,4.28,0.0085994193
2024-10-29,AAPL,231.578793,232.145065,35417200,4.83,315.631,70.5,5832.92,19.34,4.28,0.0011567963
2024-10-29,GOOGL,166.884373,168.824539,42169000,4.83,315.631,70.5,5832.92,19.34,4.28,0.0177540794
2024-10-29,NVDA,140.241967,141.201645,157593600,4.83,315.631,70.5,5832.92,19.34,4.28,0.0051948915
2024-10-30,NVDA,139.492226,139.292297,179418100,4.83,315.631,70.5,5813.67,20.35,4.29,-0.0135221338
2024-10-30,GOOGL,179.769103,173.580475,68890800,4.83,315.631,70.5,5813.67,20.35,4.29,0.028170879
2024-10-30,AAPL,231.091972,228.598358,47070900,4.83,315.631,70.5,5813.67,20.35,4.29,-0.0152779778
2024-10-31,AAPL,227.843323,224.435715,64370100,4.83,315.631,70.5,5705.45,23.16,4.28,-0.0182094196
2024-10-31,GOOGL,172.257181,170.24736,44769000,4.83,315.631,70.5,5705.45,23.16,4.28,-0.0192021287
2024-10-31,NVDA,137.552909,132.714554,270039600,4.83,315.631,70.5,5705.45,23.16,4.28,-0.0472225935
2024-11-01,NVDA,134.653896,135.353653,207127800,4.64,316.528,71.8,5728.8,21.88,4.37,0.0198855291
2024-11-01,GOOGL,169.212602,170.426437,31796500,4.64,316.528,71.8,5728.8,21.88,4.37,0.0010518645
2024-11-01,AAPL,219.52795,221.455292,65276700,4.64,316.528,71.8,5728.8,21.88,4.37,-0.0132796288
2024-11-04,AAPL,219.547825,220.561157,44944500,4.64,316.528,71.8,5712.69,21.98,4.31,-0.0040375397
2024-11-04,GOOGL,169.073288,168.38678,21492700,4.64,316.528,71.8,5712.69,21.98,4.31,-0.0119679647
2024-11-04,NVDA,137.16304,136.003433,187528200,4.64,316.528,71.8,5712.69,21.98,4.31,0.0048006113
2024-11-05,NVDA,137.402942,139.862106,160537400,4.64,316.528,71.8,5782.76,20.49,4.26,0.0283718801
2024-11-05,GOOGL,168.575812,168.884262,18242100,4.64,316.528,71.8,5782.76,20.49,4.26,0.0029544024
2024-11-05,AAPL,220.352534,221.99176,28111300,4.64,316.528,71.8,5782.76,20.49,4.26,0.0064861966
2024-11-06,AAPL,221.157227,221.26651,54561100,4.64,316.528,71.8,5929.04,16.27,4.42,-0.0032670143
2024-11-06,GOOGL,172.923803,175.620132,33695500,4.64,316.528,71.8,5929.04,16.27,4.42,0.0398845356
2024-11-06,NVDA,142.911078,145.560165,242043900,4.64,316.528,71.8,5929.04,16.27,4.42,0.0407405496
2024-11-07,NVDA,146.339887,148.829041,207323300,4.64,316.528,71.8,5973.1,15.2,4.31,0.0224572094
2024-11-07,GOOGL,176.515602,179.83876,25352900,4.64,316.528,71.8,5973.1,15.2,4.31,0.024021323
2024-11-07,AAPL,223.164061,225.995453,42137700,4.64,316.528,71.8,5973.1,15.2,4.31,0.0213721583
2024-11-08,AAPL,225.935779,225.726929,38328800,4.64,316.528,71.8,5995.54,14.94,4.3,-0.001188184
2024-11-08,GOOGL,179.739244,177.450851,22006200,4.64,316.528,71.8,5995.54,14.94,4.3,-0.0132780549
2024-11-08,NVDA,148.719046,147.579437,175665800,4.64,316.528,71.8,5995.54,14.94,4.3,-0.0083962328
2024-11-11,NVDA,148.629093,145.210266,182325600,4.64,316.528,71.8,6001.35,14.97,4.3,-0.0160535315
2024-11-11,GOOGL,177.6797,179.440781,17450400,4.64,316.528,71.8,6001.35,14.97,4.3,0.0112139738
2024-11-11,AAPL,223.77757,223.011749,42005600,4.64,316.528,71.8,6001.35,14.97,4.3,-0.0120286023
2024-11-12,AAPL,223.330018,223.011749,40398300,4.64,316.528,71.8,5983.99,14.71,4.43,0.0
2024-11-12,GOOGL,178.913463,180.704376,25134900,4.64,316.528,71.8,5983.99,14.71,4.43,0.0070418529
2024-11-12,NVDA,146.729735,148.239212,198634700,4.64,316.528,71.8,5983.99,14.71,4.43,0.0208590343
2024-11-13,NVDA,149.018985,146.21994,191903300,4.64,316.528,71.8,5985.38,14.02,4.44,-0.013621712
2024-11-13,GOOGL,179.550232,177.978195,23184000,4.64,316.528,71.8,5985.38,14.02,4.44,-0.015086414
2024-11-13,AAPL,222.792926,223.896896,48566200,4.64,316.528,71.8,5985.38,14.02,4.44,0.0039690604
2024-11-14,AAPL,223.797461,226.980072,44923900,4.64,316.528,71.8,5949.17,14.31,4.43,0.0137705154
2024-11-14,GOOGL,177.381209,174.694824,31007500,4.64,316.528,71.8,5949.17,14.31,4.43,-0.0184481642
2024-11-14,NVDA,147.589466,146.709763,194463300,4.64,316.528,71.8,5949.17,14.31,4.43,0.0033499014
2024-11-15,NVDA,144.820391,141.931381,250132900,4.64,316.528,71.8,5870.62,16.14,4.43,-0.0325703025
2024-11-15,GOOGL,172.854146,171.620407,32504600,4.64,316.528,71.8,5870.62,16.14,4.43,-0.0175987876
2024-11-15,AAPL,225.169945,223.777557,47923700,4.64,316.528,71.8,5870.62,16.14,4.43,-0.0141092327
2024-11-18,AAPL,224.026189,226.781143,44633700,4.64,316.528,71.8,5893.62,15.58,4.42,0.0134221941
2024-11-18,GOOGL,172.545717,174.416245,20135300,4.64,316.528,71.8,5893.62,15.58,4.42,0.0162908214
2024-11-18,NVDA,139.452234,140.102005,221205300,4.64,316.528,71.8,5893.62,15.58,4.42,-0.0128891596
2024-11-19,NVDA,141.271632,146.959671,227834900,4.64,316.528,71.8,5916.98,16.35,4.39,0.0489476651
2024-11-19,GOOGL,172.844189,177.222,23434900,4.64,316.528,71.8,5916.98,16.35,4.39,0.0160865499
2024-11-19,AAPL,225.746809,227.039749,36211800,4.64,316.528,71.8,5916.98,16.35,4.39,0.0011403327
2024-11-20,AAPL,226.820934,227.755829,35169600,4.64,316.528,71.8,5917.11,17.16,4.41,0.0031539839
2024-11-20,GOOGL,176.445948,175.092804,18997100,4.64,316.528,71.8,5917.11,17.16,4.41,-0.0120142881
2024-11-20,NVDA,147.359541,145.840057,309871700,4.64,316.528,71.8,5917.11,17.16,4.41,-0.0076185095
2024-11-21,NVDA,149.298887,146.619797,400946600,4.64,316.528,71.8,5948.71,16.87,4.43,0.0053465378
2024-11-21,GOOGL,173.023291,166.784912,59734400,4.64,316.528,71.8,5948.71,16.87,4.43,-0.0474485054
2024-11-21,AAPL,227.636487,227.278442,42108300,4.64,316.528,71.8,5948.71,16.87,4.43,-0.002096045
2024-11-22,AAPL,226.82093,228.621094,38168300,4.64,316.528,71.8,5969.34,15.24,4.41,0.0059075175
2024-11-22,GOOGL,165.013868,163.929352,38604600,4.64,316.528,71.8,5969.34,15.24,4.41,-0.0171212148
2024-11-22,NVDA,145.880031,141.901398,236406200,4.64,316.528,71.8,5969.34,15.24,4.41,-0.0321811867
2024-11-25,NVDA,141.941392,135.973434,344941900,4.64,316.528,71.8,5987.37,14.6,4.27,-0.0417752281
2024-11-25,GOOGL,165.252677,166.80481,33135300,4.64,316.528,71.8,5987.37,14.6,4.27,0.0175408353
2024-11-25,AAPL,230.20247,231.604797,90152800,4.64,316.528,71.8,5987.37,14.6,4.27,0.0130508675
2024-11-26,AAPL,232.062317,233.782913,45986200,4.64,316.528,71.8,6021.63,14.1,4.3,0.0094044505
2024-11-26,GOOGL,166.784901,168.26738,20486700,4.64,316.528,71.8,6021.63,14.1,4.3,0.0087681536
2024-11-26,NVDA,137.65287,136.873138,190287700,4.64,316.528,71.8,6021.63,14.1,4.3,0.0066167629
2024-11-27,NVDA,134.963767,135.293655,226370900,4.64,316.528,71.8,5998.74,14.1,4.25,-0.011539759
2024-11-27,GOOGL,168.147995,168.376831,19266500,4.64,316.528,71.8,5998.74,14.1,4.25,0.0006504606
2024-11-27,AAPL,233.196118,233.65361,33498400,4.64,316.528,71.8,5998.74,14.1,4.25,-0.0005530899
2024-11-29,AAPL,233.534245,236.040558,28481400,4.64,316.528,71.8,6032.38,13.51,4.18,0.0102157533
2024-11-29,GOOGL,167.650508,168.098236,14257200,4.64,316.528,71.8,6032.38,13.51,4.18,-0.0016545921
2024-11-29,NVDA,136.733184,138.202682,141863200,4.64,316.528,71.8,6032.38,13.51,4.18,0.0215015781
2024-12-02,NVDA,138.782479,138.58255,171682800,4.64,316.528,71.8,6047.15,13.34,4.19,0.0027486265
2024-12-02,GOOGL,167.919169,170.625458,23789100,4.64,316.528,71.8,6047.15,13.34,4.19,0.0150341951
2024-12-02,AAPL,235.980897,238.288284,48137100,4.64,316.528,71.8,6047.15,13.34,4.19,0.0095226281
2024-12-03,AAPL,238.507114,241.33168,38861000,4.64,316.528,71.8,6049.88,13.3,4.23,0.0127719078
2024-12-03,GOOGL,170.625449,170.476196,22248700,4.64,316.528,71.8,6049.88,13.3,4.23,-0.0008747902
2024-12-03,NVDA,138.212675,140.21199,164414000,4.64,316.528,71.8,6049.88,13.3,4.23,0.0117579039
2024-12-04,NVDA,141.951392,145.090317,231224300,4.64,316.528,71.8,6086.49,13.45,4.19,0.0347925053
2024-12-04,GOOGL,170.287168,173.490936,31615100,4.64,316.528,71.8,6086.49,13.45,4.19,0.0176842284
2024-12-04,AAPL,241.550489,241.689728,44383900,4.64,316.528,71.8,6086.49,13.45,4.19,0.0014836323
2024-12-05,AAPL,242.664394,241.719543,40033900,4.64,316.528,71.8,6075.11,13.54,4.17,0.0001233634
2024-12-05,GOOGL,174.475957,171.769669,21356200,4.64,316.528,71.8,6075.11,13.54,4.17,-0.0099213696
2024-12-05,NVDA,145.070329,145.02034,172621200,4.64,316.528,71.8,6075.11,13.54,4.17,-0.0004822983
2024-12-06,NVDA,144.560475,142.401062,188505600,4.64,316.528,71.8,6090.27,12.77,4.15,-0.0180614523
2024-12-06,GOOGL,171.162727,173.829224,21462400,4.64,316.528,71.8,6090.27,12.77,4.15,0.0119902138
2024-12-06,AAPL,241.590257,241.52063,36870600,4.64,316.528,71.8,6090.27,12.77,4.15,-0.0008229106
2024-12-09,AAPL,240.516126,245.409393,44649200,4.64,316.528,71.8,6052.85,14.19,4.2,0.0161011646
2024-12-09,GOOGL,173.281349,174.685837,25389600,4.64,316.528,71.8,6052.85,14.19,4.2,0.0049279007
2024-12-09,NVDA,138.931994,138.772034,189308600,4.64,316.528,71.8,6052.85,14.19,4.2,-0.0254845594
2024-12-10,NVDA,138.971975,135.033066,210020900,4.64,316.528,71.8,6034.91,14.18,4.22,-0.0269432377
2024-12-10,GOOGL,182.13669,184.447632,54813000,4.64,316.528,71.8,6034.91,14.18,4.22,0.0558820064
2024-12-10,AAPL,245.54865,246.423874,36914800,4.64,316.528,71.8,6034.91,14.18,4.22,0.0041338295
2024-12-11,AAPL,246.612848,245.150833,45205800,4.64,316.528,71.8,6084.19,13.58,4.26,-0.005166061
2024-12-11,GOOGL,184.587062,194.637695,67894100,4.64,316.528,71.8,6084.19,13.58,4.26,0.0552463774
2024-12-11,NVDA,137.322433,139.271896,184905200,4.64,316.528,71.8,6084.19,13.58,4.26,0.0313910563
2024-12-12,NVDA,137.042521,137.302444,159211400,4.64,316.528,71.8,6051.25,13.92,4.32,-0.0141410576
2024-12-12,GOOGL,194.23927,191.211136,34817500,4.64,316.528,71.8,6051.25,13.92,4.32,-0.017604809
2024-12-12,AAPL,245.548645,246.612839,32777500,4.64,316.528,71.8,6051.25,13.92,4.32,0.0059636983
2024-12-13,AAPL,246.473593,246.781906,33155300,4.64,316.528,71.8,6051.09,13.81,4.4,0.0006855579
2024-12-13,GOOGL,190.264828,189.079483,25143500,4.64,316.528,71.8,6051.09,13.81,4.4,-0.0111481626
2024-12-13,NVDA,138.902007,134.213287,231514900,4.64,316.528,71.8,6051.09,13.81,4.4,-0.0224989228
2024-12-16,NVDA,134.143294,131.963898,237951100,4.64,316.528,71.8,6074.08,14.69,4.39,-0.0167598134
2024-12-16,GOOGL,192.117569,195.892792,44934900,4.64,316.528,71.8,6074.08,14.69,4.39,0.0360340985
2024-12-16,AAPL,246.642669,249.676086,51694800,4.64,316.528,71.8,6074.08,14.69,4.39,0.0117276843
2024-12-17,AAPL,248.721307,252.102829,51356400,4.64,316.528,71.8,6050.61,15.87,4.4,0.0097195634
2024-12-17,GOOGL,196.480486,194.657623,43504000,4.64,316.528,71.8,6050.61,15.87,4.4,-0.0063053288
2024-12-17,NVDA,129.054692,130.35434,259410300,4.64,316.528,71.8,6050.61,15.87,4.4,-0.0121969579
2024-12-18,NVDA,133.823399,128.874756,277444500,4.64,316.528,71.8,5872.16,27.62,4.5,-0.0113504755
2024-12-18,GOOGL,194.458425,187.665024,34166100,4.64,316.528,71.8,5872.16,27.62,4.5,-0.0359225566
2024-12-18,AAPL,250.790002,246.702332,56774100,4.64,316.528,71.8,5872.16,27.62,4.5,-0.0214218042
2024-12-19,AAPL,246.155325,248.432877,60882300,4.64,316.528,71.8,5867.08,24.09,4.57,0.0070147089
2024-12-19,GOOGL,190.882436,187.774597,32265200,4.64,316.528,71.8,5867.08,24.09,4.57,0.0005838774
2024-12-19,NVDA,131.723948,130.644241,209719200,4.64,316.528,71.8,5867.08,24.09,4.57,0.0137302722
2024-12-20,NVDA,129.7745,134.663162,306528600,4.64,316.528,71.8,5930.85,18.36,4.52,0.0307623272
2024-12-20,GOOGL,185.055228,190.663269,63462900,4.64,316.528,71.8,5930.85,18.36,4.52,0.0153837203
2024-12-20,AAPL,246.692406,253.107376,147495300,4.64,316.528,71.8,5930.85,18.36,4.52,0.0188159457
2024-12-23,AAPL,253.385849,253.883133,40858800,4.64,316.528,71.8,5974.07,16.78,4.59,0.0030649318
2024-12-23,GOOGL,191.868544,193.870712,25675000,4.64,316.528,71.8,5974.07,16.78,4.59,0.0168225545
2024-12-23,NVDA,136.242718,139.63179,176053500,4.64,316.528,71.8,5974.07,16.78,4.59,0.0368967121
2024-12-24,NVDA,139.961715,140.181656,105157000,4.64,316.528,71.8,6040.04,14.27,4.59,0.0039379694
2024-12-24,GOOGL,194.079906,195.344955,10403300,4.64,316.528,71.8,6040.04,14.27,4.59,0.0076042593
2024-12-26,AAPL,256.787224,257.612701,27237100,4.64,316.528,71.8,6037.59,14.73,4.58,0.0031756214
2024-12-26,GOOGL,194.388688,194.836945,12046600,4.64,316.528,71.8,6037.59,14.73,4.58,-0.0026005835
2024-12-26,NVDA,139.661806,139.891739,116205600,4.64,316.528,71.8,6037.59,14.73,4.58,-0.0020681521
2024-12-27,NVDA,138.512106,136.972519,170582600,4.64,316.528,71.8,5970.84,15.95,4.62,-0.0208677081
2024-12-27,GOOGL,194.189454,192.007996,18891400,4.64,316.528,71.8,5970.84,15.95,4.62,-0.0145195716
2024-12-27,AAPL,256.429191,254.20137,42355300,4.64,316.528,71.8,5970.84,15.95,4.62,-0.0132420923
2024-12-30,AAPL,250.859609,250.829773,35557500,4.64,316.528,71.8,5906.94,17.4,4.55,-0.0132634898
2024-12-30,GOOGL,189.059558,190.493942,14264700,4.64,316.528,71.8,5906.94,17.4,4.55,-0.0078853661
2024-12-30,NVDA,134.793117,137.452393,167734700,4.64,316.528,71.8,5906.94,17.4,4.55,0.0035034302
2024-12-31,NVDA,137.992264,134.253281,155659200,4.64,316.528,71.8,5881.63,17.35,4.58,-0.023274327
2024-12-31,GOOGL,190.334547,188.561493,17466900,4.64,316.528,71.8,5881.63,17.35,4.58,-0.0101444136
2024-12-31,AAPL,251.068478,249.059448,39480700,4.64,316.528,71.8,5881.63,17.35,4.58,-0.0070578731
2025-01-02,AAPL,247.577564,242.525177,55740700,4.33,318.961,71.7,5868.55,17.93,4.57,-0.0262357894
2025-01-02,GOOGL,189.906236,188.690994,20370800,4.33,318.961,71.7,5868.55,17.93,4.57,0.0006867857
2025-01-02,NVDA,135.96282,138.272186,198247200,4.33,318.961,71.7,5868.55,17.93,4.57,0.0299352509
2025-01-03,NVDA,139.971709,144.430496,229322500,4.33,318.961,71.7,5942.47,16.13,4.6,0.04453759
2025-01-03,GOOGL,190.623434,191.041794,18596200,4.33,318.961,71.7,5942.47,16.13,4.6,0.0124584619
2025-01-03,AAPL,242.037842,242.037842,40244100,4.33,318.961,71.7,5942.47,16.13,4.6,-0.0020094211
2025-01-06,AAPL,242.982661,243.668915,45045600,4.33,318.961,71.7,5975.38,16.04,4.62,0.0067389173
2025-01-06,GOOGL,193.223249,196.101974,29563600,4.33,318.961,71.7,5975.38,16.04,4.62,0.0264872966
2025-01-06,NVDA,148.549363,149.38913,265377400,4.33,318.961,71.7,5975.38,16.04,4.62,0.0343323159
2025-01-07,NVDA,152.988143,140.101669,351782200,4.33,318.961,71.7,5909.03,17.82,4.67,-0.0621695859
2025-01-07,GOOGL,196.341031,194.727356,26487200,4.33,318.961,71.7,5909.03,17.82,4.67,-0.0070097128
2025-01-07,AAPL,241.659894,240.894089,40856000,4.33,318.961,71.7,5909.03,17.82,4.67,-0.0113876899
2025-01-08,AAPL,240.605648,241.381409,37628900,4.33,318.961,71.7,5918.25,17.7,4.67,0.0020229635
2025-01-08,GOOGL,191.818753,193.193359,24864800,4.33,318.961,71.7,5918.25,17.7,4.67,-0.0078776635
2025-01-08,NVDA,142.541012,140.071686,227349900,4.33,318.961,71.7,5918.25,17.7,4.67,-0.0002140126
2025-01-10,NVDA,137.412421,135.872849,207602500,4.33,318.961,71.7,5827.04,19.54,4.77,-0.0299763457
2025-01-10,GOOGL,193.54201,191.290817,26665200,4.33,318.961,71.7,5827.04,19.54,4.77,-0.009847865
2025-01-10,AAPL,238.706038,235.563217,61710900,4.33,318.961,71.7,5827.04,19.54,4.77,-0.0241037268
2025-01-13,AAPL,232.261242,233.126511,49630700,4.33,318.961,71.7,5836.22,19.19,4.79,-0.0103441725
2025-01-13,GOOGL,189.328511,190.264832,21823700,4.33,318.961,71.7,5836.22,19.19,4.79,-0.0053634865
2025-01-13,NVDA,129.954469,133.193573,204808900,4.33,318.961,71.7,5836.22,19.19,4.79,-0.0197189913
2025-01-14,NVDA,136.012788,131.723953,195590500,4.33,318.961,71.7,5842.91,18.71,4.78,-0.0110337137
2025-01-14,GOOGL,190.493943,188.920105,17174900,4.33,318.961,71.7,5842.91,18.71,4.78,-0.007067657
2025-01-14,AAPL,233.474588,232.012573,39435300,4.33,318.961,71.7,5842.91,18.71,4.78,-0.0047782527
2025-01-15,AAPL,233.365175,236.577621,39832000,4.33,318.961,71.7,5949.91,16.12,4.66,0.0196758656
2025-01-15,GOOGL,192.33673,194.78714,21776000,4.33,318.961,71.7,5949.91,16.12,4.66,0.0310556408
2025-01-15,NVDA,133.613455,136.202759,185217300,4.33,318.961,71.7,5949.91,16.12,4.66,0.034001451
2025-01-16,NVDA,138.602083,133.533478,209235600,4.33,318.961,71.7,5937.34,16.6,4.61,-0.0195978483
2025-01-16,GOOGL,193.382622,192.157425,17815400,4.33,318.961,71.7,5937.34,16.6,4.61,-0.0135004547
2025-01-16,AAPL,236.060477,227.019852,71759100,4.33,318.961,71.7,5937.34,16.6,4.61,-0.0404001432
2025-01-17,AAPL,230.858887,228.730515,68488300,4.33,318.961,71.7,5996.66,15.97,4.61,0.0075353007
2025-01-17,GOOGL,195.763313,195.235382,27735100,4.33,318.961,71.7,5996.66,15.97,4.61,0.0160178934
2025-01-17,NVDA,136.652623,137.672348,201188800,4.33,318.961,71.7,5996.66,15.97,4.61,0.0309950007
2025-01-21,NVDA,139.121947,140.791489,197749000,4.33,318.961,71.7,6049.24,15.06,4.57,0.0226562608
2025-01-21,GOOGL,198.293415,197.27739,29971300,4.33,318.961,71.7,6049.24,15.06,4.57,0.0104592079
2025-01-21,AAPL,222.782986,221.430374,98070400,4.33,318.961,71.7,6049.24,15.06,4.57,-0.0319159007
2025-01-22,AAPL,218.595878,222.613937,64126500,4.33,318.961,71.7,6086.37,15.1,4.6,0.0053450808
2025-01-22,GOOGL,198.283441,197.59613,26200600,4.33,318.961,71.7,6086.37,15.1,4.6,0.0016156988
2025-01-22,NVDA,144.620456,147.0298,237651400,4.33,318.961,71.7,6086.37,15.1,4.6,0.04430887
2025-01-23,NVDA,145.010344,147.179749,155915500,4.33,318.961,71.7,6118.71,15.02,4.65,0.0010198485
2025-01-23,GOOGL,197.367036,197.207657,26951400,4.33,318.961,71.7,6118.71,15.02,4.65,-0.0019659976
2025-01-23,AAPL,223.519004,222.44487,60234800,4.33,318.961,71.7,6118.71,15.02,4.65,-0.0007594645
2025-01-24,AAPL,223.55876,221.569626,54697900,4.33,318.961,71.7,6101.24,14.85,4.63,-0.0039346564
2025-01-24,GOOGL,197.327171,199.42894,23877500,4.33,318.961,71.7,6101.24,14.85,4.63,0.011263675
2025-01-24,NVDA,148.329437,142.581009,234657600,4.33,318.961,71.7,6101.24,14.85,4.63,-0.0312457364
2025-01-27,NVDA,124.765879,118.387619,818830900,4.33,318.961,71.7,6012.28,17.9,4.53,-0.1696817134
2025-01-27,GOOGL,191.659387,191.061722,41728900,4.33,318.961,71.7,6012.28,17.9,4.53,-0.0419558868
2025-01-27,AAPL,222.802908,228.611176,94863400,4.33,318.961,71.7,6012.28,17.9,4.53,0.0317803023
2025-01-28,AAPL,229.5958,236.96553,75707600,4.33,318.961,71.7,6067.7,16.41,4.55,0.0365439478
2025-01-28,GOOGL,191.998046,194.538101,24157900,4.33,318.961,71.7,6067.7,16.41,4.55,0.0181950595
2025-01-28,NVDA,121.776683,128.954727,579666400,4.33,318.961,71.7,6067.7,16.41,4.55,0.089258558
2025-01-29,NVDA,126.465406,123.666168,467120600,4.33,318.961,71.7,6039.31,16.56,4.55,-0.041010974
2025-01-29,GOOGL,194.797083,194.647675,18218300,4.33,318.961,71.7,6039.31,16.56,4.55,0.0005632489
2025-01-29,AAPL,232.848004,238.05954,45486100,4.33,318.961,71.7,6039.31,16.56,4.55,0.0046167449
2025-01-30,AAPL,237.373283,236.299149,55658300,4.33,318.961,71.7,6071.17,15.84,4.52,-0.0073947519
2025-01-30,GOOGL,197.227566,200.086365,24354700,4.33,318.961,71.7,6071.17,15.84,4.52,0.027941203
2025-01-30,NVDA,123.066342,124.615921,392925500,4.33,318.961,71.7,6071.17,15.84,4.52,0.0076799728
2025-01-31,NVDA,123.746155,120.03717,388161100,4.33,318.961,71.7,6040.53,16.43,4.58,-0.0367429023
2025-01-31,GOOGL,201.211952,203.224075,32001100,4.33,318.961,71.7,6040.53,16.43,4.58,0.0156817811
2025-01-31,AAPL,245.847011,234.717804,100959800,4.33,318.961,71.7,6040.53,16.43,4.58,-0.0066921299
2025-02-03,AAPL,228.740463,226.77121,73063300,4.33,318.961,71.7,5994.57,18.62,4.54,-0.03385595
2025-02-03,GOOGL,199.907075,200.444962,27838300,4.33,318.961,71.7,5994.57,18.62,4.54,-0.0136751208
2025-02-03,NVDA,114.718624,116.628105,371235700,4.33,318.961,71.7,5994.57,18.62,4.54,-0.02840008
2025-02-04,NVDA,116.928013,118.617554,256550000,4.33,318.961,71.7,6037.88,17.21,4.52,0.0170580543
2025-02-04,GOOGL,202.596534,205.574875,43856400,4.33,318.961,71.7,6037.88,17.21,4.52,0.025592628
2025-02-04,AAPL,226.015352,231.535202,45067300,4.33,318.961,71.7,6037.88,17.21,4.52,0.0210079239
2025-02-05,AAPL,227.288419,231.207016,39620300,4.33,318.961,71.7,6061.48,15.77,4.43,-0.0014174347
2025-02-05,GOOGL,190.324607,190.583588,70373900,4.33,318.961,71.7,6061.48,15.77,4.43,-0.0729237327
2025-02-05,NVDA,121.7267,124.79586,262230800,4.33,318.961,71.7,6061.48,15.77,4.43,0.0520859383
2025-02-06,NVDA,127.385171,128.644821,251483600,4.33,318.961,71.7,6083.57,15.5,4.45,0.0308420557
2025-02-06,GOOGL,188.760725,190.852539,29297400,4.33,318.961,71.7,6083.57,15.5,4.45,0.0014111993
2025-02-06,AAPL,230.033389,231.952911,29925300,4.33,318.961,71.7,6083.57,15.5,4.45,0.0032260932
2025-02-07,AAPL,231.336279,226.39328,39707200,4.33,318.961,71.7,6025.99,16.54,4.49,-0.0239687931
2025-02-07,GOOGL,190.30469,184.616959,49315000,4.33,318.961,71.7,6025.99,16.54,4.49,-0.0326722425
2025-02-07,NVDA,129.184664,129.804489,228186300,4.33,318.961,71.7,6025.99,16.54,4.49,0.009014494
2025-02-10,NVDA,130.054419,133.533478,216989100,4.33,318.961,71.7,6066.44,15.81,4.51,0.0287277325
2025-02-10,GOOGL,186.619126,185.742554,23105600,4.33,318.961,71.7,6066.44,15.81,4.51,0.0060969214
2025-02-10,AAPL,228.573776,226.662094,33115600,4.33,318.961,71.7,6066.44,15.81,4.51,0.0011873766
2025-02-11,AAPL,227.209732,231.61055,53718400,4.33,318.961,71.7,6068.5,16.02,4.54,0.0218318631
2025-02-11,GOOGL,184.308184,184.597061,21239500,4.33,318.961,71.7,6068.5,16.02,4.54,-0.0061670981
2025-02-11,NVDA,132.543761,132.763702,178902400,4.33,318.961,71.7,6068.5,16.02,4.54,-0.0057646622
2025-02-12,NVDA,129.984452,131.104141,160278600,4.33,318.961,71.7,6051.97,15.89,4.62,-0.0125001121
2025-02-12,GOOGL,182.505229,182.893707,22072600,4.33,318.961,71.7,6051.97,15.89,4.62,-0.009227416
2025-02-12,AAPL,230.196694,235.842087,45243300,4.33,318.961,71.7,6051.97,15.89,4.62,0.0182700523
2025-02-13,AAPL,235.881941,240.481888,53614100,4.33,318.961,71.7,6115.07,15.1,4.52,0.0196733377
2025-02-13,GOOGL,183.600942,185.413834,21402500,4.33,318.961,71.7,6115.07,15.1,4.52,0.0137791856
2025-02-13,NVDA,131.524015,135.252991,197430000,4.33,318.961,71.7,6115.07,15.1,4.52,0.0316454496
2025-02-14,NVDA,136.442665,138.812027,195479600,4.33,318.961,71.7,6114.63,14.77,4.47,0.0263139191
2025-02-14,GOOGL,184.338035,184.50737,20448400,4.33,318.961,71.7,6114.63,14.77,4.47,-0.0048888673
2025-02-14,AAPL,240.203075,243.538544,40896200,4.33,318.961,71.7,6114.63,14.77,4.47,0.0127105451
2025-02-18,AAPL,243.0905,243.409119,48822500,4.33,318.961,71.7,6129.58,15.35,4.55,-0.0005314356
2025-02-18,GOOGL,184.875948,183.053085,29916700,4.33,318.961,71.7,6129.58,15.35,4.55,-0.0078819869
2025-02-18,NVDA,141.231376,139.361877,219176600,4.33,318.961,71.7,6129.58,15.35,4.55,0.0039611154
2025-02-19,NVDA,139.471847,139.191925,167536000,4.33,318.961,71.7,6144.15,15.27,4.53,-0.0012195042
2025-02-19,GOOGL,183.351926,184.547241,19549400,4.33,318.961,71.7,6144.15,15.27,4.53,0.0081624185
2025-02-19,AAPL,243.598293,243.807373,32204200,4.33,318.961,71.7,6144.15,15.27,4.53,0.0016361523
2025-02-20,AAPL,243.877077,244.763214,32316900,4.33,318.961,71.7,6117.52,15.66,4.5,0.0039204765
2025-02-20,GOOGL,184.079066,183.839996,20441500,4.33,318.961,71.7,6117.52,15.66,4.5,-0.0038323243
2025-02-20,NVDA,139.991706,140.071686,143903600,4.33,318.961,71.7,6117.52,15.66,4.5,0.0063204869
2025-02-21,NVDA,140.001701,134.393234,228217600,4.33,318.961,71.7,6013.13,18.21,4.42,-0.0405396102
2025-02-21,GOOGL,184.427695,178.959122,35199200,4.33,318.961,71.7,6013.13,18.21,4.42,-0.0265495797
2025-02-21,AAPL,244.882679,244.484421,53197400,4.33,318.961,71.7,6013.13,18.21,4.42,-0.0011390328
2025-02-24,AAPL,243.867113,246.02771,51326400,4.33,318.961,71.7,5983.25,18.98,4.4,0.0063124234
2025-02-24,GOOGL,181.280021,178.550705,29854200,4.33,318.961,71.7,5983.25,18.98,4.4,-0.002282179
2025-02-24,NVDA,136.522667,130.244385,251381100,4.33,318.961,71.7,5983.25,18.98,4.4,-0.0308709699
2025-02-25,NVDA,129.94445,126.595367,271428700,4.33,318.961,71.7,5955.25,19.43,4.3,-0.028016696
2025-02-25,GOOGL,177.345431,174.735657,41913400,4.33,318.961,71.7,5955.25,19.43,4.3,-0.0213667497
2025-02-25,AAPL,246.923813,245.967972,48013300,4.33,318.961,71.7,5955.25,19.43,4.3,-0.0002428107
2025-02-26,AAPL,243.269713,239.31694,44433600,4.33,318.961,71.7,5956.06,19.1,4.25,-0.0270402339
2025-02-26,GOOGL,174.38702,172.056137,35431300,4.33,318.961,71.7,5956.06,19.1,4.25,-0.0153347045
2025-02-26,NVDA,129.954469,131.24411,322553800,4.33,318.961,71.7,5956.06,19.1,4.25,0.0367212701
2025-02-27,NVDA,134.963079,120.117142,443175800,4.33,318.961,71.7,5861.57,21.13,4.29,-0.0847807065
2025-02-27,GOOGL,173.311239,167.842651,39991000,4.33,318.961,71.7,5861.57,21.13,4.29,-0.0244890173
2025-02-27,AAPL,238.371077,236.270233,41153600,4.33,318.961,71.7,5861.57,21.13,4.29,-0.0127308462
2025-02-28,AAPL,235.921748,240.790527,56833400,4.33,318.961,71.7,5954.5,19.63,4.24,0.0191318819
2025-02-28,GOOGL,168.021943,169.615707,48130600,4.33,318.961,71.7,5954.5,19.63,4.24,0.010563799
2025-02-28,NVDA,117.987727,124.885841,389091100,4.33,318.961,71.7,5954.5,19.63,4.24,0.0397004089
2025-03-03,NVDA,123.476229,114.028809,411381400,4.33,318.961,71.7,5849.72,22.78,4.16,-0.0869356579
2025-03-03,GOOGL,171.259264,166.358459,40770500,4.33,318.961,71.7,5849.72,22.78,4.16,-0.0192036927
2025-03-03,AAPL,240.740733,236.997055,47184000,4.33,318.961,71.7,5849.72,22.78,4.16,-0.0157542422
2025-03-04,AAPL,236.678463,234.906174,53798100,4.33,318.961,71.7,5778.15,23.51,4.22,-0.0088223938
2025-03-04,GOOGL,165.591484,170.25322,45388000,4.33,318.961,71.7,5778.15,23.51,4.22,0.023411855
2025-03-04,NVDA,110.619746,115.958282,398163300,4.33,318.961,71.7,5778.15,23.51,4.22,0.0169209334
2025-03-05,NVDA,117.547844,117.267921,284337900,4.33,318.961,71.7,5842.63,21.93,4.28,0.0112940529
2025-03-05,GOOGL,169.854785,172.345032,30954900,4.33,318.961,71.7,5842.63,21.93,4.28,0.0122864762
2025-03-05,AAPL,234.398377,234.716995,47227600,4.33,318.961,71.7,5842.63,21.93,4.28,-0.0008053363
2025-03-06,AAPL,233.42264,234.308777,45170400,4.33,318.961,71.7,5738.52,24.87,4.29,-0.001739194
2025-03-06,GOOGL,169.864736,171.677643,28302000,4.33,318.961,71.7,5738.52,24.87,4.29,-0.0038724001
2025-03-06,NVDA,113.498954,110.539764,321181900,4.33,318.961,71.7,5738.52,24.87,4.29,-0.057374233
2025-03-07,NVDA,111.219579,112.659187,341755500,4.33,318.961,71.7,5770.2,23.37,4.32,0.0191733981
2025-03-07,GOOGL,170.591884,173.181747,27385800,4.33,318.961,71.7,5770.2,23.37,4.32,0.0087612143
2025-03-07,AAPL,234.08974,238.032562,46273600,4.33,318.961,71.7,5770.2,23.37,4.32,0.0158926415
2025-03-10,AAPL,234.517865,226.492844,72071200,4.33,318.961,71.7,5614.56,27.86,4.22,-0.0484795799
2025-03-10,GOOGL,167.79661,165.413193,43604000,4.33,318.961,71.7,5614.56,27.86,4.22,-0.0448578144
2025-03-10,NVDA,109.869944,106.950745,366487400,4.33,318.961,71.7,5614.56,27.86,4.22,-0.0506700148
2025-03-11,NVDA,106.960735,108.730255,354865700,4.33,318.961,71.7,5572.07,26.92,4.28,0.0166385985
2025-03-11,GOOGL,164.455841,163.588226,39587400,4.33,318.961,71.7,5572.07,26.92,4.28,-0.0110327744
2025-03-11,AAPL,222.838781,219.881668,76137400,4.33,318.961,71.7,5572.07,26.92,4.28,-0.0291893352
2025-03-12,AAPL,219.184697,216.038406,62547500,4.33,318.961,71.7,5599.3,24.23,4.32,-0.0174787728
2025-03-12,GOOGL,166.121256,166.649796,28372400,4.33,318.961,71.7,5599.3,24.23,4.32,0.0187150951
2025-03-12,NVDA,114.099301,115.719002,323857500,4.33,318.961,71.7,5599.3,24.23,4.32,0.064276007
2025-03-13,NVDA,117.008762,115.559029,299033100,4.33,318.961,71.7,5521.52,24.66,4.27,-0.0013824276
2025-03-13,GOOGL,165.582734,162.311768,31756200,4.33,318.961,71.7,5521.52,24.66,4.27,-0.0260308027
2025-03-13,AAPL,215.012892,208.770096,61368300,4.33,318.961,71.7,5521.52,24.66,4.27,-0.0336436038
2025-03-14,AAPL,210.333283,212.563568,60107600,4.33,318.961,71.7,5638.94,21.77,4.31,0.0181705731
2025-03-14,GOOGL,162.820369,165.034256,31995900,4.33,318.961,71.7,5638.94,21.77,4.31,0.0167732041
2025-03-14,NVDA,118.588476,121.647919,277593500,4.33,318.961,71.7,5638.94,21.77,4.31,0.0526907343
2025-03-17,NVDA,122.717725,119.508308,255501500,4.33,318.961,71.7,5675.12,20.51,4.31,-0.0175885483
2025-03-17,GOOGL,164.575507,163.83754,31184300,4.33,318.961,71.7,5675.12,20.51,4.31,-0.0072513207
2025-03-17,AAPL,212.384342,213.07135,48073400,4.33,318.961,71.7,5675.12,20.51,4.31,0.0023888477
2025-03-18,AAPL,213.230651,211.767029,42432400,4.33,318.961,71.7,5614.66,21.7,4.29,-0.0061215236
2025-03-18,GOOGL,163.229213,160.227509,42074800,4.33,318.961,71.7,5614.66,21.7,4.29,-0.0220342123
2025-03-18,NVDA,117.978583,115.40905,299686900,4.33,318.961,71.7,5614.66,21.7,4.29,-0.0343010329
2025-03-19,NVDA,117.248718,117.498672,273426200,4.33,318.961,71.7,5675.29,19.9,4.25,0.0181062274
2025-03-19,GOOGL,161.314506,163.438644,34275600,4.33,318.961,71.7,5675.29,19.9,4.25,0.0200411021
2025-03-19,AAPL,213.290376,214.305954,54385400,4.33,318.961,71.7,5675.29,19.9,4.25,0.0119892373
2025-03-20,AAPL,213.061406,213.170929,48862900,4.33,318.961,71.7,5662.89,19.8,4.24,-0.0052962832
2025-03-20,GOOGL,161.125046,162.351654,28138500,4.33,318.961,71.7,5662.89,19.8,4.24,-0.0066507548
2025-03-20,NVDA,116.528848,118.508484,248829700,4.33,318.961,71.7,5662.89,19.8,4.24,0.0085942367
2025-03-21,NVDA,116.918778,117.678635,266498500,4.33,318.961,71.7,5667.56,19.28,4.25,-0.0070024459
2025-03-21,GOOGL,160.766033,163.538376,36625800,4.33,318.961,71.7,5667.56,19.28,4.25,0.0073095763
2025-03-21,AAPL,210.641927,217.322815,94127800,4.33,318.961,71.7,5667.56,19.28,4.25,0.0194767927
2025-03-24,AAPL,220.040973,219.772141,44299500,4.33,318.961,71.7,5767.57,17.48,4.34,0.0112704484
2025-03-24,GOOGL,166.60991,167.218216,30879100,4.33,318.961,71.7,5767.57,17.48,4.34,0.0225013858
2025-03-24,NVDA,119.858241,121.38797,228452500,4.33,318.961,71.7,5767.57,17.48,4.34,0.0315208902
2025-03-25,NVDA,120.528124,120.668098,167447200,4.33,318.961,71.7,5776.65,17.15,4.31,-0.0059303366
2025-03-25,GOOGL,168.514621,170.090271,24174400,4.33,318.961,71.7,5776.65,17.15,4.31,0.0171754915
2025-03-25,AAPL,219.811988,222.779053,34493600,4.33,318.961,71.7,5776.65,17.15,4.31,0.0136819536
2025-03-26,AAPL,222.540053,220.568649,34466100,4.33,318.961,71.7,5712.2,18.33,4.35,-0.0099219537
2025-03-26,GOOGL,168.534575,164.605423,28901600,4.33,318.961,71.7,5712.2,18.33,4.35,-0.0322466887
2025-03-26,NVDA,118.708456,113.739357,293463300,4.33,318.961,71.7,5712.2,18.33,4.35,-0.057419828
2025-03-27,NVDA,111.329795,111.409782,236902100,4.33,318.961,71.7,5693.31,18.69,4.38,-0.0204816929
2025-03-27,GOOGL,164.17663,161.793213,24508300,4.33,318.961,71.7,5693.31,18.69,4.38,-0.0170845531
2025-03-27,AAPL,220.429255,222.878586,37094800,4.33,318.961,71.7,5693.31,18.69,4.38,0.0104726421
2025-03-28,AAPL,220.708066,216.954422,39818600,4.33,318.961,71.7,5580.94,21.65,4.27,-0.0265802289
2025-03-28,GOOGL,160.048039,153.904999,48669300,4.33,318.961,71.7,5580.94,21.65,4.27,-0.0487549136
2025-03-28,NVDA,111.46977,109.650101,229872500,4.33,318.961,71.7,5580.94,21.65,4.27,-0.0157946786
2025-03-31,NVDA,105.110918,108.360329,299212700,4.33,318.961,71.7,5611.85,22.28,4.23,-0.011762616
2025-03-31,GOOGL,152.688341,154.214127,54603500,4.33,318.961,71.7,5611.85,22.28,4.23,0.0020085625
2025-03-31,AAPL,216.06827,221.166061,65299300,4.33,318.961,71.7,5611.85,22.28,4.23,0.0194125539
2025-04-01,AAPL,218.856129,222.221466,36412700,4.33,320.302,52.2,5633.07,21.77,4.17,0.004772001
2025-04-01,GOOGL,153.196925,156.637436,30672900,4.33,320.302,52.2,5633.07,21.77,4.17,0.0157139257
2025-04-01,NVDA,108.500296,110.130005,222614000,4.33,320.302,52.2,5633.07,21.77,4.17,0.0163314031
2025-04-02,NVDA,107.270527,110.399956,220601200,4.33,320.302,52.2,5670.97,21.51,4.2,0.0024512018
2025-04-02,GOOGL,154.722719,156.607513,25041700,4.33,320.302,52.2,5670.97,21.51,4.2,-0.0001910302
2025-04-02,AAPL,220.359587,222.918427,35905900,4.33,320.302,52.2,5670.97,21.51,4.2,0.0031363327
2025-04-03,AAPL,204.648051,202.308258,103419000,4.33,320.302,52.2,5396.52,30.02,4.06,-0.0924561006
2025-04-03,GOOGL,150.693857,150.304932,46883400,4.33,320.302,52.2,5396.52,30.02,4.06,-0.0402444407
2025-04-03,NVDA,103.491213,101.781525,338769400,4.33,320.302,52.2,5396.52,30.02,4.06,-0.0780655303
2025-04-04,NVDA,98.892056,94.292885,532273800,4.33,320.302,52.2,5074.08,45.31,4.01,-0.0735756303
2025-04-04,GOOGL,147.602372,145.19902,62259500,4.33,320.302,52.2,5074.08,45.31,4.01,-0.0339703508
2025-04-04,AAPL,193.048614,187.562531,125910900,4.33,320.302,52.2,5074.08,45.31,4.01,-0.0728874228
2025-04-07,AAPL,176.431038,180.672562,160466300,4.33,320.302,52.2,5062.25,46.98,4.15,-0.0367342499
2025-04-07,GOOGL,141.160179,146.345856,76794100,4.33,320.302,52.2,5062.25,46.98,4.15,0.0078983682
2025-04-07,NVDA,87.444124,97.622276,611041300,4.33,320.302,52.2,5062.25,46.98,4.15,0.0353090425
2025-04-08,NVDA,103.791156,96.282524,476243400,4.33,320.302,52.2,4982.77,52.33,4.26,-0.0137238369
2025-04-08,GOOGL,150.803563,144.301514,52200200,4.33,320.302,52.2,4982.77,52.33,4.26,-0.0139692513
2025-04-08,AAPL,185.889814,171.671783,120859500,4.33,320.302,52.2,4982.77,52.33,4.26,-0.04981818
2025-04-09,AAPL,171.203815,197.987091,184395900,4.33,320.302,52.2,5456.9,33.62,4.34,0.1532884851
2025-04-09,GOOGL,144.022265,158.272919,70406200,4.33,320.302,52.2,5456.9,33.62,4.34,0.096820918
2025-04-09,NVDA,98.87205,114.30925,612918300,4.33,320.302,52.2,5456.9,33.62,4.34,0.1872273908
2025-04-10,NVDA,109.350152,107.550476,437812400,4.33,320.302,52.2,5268.05,40.72,4.4,-0.0591270944
2025-04-10,GOOGL,156.10888,152.399139,48022000,4.33,320.302,52.2,5268.05,40.72,4.4,-0.037111714
2025-04-10,AAPL,188.249556,189.593689,121880000,4.33,320.302,52.2,5268.05,40.72,4.4,-0.0423936836
2025-04-11,AAPL,185.292419,197.290115,87435900,4.33,320.302,52.2,5363.36,37.56,4.48,0.0405943174
2025-04-11,NVDA,108.480307,110.909866,313417300,4.33,320.302,52.2,5363.36,37.56,4.48,0.0312354755
2025-04-14,NVDA,114.089288,110.689903,264705000,4.33,320.302,52.2,5405.97,30.89,4.38,-0.0019832597
2025-04-14,GOOGL,159.559374,158.631943,30333000,4.33,320.302,52.2,5405.97,30.89,4.38,0.0122821244
2025-04-14,AAPL,210.522464,201.641174,101352900,4.33,320.302,52.2,5405.97,30.89,4.38,0.0220541153
2025-04-15,AAPL,200.984034,201.262817,51343900,4.33,320.302,52.2,5396.63,30.12,4.35,-0.0018763873
2025-04-15,GOOGL,158.691773,155.879532,27551500,4.33,320.302,52.2,5396.63,30.12,4.35,-0.0173509247
2025-04-15,NVDA,110.949862,112.179634,228966900,4.33,320.302,52.2,5396.63,30.12,4.35,0.0134585973
2025-04-16,NVDA,104.531033,104.471039,397016900,4.33,320.302,52.2,5275.7,32.64,4.29,-0.0687165308
2025-04-16,GOOGL,152.678368,152.90773,28187400,4.33,320.302,52.2,5275.7,32.64,4.29,-0.0190647337
2025-04-16,AAPL,197.499204,193.426956,59732400,4.33,320.302,52.2,5275.7,32.64,4.29,-0.0389334767
2025-04-17,AAPL,196.344245,196.125198,52164700,4.33,320.302,52.2,5282.7,29.65,4.34,0.0139496699
2025-04-17,GOOGL,153.865083,150.743713,33046600,4.33,320.302,52.2,5282.7,29.65,4.34,-0.0141524351
2025-04-17,NVDA,104.431042,101.471581,292517500,4.33,320.302,52.2,5282.7,29.65,4.34,-0.0287109073
2025-04-21,NVDA,98.752073,96.892418,288501100,4.33,320.302,52.2,5158.2,33.82,4.42,-0.0451275379
2025-04-21,GOOGL,148.46998,147.263306,26049100,4.33,320.302,52.2,5158.2,33.82,4.42,-0.0230882445
2025-04-21,AAPL,192.431285,192.321762,46742500,4.33,320.302,52.2,5158.2,33.82,4.42,-0.0193928996
2025-04-22,AAPL,195.268944,198.873245,52976400,4.33,320.302,52.2,5287.76,30.57,4.41,0.0340652201
2025-04-22,GOOGL,148.47996,151.052856,26971800,4.33,320.302,52.2,5287.76,30.57,4.41,0.0257331639
2025-04-22,NVDA,98.762074,98.872055,241004800,4.33,320.302,52.2,5287.76,30.57,4.41,0.0204312906
2025-04-23,NVDA,104.50103,102.69136,247526000,4.33,320.302,52.2,5375.86,28.45,4.4,0.0386287654
2025-04-23,GOOGL,155.181459,154.92218,31128800,4.33,320.302,52.2,5375.86,28.45,4.4,0.0256156939
2025-04-23,AAPL,205.106077,203.712158,52929200,4.33,320.302,52.2,5375.86,28.45,4.4,0.0243316438
2025-04-24,AAPL,204.00088,207.465775,47311000,4.33,320.302,52.2,5484.77,26.47,4.32,0.0184260791
2025-04-24,GOOGL,155.719969,158.841354,45894000,4.33,320.302,52.2,5484.77,26.47,4.32,0.0252976958
2025-04-24,NVDA,103.461214,106.410675,220815000,4.33,320.302,52.2,5484.77,26.47,4.32,0.0362183786
2025-04-25,NVDA,106.830612,110.989861,251064700,4.33,320.302,52.2,5525.21,24.84,4.29,0.0430331401
2025-04-25,GOOGL,164.615413,161.513977,56034000,4.33,320.302,52.2,5525.21,24.84,4.29,0.0168257359
2025-04-25,AAPL,205.47445,208.371826,38222300,4.33,320.302,52.2,5525.21,24.84,4.29,0.0043672342
2025-04-28,AAPL,209.088712,209.228104,38743100,4.33,320.302,52.2,5528.75,25.15,4.23,0.0041093726
2025-04-28,GOOGL,161.982674,160.167694,29745800,4.33,320.302,52.2,5528.75,25.15,4.23,-0.008335396
2025-04-28,NVDA,109.670091,108.710266,207708500,4.33,320.302,52.2,5528.75,25.15,4.23,-0.0205387628
2025-04-29,NVDA,107.65046,109.000214,170444300,4.33,320.302,52.2,5560.83,24.17,4.19,0.0026671585
2025-04-29,GOOGL,159.878496,159.718933,26809000,4.33,320.302,52.2,5560.83,24.17,4.19,-0.0028018196
2025-04-29,AAPL,207.784373,210.293442,36827600,4.33,320.302,52.2,5560.83,24.17,4.19,0.0050917545
2025-04-30,AAPL,208.39174,211.57785,52286500,4.33,320.302,52.2,5569.06,24.7,4.17,0.0061076967
2025-04-30,GOOGL,157.544922,158.362671,34981100,4.33,320.302,52.2,5569.06,24.7,4.17,-0.0084915556
2025-04-30,NVDA,104.451041,108.90023,235044600,4.33,320.302,52.2,5569.06,24.7,4.17,-0.0009172754
2025-05-01,NVDA,113.059479,111.589745,236121500,4.33,320.62,52.2,5604.14,24.6,4.25,0.0246970475
2025-05-01,GOOGL,160.008109,160.855774,30203200,4.33,320.62,52.2,5604.14,24.6,4.25,0.0157429968
2025-05-01,AAPL,208.172696,212.394302,57365700,4.33,320.62,52.2,5604.14,24.6,4.25,0.0038588729
2025-05-02,AAPL,205.195672,204.458893,101010600,4.33,320.62,52.2,5686.67,22.68,4.33,-0.0373616875
2025-05-02,GOOGL,162.959975,163.578262,25715000,4.33,320.62,52.2,5686.67,22.68,4.33,0.0169250275
2025-05-02,NVDA,114.159284,114.479225,190194800,4.33,320.62,52.2,5686.67,22.68,4.33,0.0258937826
2025-05-05,NVDA,112.889516,113.799347,133163200,4.33,320.62,52.2,5650.38,23.64,4.36,-0.0059388787
2025-05-05,GOOGL,162.551108,163.757782,21341800,4.33,320.62,52.2,5650.38,23.64,4.36,0.0010974542
2025-05-05,AAPL,202.218654,198.026917,69018500,4.33,320.62,52.2,5650.38,23.64,4.36,-0.0314585305
2025-05-06,AAPL,197.349874,197.64856,51216500,4.33,320.62,52.2,5606.91,24.76,4.3,-0.0019106339
2025-05-06,GOOGL,161.723393,162.780472,21277200,4.33,320.62,52.2,5606.91,24.76,4.3,-0.0059680228
2025-05-06,NVDA,111.459778,113.519402,158525600,4.33,320.62,52.2,5606.91,24.76,4.3,-0.002459991
2025-05-07,NVDA,113.02949,117.038757,206758800,4.33,320.62,52.2,5631.28,23.55,4.26,0.0310022404
2025-05-07,GOOGL,163.628125,150.963104,127490100,4.33,320.62,52.2,5631.28,23.55,4.26,-0.0725969609
2025-05-07,AAPL,198.305703,195.398376,68536700,4.33,320.62,52.2,5631.28,23.55,4.26,-0.0113847686
2025-05-08,AAPL,196.861993,196.632996,50478900,4.33,320.62,52.2,5663.94,22.48,4.37,0.0063184718
2025-05-08,GOOGL,154.573151,153.855133,57498700,4.33,320.62,52.2,5663.94,22.48,4.37,0.0191571896
2025-05-08,NVDA,118.228547,117.348709,198428100,4.33,320.62,52.2,5663.94,22.48,4.37,0.0026482833
2025-05-09,NVDA,117.3287,116.62883,132972200,4.33,320.62,52.2,5659.91,21.9,4.37,-0.0061345298
2025-05-09,GOOGL,153.745418,152.32933,32435300,4.33,320.62,52.2,5659.91,21.9,4.37,-0.0099171382
2025-05-09,AAPL,198.136434,197.668472,36453900,4.33,320.62,52.2,5659.91,21.9,4.37,0.0052660373
2025-05-12,AAPL,210.329959,210.150497,63775800,4.33,320.62,52.2,5844.19,18.39,4.45,0.063146262
2025-05-12,GOOGL,157.056276,158.023605,44138800,4.33,320.62,52.2,5844.19,18.39,4.45,0.0373813427
2025-05-12,NVDA,121.947872,122.977684,225023300,4.33,320.62,52.2,5844.19,18.39,4.45,0.0544364037
2025-05-13,NVDA,124.957327,129.906418,330430100,4.33,320.62,52.2,5886.55,18.22,4.49,0.0563413914
2025-05-13,GOOGL,158.352685,159.090652,42382100,4.33,320.62,52.2,5886.55,18.22,4.49,0.006752454
2025-05-13,AAPL,209.791581,212.283997,51909300,4.33,320.62,52.2,5886.55,18.22,4.49,0.0101522441
2025-05-14,AAPL,211.785509,211.685822,49325800,4.33,320.62,52.2,5892.58,18.62,4.53,-0.0028178057
2025-05-14,GOOGL,159.519492,164.914581,48755900,4.33,320.62,52.2,5892.58,18.62,4.53,0.0366076117
2025-05-14,NVDA,133.175819,135.31543,281180800,4.33,320.62,52.2,5892.58,18.62,4.53,0.0416377569
2025-05-15,NVDA,134.265616,134.805527,226632600,4.33,320.62,52.2,5916.93,17.83,4.45,-0.0037682543
2025-05-15,GOOGL,165.383265,163.508453,33146700,4.33,320.62,52.2,5916.93,17.83,4.45,-0.0085264015
2025-05-15,AAPL,210.310019,210.808502,45029500,4.33,320.62,52.2,5916.93,17.83,4.45,-0.0041444407
2025-05-16,AAPL,211.715733,210.619064,54737900,4.33,320.62,52.2,5958.38,17.24,4.43,-0.0008986254
2025-05-16,GOOGL,167.268083,165.73233,42846900,4.33,320.62,52.2,5958.38,17.24,4.43,0.0136009907
2025-05-16,NVDA,136.195286,135.375427,226542500,4.33,320.62,52.2,5958.38,17.24,4.43,0.0042275753
2025-05-19,NVDA,132.365964,135.545395,193154600,4.33,320.62,52.2,5963.6,18.14,4.46,0.0012555281
2025-05-19,GOOGL,164.056936,166.081345,30426100,4.33,320.62,52.2,5963.6,18.14,4.46,0.0021058914
2025-05-19,AAPL,207.279236,208.146591,46140500,4.33,320.62,52.2,5963.6,18.14,4.46,-0.0117390757
2025-05-20,AAPL,207.039962,206.232422,42496600,4.33,320.62,52.2,5940.46,18.09,4.48,-0.0091962559
2025-05-20,GOOGL,165.971662,163.528412,46607700,4.33,320.62,52.2,5940.46,18.09,4.48,-0.0153715804
2025-05-20,NVDA,134.265611,134.355606,161514200,4.33,320.62,52.2,5940.46,18.09,4.48,-0.0087777886
2025-05-21,NVDA,133.035843,131.776077,270608700,4.33,320.62,52.2,5844.61,20.87,4.58,-0.0191992644
2025-05-21,GOOGL,163.239211,168.095795,73416000,4.33,320.62,52.2,5844.61,20.87,4.58,0.0279302096
2025-05-21,AAPL,204.54754,201.476883,59211800,4.33,320.62,52.2,5844.61,20.87,4.58,-0.0230591238
2025-05-22,AAPL,200.101063,200.749084,46742400,4.33,320.62,52.2,5842.01,20.28,4.54,-0.0036123175
2025-05-22,GOOGL,171.376741,170.399429,74864400,4.33,320.62,52.2,5842.01,20.28,4.54,0.0137042967
2025-05-22,NVDA,132.205996,132.805893,187344000,4.33,320.62,52.2,5842.01,20.28,4.54,0.007814891
2025-05-23,NVDA,129.976415,131.266174,198821300,4.33,320.62,52.2,5802.82,22.29,4.51,-0.0115937523
2025-05-23,GOOGL,168.594399,168.006027,35211400,4.33,320.62,52.2,5802.82,22.29,4.51,-0.014045834
2025-05-23,AAPL,193.082445,194.677597,78432900,4.33,320.62,52.2,5802.82,22.29,4.51,-0.03024416
2025-05-27,AAPL,197.698391,199.6026,56288500,4.33,320.62,52.2,5921.54,18.96,4.43,0.0252982527
2025-05-27,GOOGL,169.691384,172.423828,37995700,4.33,320.62,52.2,5921.54,18.96,4.43,0.0262954906
2025-05-27,NVDA,134.125642,135.475403,192953600,4.33,320.62,52.2,5921.54,18.96,4.43,0.0320663609
2025-05-28,NVDA,136.005318,134.785538,304021100,4.33,320.62,52.2,5888.55,19.31,4.47,-0.0050921798
2025-05-28,GOOGL,172.68313,171.88533,34784000,4.33,320.62,52.2,5888.55,19.31,4.47,-0.0031231062
2025-05-28,AAPL,199.981433,199.811951,45339700,4.33,320.62,52.2,5888.55,19.31,4.47,0.001048837
2025-05-29,AAPL,202.962376,199.343384,51396800,4.33,320.62,52.2,5912.17,19.18,4.43,-0.0023450394
2025-05-29,GOOGL,173.520794,171.386688,29317300,4.33,320.62,52.2,5912.17,19.18,4.43,-0.0029010153
2025-05-29,NVDA,142.224192,139.164749,369241900,4.33,320.62,52.2,5912.17,19.18,4.43,0.0324902174
2025-05-30,NVDA,138.694829,135.105484,333170900,4.33,320.62,52.2,5911.69,18.57,4.41,-0.0291687741
2025-05-30,GOOGL,170.878119,171.267044,52639900,4.33,320.62,52.2,5911.69,18.57,4.41,-0.0006980949
2025-05-30,AAPL,198.765141,200.240662,70819900,4.33,320.62,52.2,5911.69,18.57,4.41,0.0045011669
2025-06-02,AAPL,199.672384,201.088074,35423300,4.33,320.62,52.2,5935.94,18.36,4.46,0.0042319682
2025-06-02,GOOGL,167.377789,168.564514,38612300,4.33,320.62,52.2,5935.94,18.36,4.46,-0.015779626
2025-06-02,NVDA,135.465416,137.355072,197663100,4.33,320.62,52.2,5935.94,18.36,4.46,0.0166506047
2025-06-03,NVDA,138.754807,141.194366,225578800,4.33,320.62,52.2,5970.37,17.69,4.46,0.0279516029
2025-06-03,GOOGL,167.028741,165.722336,45084900,4.33,320.62,52.2,5970.37,17.69,4.46,-0.0168610716
2025-06-03,AAPL,200.739132,202.653305,46381600,4.33,320.62,52.2,5970.37,17.69,4.46,0.0077838098
2025-06-04,AAPL,202.294405,202.204681,43604000,4.33,320.62,52.2,5970.81,17.61,4.37,-0.0022137495
2025-06-04,GOOGL,166.280799,167.587189,26900800,4.33,320.62,52.2,5970.81,17.61,4.37,0.0112528761
2025-06-04,NVDA,142.164197,141.894241,167120800,4.33,320.62,52.2,5970.81,17.61,4.37,0.0049568187
2025-06-05,NVDA,142.144197,139.9646,231397900,4.33,320.62,52.2,5939.3,18.48,4.4,-0.0135991546
2025-06-05,GOOGL,169.870904,167.74678,36379100,4.33,320.62,52.2,5939.3,18.48,4.4,0.0009522904
2025-06-05,AAPL,202.88262,200.021332,55126100,4.33,320.62,52.2,5939.3,18.48,4.4,-0.0107977204
2025-06-06,AAPL,202.384124,203.301331,46607700,4.33,320.62,52.2,6000.36,16.77,4.51,0.0163982449
2025-06-06,GOOGL,170.359548,173.201691,35731800,4.33,320.62,52.2,6000.36,16.77,4.51,0.0325187182
2025-06-06,NVDA,142.484125,141.694275,153986200,4.33,320.62,52.2,6000.36,16.77,4.51,0.0123579484
2025-06-09,NVDA,143.164022,142.604126,185114500,4.33,320.62,52.2,6005.88,17.16,4.49,0.0064212268
2025-06-09,GOOGL,174.270021,175.817627,28935900,4.33,320.62,52.2,6005.88,17.16,4.49,0.0151034108
2025-06-09,AAPL,203.76992,200.838837,72862600,4.33,320.62,52.2,6005.88,17.16,4.49,-0.0121125321
2025-06-10,AAPL,199.991403,202.055115,54672600,4.33,320.62,52.2,6038.81,16.95,4.47,0.0060559904
2025-06-10,GOOGL,175.927479,178.323776,61766100,4.33,320.62,52.2,6038.81,16.95,4.47,0.014254255
2025-06-10,NVDA,142.66411,143.933884,155881900,4.33,320.62,52.2,6038.81,16.95,4.47,0.0093248192
2025-06-11,NVDA,144.593795,142.813995,167694000,4.33,320.62,52.2,6022.24,17.26,4.41,-0.0077805745
2025-06-11,GOOGL,179.491954,177.075699,31646800,4.33,320.62,52.2,6022.24,17.26,4.41,-0.0069989399
2025-06-11,AAPL,202.882607,198.176926,60989900,4.33,320.62,52.2,6022.24,17.26,4.41,-0.019193719
2025-06-12,AAPL,198.476026,198.595657,43904600,4.33,320.62,52.2,6045.26,18.02,4.36,0.0021129185
2025-06-12,GOOGL,175.907491,175.428238,20941900,4.33,320.62,52.2,6045.26,18.02,4.36,-0.0093037099
2025-06-12,NVDA,141.95409,144.983749,162365000,4.33,320.62,52.2,6045.26,18.02,4.36,0.0151928669
2025-06-13,NVDA,142.464024,141.954086,180820600,4.33,320.62,52.2,5976.97,20.82,4.41,-0.0208965701
2025-06-13,GOOGL,172.173295,174.399841,27663100,4.33,320.62,52.2,5976.97,20.82,4.41,-0.0058622068
2025-06-13,AAPL,199.124052,195.854004,51447300,4.33,320.62,52.2,5976.97,20.82,4.41,-0.0138052034
2025-06-16,AAPL,196.701426,197.818024,43020700,4.33,320.62,52.2,6033.11,19.11,4.46,0.0100279787
2025-06-16,GOOGL,174.459744,176.496597,27389200,4.33,320.62,52.2,6033.11,19.11,4.46,0.0120226943
2025-06-16,NVDA,143.333936,144.673782,183133700,4.33,320.62,52.2,6033.11,19.11,4.46,0.0191589838
2025-06-17,NVDA,144.473805,144.103836,139108000,4.33,320.62,52.2,5982.72,21.6,4.39,-0.0039395271
2025-06-17,GOOGL,175.428243,175.677856,24973000,4.33,320.62,52.2,5982.72,21.6,4.39,-0.0046388478
2025-06-17,AAPL,196.601712,195.046448,38856200,4.33,320.62,52.2,5982.72,21.6,4.39,-0.0140107351
2025-06-18,AAPL,195.345539,195.983597,45394700,4.33,320.62,52.2,5980.87,20.14,4.38,0.0048047481
2025-06-18,GOOGL,175.737768,173.051941,28707500,4.33,320.62,52.2,5980.87,20.14,4.38,-0.0149473336
2025-06-18,NVDA,143.993848,145.463684,161494100,4.33,320.62,52.2,5980.87,20.14,4.38,0.0094365845
2025-06-20,NVDA,145.433689,143.833878,242956200,4.33,320.62,52.2,5967.84,20.62,4.38,-0.0112042159
2025-06-20,GOOGL,173.680955,166.382263,75659900,4.33,320.62,52.2,5967.84,20.62,4.38,-0.0385414789
2025-06-20,AAPL,197.638562,200.390182,96813500,4.33,320.62,52.2,5967.84,20.62,4.38,0.0224844618
2025-06-23,AAPL,201.018298,200.888687,55814300,4.33,320.62,52.2,6025.17,19.83,4.34,0.00248767
2025-06-23,GOOGL,166.012825,164.934494,57671000,4.33,320.62,52.2,6025.17,19.83,4.34,-0.0087014633
2025-06-23,NVDA,142.484028,144.153839,154308900,4.33,320.62,52.2,6025.17,19.83,4.34,0.0022245215
2025-06-24,NVDA,145.543674,147.883408,187566100,4.33,320.62,52.2,6092.18,17.48,4.3,0.0258721412
2025-06-24,GOOGL,166.661832,166.51207,40524300,4.33,320.62,52.2,6092.18,17.48,4.3,0.0095648621
2025-06-24,AAPL,201.975368,199.692322,54064000,4.33,320.62,52.2,6092.18,17.48,4.3,-0.0059553645
2025-06-25,AAPL,200.838835,200.948502,39525700,4.33,320.62,52.2,6092.16,16.76,4.29,0.0062905764
2025-06-25,GOOGL,167.37073,170.416,35479000,4.33,320.62,52.2,6092.16,16.76,4.29,0.0234453314
2025-06-25,NVDA,149.253281,154.292709,269146500,4.33,320.62,52.2,6092.16,16.76,4.29,0.0433402358
2025-06-26,NVDA,155.962508,155.002625,198145700,4.33,320.62,52.2,6141.02,16.59,4.26,0.0046010934
2025-06-26,GOOGL,172.163307,173.271591,31796700,4.33,320.62,52.2,6141.02,16.59,4.26,0.0167565887
2025-06-26,AAPL,200.818871,200.390182,50799100,4.33,320.62,52.2,6141.02,16.59,4.26,-0.0027784188
2025-06-27,AAPL,201.277496,200.469955,73188600,4.33,320.62,52.2,6173.07,16.32,4.29,0.0003980881
2025-06-27,GOOGL,173.271588,178.253876,108140200,4.33,320.62,52.2,6173.07,16.32,4.29,0.0287541917
2025-06-27,NVDA,156.0225,157.732315,263234500,4.33,320.62,52.2,6173.07,16.32,4.29,0.0176106086
2025-06-30,NVDA,158.382248,157.972305,194580300,4.33,320.62,52.2,6204.95,16.73,4.24,0.0015215033
2025-06-30,GOOGL,180.500378,175.957413,63378900,4.33,320.62,52.2,6204.95,16.73,4.24,-0.0128831028
2025-06-30,AAPL,201.39713,204.547546,91912800,4.33,320.62,52.2,6204.95,16.73,4.24,0.0203401599
2025-07-01,AAPL,206.042994,207.189514,78788900,4.33,322.169,61.7,6198.01,16.83,4.26,0.0129161548
2025-07-01,GOOGL,175.468187,175.568024,35904500,4.33,322.169,61.7,6198.01,16.83,4.26,-0.0022129732
2025-07-01,NVDA,156.272492,153.282837,213143600,4.33,322.169,61.7,6198.01,16.83,4.26,-0.029685383
2025-07-02,NVDA,152.96285,157.232376,171224100,4.33,322.169,61.7,6227.42,16.64,4.3,0.0257663497
2025-07-02,GOOGL,175.268482,178.363693,29128900,4.33,322.169,61.7,6227.42,16.64,4.3,0.0159235691
2025-07-02,AAPL,208.276197,211.795486,67941800,4.33,322.169,61.7,6227.42,16.64,4.3,0.022230721
2025-07-03,AAPL,211.506368,212.90213,34955800,4.33,322.169,61.7,6279.35,16.38,4.35,0.0052250579
2025-07-03,GOOGL,178.223914,179.252319,21689700,4.33,322.169,61.7,6279.35,16.38,4.35,0.0049821019
2025-07-03,NVDA,158.352251,159.322144,143716100,4.33,322.169,61.7,6279.35,16.38,4.35,0.0132909488
2025-07-07,NVDA,158.182271,158.222275,140139000,4.33,322.169,61.7,6229.98,17.79,4.4,-0.0069034269
2025-07-07,GOOGL,178.783049,176.516556,34175600,4.33,322.169,61.7,6229.98,17.79,4.4,-0.0152620817
2025-07-07,AAPL,212.034747,209.313034,50229000,4.33,322.169,61.7,6229.98,17.79,4.4,-0.0168579622
2025-07-08,AAPL,209.462602,209.372864,42848900,4.33,322.169,61.7,6225.52,16.81,4.42,0.0002858384
2025-07-08,GOOGL,177.574924,174.090317,40442500,4.33,322.169,61.7,6225.52,16.81,4.42,-0.0137451074
2025-07-08,NVDA,159.312148,159.982071,138133000,4.33,322.169,61.7,6225.52,16.81,4.42,0.0111223034
2025-07-09,NVDA,161.201938,162.861755,183656400,4.33,322.169,61.7,6263.26,15.94,4.34,0.0180000448
2025-07-09,GOOGL,174.978941,176.346817,43025600,4.33,322.169,61.7,6263.26,15.94,4.34,0.0129616643
2025-07-09,AAPL,208.894319,210.499435,48749400,4.33,322.169,61.7,6263.26,15.94,4.34,0.0053806956
2025-07-10,AAPL,209.871334,211.765579,44443600,4.33,322.169,61.7,6280.46,15.78,4.35,0.006014951
2025-07-10,GOOGL,175.358363,177.345276,29252400,4.33,322.169,61.7,6280.46,15.78,4.35,0.0056619046
2025-07-10,NVDA,164.301596,164.081619,167704100,4.33,322.169,61.7,6280.46,15.78,4.35,0.0074901802
2025-07-11,NVDA,163.701657,164.90152,193633300,4.33,322.169,61.7,6259.75,16.4,4.43,0.0049969065
2025-07-11,GOOGL,176.516565,179.911316,34282900,4.33,322.169,61.7,6259.75,16.4,4.43,0.0144691762
2025-07-11,AAPL,209.931157,210.519363,39765800,4.33,322.169,61.7,6259.75,16.4,4.43,-0.0058848838
2025-07-14,AAPL,209.293099,207.987076,38840100,4.33,322.169,61.7,6268.56,17.2,4.43,-0.0120287633
2025-07-14,GOOGL,180.730022,181.279175,32536600,4.33,322.169,61.7,6268.56,17.2,4.43,0.0076029619
2025-07-14,NVDA,165.351463,164.05162,136975800,4.33,322.169,61.7,6268.56,17.2,4.43,-0.005153981
2025-07-15,NVDA,171.170813,170.680862,230627400,4.33,322.169,61.7,6243.76,17.38,4.5,0.0404094877
2025-07-15,GOOGL,182.527251,181.718506,33448300,4.33,322.169,61.7,6243.76,17.38,4.5,0.0024235054
2025-07-15,AAPL,208.585268,208.475601,42296300,4.33,322.169,61.7,6243.76,17.38,4.5,0.0023488257
2025-07-16,AAPL,209.66199,209.522415,47490500,4.33,322.169,61.7,6263.7,17.16,4.46,0.0050212781
2025-07-16,GOOGL,182.956598,182.687012,33104200,4.33,322.169,61.7,6263.7,17.16,4.46,0.0053297041
2025-07-16,NVDA,171.040837,171.3508,158831500,4.33,322.169,61.7,6263.7,17.16,4.46,0.0039250864
2025-07-17,NVDA,172.000735,172.980621,160841100,4.33,322.169,61.7,6297.36,16.52,4.47,0.0095116088
2025-07-17,GOOGL,181.858276,183.296051,31992600,4.33,322.169,61.7,6297.36,16.52,4.47,0.0033337855
2025-07-17,AAPL,209.931162,209.382828,48068100,4.33,322.169,61.7,6297.36,16.52,4.47,-0.000666217
2025-07-18,AAPL,210.23025,210.539307,48974600,4.33,322.169,61.7,6296.79,16.41,4.44,0.0055232747
2025-07-18,GOOGL,185.113244,184.773773,34014500,4.33,322.169,61.7,6296.79,16.41,4.44,0.0080619422
2025-07-18,NVDA,173.620544,172.390686,146456400,4.33,322.169,61.7,6296.79,16.41,4.44,-0.0034104127
2025-07-21,NVDA,172.730651,171.360809,123126100,4.33,322.169,61.7,6305.6,16.65,4.38,-0.0059740856
2025-07-21,GOOGL,185.961933,189.805984,45803100,4.33,322.169,61.7,6305.6,16.65,4.38,0.0272344458
2025-07-21,AAPL,211.456521,211.835358,51377400,4.33,322.169,61.7,6305.6,16.65,4.38,0.0061558625
2025-07-22,AAPL,212.49337,213.749542,46404100,4.33,322.169,61.7,6309.62,16.5,4.35,0.0090361901
2025-07-22,GOOGL,191.203808,191.044052,44660200,4.33,322.169,61.7,6309.62,16.5,4.35,0.0065228061
2025-07-23,NVDA,169.511004,170.760864,154082200,4.33,322.169,61.7,6358.91,15.37,4.4,0.0224510135
2025-07-23,GOOGL,191.203816,189.935776,58681900,4.33,322.169,61.7,6358.91,15.37,4.4,-0.0058011561
2025-07-23,AAPL,214.347733,213.500305,46989300,4.33,322.169,61.7,6358.91,15.37,4.4,-0.0011660238
2025-07-24,AAPL,213.25104,213.111465,46022600,4.33,322.169,61.7,6363.35,15.39,4.43,-0.0018212607
2025-07-24,GOOGL,196.72524,191.872757,74881700,4.33,322.169,61.7,6363.35,15.39,4.43,0.0101980851
2025-07-24,NVDA,172.420678,173.720535,128984600,4.33,322.169,61.7,6363.35,15.39,4.43,0.017332256
2025-07-25,NVDA,173.590549,173.48056,122316800,4.33,322.169,61.7,6388.64,14.93,4.4,-0.0013813852
2025-07-25,GOOGL,191.683054,192.881195,39785900,4.33,322.169,61.7,6388.64,14.93,4.4,0.0052557649
2025-07-25,AAPL,214.048629,213.231125,40268800,4.33,322.169,61.7,6388.64,14.93,4.4,0.0005614875
2025-07-28,AAPL,213.380676,213.40062,37858000,4.33,322.169,61.7,6389.77,15.03,4.42,0.0007948869
2025-07-28,GOOGL,193.350472,192.282135,38139500,4.33,322.169,61.7,6389.77,15.03,4.42,-0.00310585
2025-07-28,NVDA,174.000504,176.730194,140023500,4.33,322.169,61.7,6389.77,15.03,4.42,0.0187319766
2025-07-29,NVDA,177.940064,175.490326,154077500,4.33,322.169,61.7,6370.86,15.98,4.34,-0.0070155989
2025-07-29,GOOGL,192.132363,195.447235,41389200,4.33,322.169,61.7,6370.86,15.98,4.34,0.0164607081
2025-07-29,AAPL,213.530204,210.629044,51411700,4.33,322.169,61.7,6370.86,15.98,4.34,-0.0129876658
2025-07-30,AAPL,211.257116,208.415771,45512500,4.33,322.169,61.7,6362.9,15.48,4.38,-0.010507915
2025-07-30,GOOGL,195.297474,196.226028,32445400,4.33,322.169,61.7,6362.9,15.48,4.38,0.0039846731
2025-07-30,NVDA,176.490223,179.249924,174312200,4.33,322.169,61.7,6362.9,15.48,4.38,0.0214233905
2025-07-31,NVDA,182.879502,177.850067,221685400,4.33,322.169,61.7,6339.39,16.72,4.37,-0.0078095239
2025-07-31,GOOGL,195.4073,191.60318,51329200,4.33,322.169,61.7,6339.39,16.72,4.37,-0.0235587936
2025-07-31,AAPL,207.857484,206.940277,80698400,4.33,322.169,61.7,6339.39,16.72,4.37,-0.0070795716
2025-08-01,AAPL,210.230255,201.766022,104434500,4.33,323.291,58.2,6238.01,20.38,4.23,-0.0250036167
2025-08-01,GOOGL,188.737627,188.837479,34832200,4.33,323.291,58.2,6238.01,20.38,4.23,-0.0144345271
2025-08-01,NVDA,174.070485,173.700531,204529000,4.33,323.291,58.2,6238.01,20.38,4.23,-0.0233316535
2025-08-04,NVDA,175.140374,179.979828,148174600,4.33,323.291,58.2,6329.94,17.52,4.22,0.0361501306
2025-08-04,GOOGL,189.995674,194.738327,31547400,4.33,323.291,58.2,6329.94,17.52,4.22,0.0312482905
2025-08-04,AAPL,203.889547,202.733078,75109300,4.33,323.291,58.2,6329.94,17.52,4.22,0.004792959
2025-08-05,AAPL,202.782907,202.304367,44155100,4.33,323.291,58.2,6299.19,17.85,4.22,-0.0021146571
2025-08-05,GOOGL,194.408843,194.368896,31602300,4.33,323.291,58.2,6299.19,17.85,4.22,-0.0018970613
2025-08-05,NVDA,179.599869,178.240021,156407600,4.33,323.291,58.2,6299.19,17.85,4.22,-0.0096666785
2025-08-06,NVDA,176.310237,179.399887,137192300,4.33,323.291,58.2,6345.06,16.77,4.22,0.0065073283
2025-08-06,GOOGL,194.199175,195.786713,21562900,4.33,323.291,58.2,6345.06,16.77,4.22,0.0072944601
2025-08-06,AAPL,205.006165,212.603043,108483100,4.33,323.291,58.2,6345.06,16.77,4.22,0.0509068375
2025-08-07,AAPL,218.215952,219.362457,90224800,4.33,323.291,58.2,6340.0,16.57,4.23,0.0317935933
2025-08-07,GOOGL,196.755207,196.216049,26321800,4.33,323.291,58.2,6340.0,16.57,4.23,0.0021928789
2025-08-07,NVDA,181.549669,180.749756,151878400,4.33,323.291,58.2,6340.0,16.57,4.23,0.0075243569
2025-08-08,NVDA,181.529655,182.67952,123396700,4.33,323.291,58.2,6389.45,15.15,4.27,0.0106764393
2025-08-08,GOOGL,196.914959,201.108459,39161800,4.33,323.291,58.2,6389.45,15.15,4.27,0.0249337926
2025-08-08,AAPL,220.160034,228.65419,113854000,4.33,323.291,58.2,6389.45,15.15,4.27,0.0423578989
2025-08-11,AAPL,227.4864,226.747803,61806100,4.33,323.291,58.2,6373.45,16.25,4.27,-0.0083374257
2025-08-11,GOOGL,200.629213,200.689117,25832400,4.33,323.291,58.2,6373.45,16.25,4.27,-0.0020851537
2025-08-11,NVDA,182.029603,182.039597,138323200,4.33,323.291,58.2,6373.45,16.25,4.27,-0.0035029821
2025-08-12,NVDA,182.939506,183.139481,145485700,4.33,323.291,58.2,6445.76,14.73,4.29,0.0060420043
2025-08-12,GOOGL,201.058543,203.025497,30397900,4.33,323.291,58.2,6445.76,14.73,4.29,0.0116417872
2025-08-12,AAPL,227.576225,229.213104,55626200,4.33,323.291,58.2,6445.76,14.73,4.29,0.0108724384
2025-08-13,AAPL,230.630428,232.886124,69878500,4.33,323.291,58.2,6466.58,14.49,4.24,0.0160244739
2025-08-13,GOOGL,203.814271,201.647629,28342900,4.33,323.291,58.2,6466.58,14.49,4.24,-0.0067866779
2025-08-13,NVDA,182.59954,181.569656,179871700,4.33,323.291,58.2,6466.58,14.49,4.24,-0.0085717411
2025-08-14,NVDA,179.729853,181.999603,129554000,4.33,323.291,58.2,6468.54,14.83,4.29,0.0023679447
2025-08-14,GOOGL,201.188339,202.626114,25230400,4.33,323.291,58.2,6468.54,14.83,4.29,0.0048524504
2025-08-14,AAPL,233.614722,232.337158,51916300,4.33,323.291,58.2,6468.54,14.83,4.29,-0.002357227
2025-08-15,AAPL,233.554833,231.149414,56038700,4.33,323.291,58.2,6449.8,15.09,4.33,-0.0051121575
2025-08-15,GOOGL,203.534715,203.584625,34931400,4.33,323.291,58.2,6449.8,15.09,4.33,0.0047304433
2025-08-15,NVDA,181.859627,180.429779,156602200,4.33,323.291,58.2,6449.8,15.09,4.33,-0.0086254266
2025-08-18,NVDA,180.579763,181.989594,132008000,4.33,323.291,58.2,6449.15,14.99,4.34,0.0086449945
2025-08-18,GOOGL,203.884156,203.185242,18526600,4.33,323.291,58.2,6449.15,14.99,4.34,-0.0019617569
2025-08-18,AAPL,231.259217,230.45076,37476200,4.33,323.291,58.2,6449.15,14.99,4.34,-0.0030225219
2025-08-19,AAPL,230.840015,230.121384,39402600,4.33,323.291,58.2,6411.37,15.57,4.3,-0.0014292694
2025-08-19,GOOGL,202.715973,201.25824,24240200,4.33,323.291,58.2,6411.37,15.57,4.3,-0.0094839661
2025-08-19,NVDA,182.409548,175.620316,185229200,4.33,323.291,58.2,6411.37,15.57,4.3,-0.0349980339
2025-08-20,NVDA,175.150371,175.380341,215142700,4.33,323.291,58.2,6395.78,15.69,4.29,-0.001366442
2025-08-20,GOOGL,200.419526,199.011719,28955500,4.33,323.291,58.2,6395.78,15.69,4.29,-0.0111623802
2025-08-20,AAPL,229.542481,225.580032,42263900,4.33,323.291,58.2,6395.78,15.69,4.29,-0.0197345907
2025-08-21,AAPL,225.839557,224.472153,30621200,4.33,323.291,58.2,6370.17,16.6,4.33,-0.0049112487
2025-08-21,GOOGL,199.441055,199.441055,19774600,4.33,323.291,58.2,6370.17,16.6,4.33,0.002157343
2025-08-21,NVDA,174.830413,174.960388,140040900,4.33,323.291,58.2,6370.17,16.6,4.33,-0.0023945238
2025-08-22,NVDA,172.59066,177.970062,172789400,4.33,323.291,58.2,6466.91,14.22,4.26,0.0172020313
2025-08-22,GOOGL,202.416436,205.77124,42827000,4.33,323.291,58.2,6466.91,14.22,4.26,0.0317396282
2025-08-22,AAPL,225.739734,227.326706,42477800,4.33,323.291,58.2,6466.91,14.22,4.26,0.0127167365
2025-08-25,AAPL,226.04913,226.727844,30983100,4.33,323.291,58.2,6439.32,14.79,4.28,-0.0026343658
2025-08-25,GOOGL,206.1107,208.167526,29928900,4.33,323.291,58.2,6439.32,14.79,4.28,0.0116453884
2025-08-25,NVDA,178.330028,179.789856,163012800,4.33,323.291,58.2,6439.32,14.79,4.28,0.0102252799
2025-08-26,NVDA,180.039819,181.749634,168688200,4.33,323.291,58.2,6465.94,14.62,4.26,0.0109003805
2025-08-26,GOOGL,207.189033,206.819611,28464100,4.33,323.291,58.2,6465.94,14.62,4.26,-0.0064751485
2025-08-26,AAPL,226.438403,228.873764,54575100,4.33,323.291,58.2,6465.94,14.62,4.26,0.0094647387
2025-08-27,AAPL,228.175101,230.051529,31259500,4.33,323.291,58.2,6481.4,14.85,4.24,0.0051459148
2025-08-27,GOOGL,205.381842,207.159088,23022900,4.33,323.291,58.2,6481.4,14.85,4.24,0.0016414185
2025-08-27,NVDA,181.959598,181.579651,235518900,4.33,323.291,58.2,6481.4,14.85,4.24,-0.0009352586
2025-08-28,NVDA,180.799747,180.149811,281787800,4.33,323.291,58.2,6501.86,14.43,4.22,-0.0078744511
2025-08-28,GOOGL,206.929443,211.312653,32339300,4.33,323.291,58.2,6501.86,14.43,4.22,0.0200501194
2025-08-28,AAPL,230.380904,232.117584,38074700,4.33,323.291,58.2,6501.86,14.43,4.22,0.0089808371
2025-08-29,AAPL,232.067671,231.69838,39418400,4.33,323.291,58.2,6460.26,15.36,4.23,-0.0018060015
2025-08-29,GOOGL,210.184407,212.580704,39728400,4.33,323.291,58.2,6460.26,15.36,4.23,0.0060008293
2025-08-29,NVDA,178.090044,174.160477,243257900,4.33,323.291,58.2,6460.26,15.36,4.23,-0.033246408
2025-09-02,NVDA,169.980953,170.760864,231164900,4.22,324.245,55.1,6415.54,17.17,4.28,-0.0195199996
2025-09-02,GOOGL,208.117614,211.023117,47523000,4.22,324.245,55.1,6415.54,17.17,4.28,-0.0073270369
2025-09-02,AAPL,228.813882,229.28299,44075600,4.22,324.245,55.1,6415.54,17.17,4.28,-0.0104247169
2025-09-03,AAPL,236.758745,238.016342,66427800,4.22,324.245,55.1,6448.26,16.35,4.22,0.0380898412
2025-09-03,GOOGL,225.860139,230.303253,103336100,4.22,324.245,55.1,6448.26,16.35,4.22,0.0913650427
2025-09-03,NVDA,171.040844,170.600891,164424900,4.22,324.245,55.1,6448.26,16.35,4.22,-0.0009368256
2025-09-04,NVDA,170.550903,171.640778,141670100,4.22,324.245,55.1,6502.08,15.3,4.17,0.006095434
2025-09-04,GOOGL,229.294794,231.940704,51684200,4.22,324.245,55.1,6502.08,15.3,4.17,0.0071099785
2025-09-04,AAPL,237.996366,239.323837,47549400,4.22,324.245,55.1,6502.08,15.3,4.17,0.0054932998
2025-09-05,AAPL,239.543417,239.234009,54870400,4.22,324.245,55.1,6481.5,15.18,4.1,-0.0003753429
2025-09-05,GOOGL,231.840863,234.636536,46588900,4.22,324.245,55.1,6481.5,15.18,4.1,0.0116229331
2025-09-05,NVDA,168.011178,167.001297,224441400,4.22,324.245,55.1,6481.5,15.18,4.1,-0.027030177
2025-09-08,NVDA,167.531228,168.291138,163769100,4.22,324.245,55.1,6495.15,15.11,4.05,0.007723537
2025-09-08,GOOGL,235.316082,233.887009,32474700,4.22,324.245,55.1,6495.15,15.11,4.05,-0.0031944172
2025-09-08,AAPL,238.844756,237.42746,48999500,4.22,324.245,55.1,6495.15,15.11,4.05,-0.007551389
2025-09-09,AAPL,236.549127,233.904175,66313900,4.22,324.245,55.1,6512.61,15.04,4.08,-0.0148394163
2025-09-09,GOOGL,234.016921,239.473358,38061000,4.22,324.245,55.1,6512.61,15.04,4.08,0.0238848216
2025-09-09,NVDA,169.071049,170.74086,157548400,4.22,324.245,55.1,6512.61,15.04,4.08,0.0145564545
2025-09-10,NVDA,176.62021,177.310135,226852000,4.22,324.245,55.1,6532.04,15.35,4.04,0.038475119
2025-09-10,GOOGL,238.743829,239.013657,35141100,4.22,324.245,55.1,6532.04,15.35,4.04,-0.0019196354
2025-09-10,AAPL,231.748287,226.358551,83440800,4.22,324.245,55.1,6532.04,15.35,4.04,-0.032259466
2025-09-11,AAPL,226.448391,229.592392,50208600,4.22,324.245,55.1,6587.47,14.71,4.01,0.0142863653
2025-09-11,GOOGL,239.723205,240.212875,30599300,4.22,324.245,55.1,6587.47,14.71,4.01,0.005017365
2025-09-11,NVDA,179.669996,177.160141,151159300,4.22,324.245,55.1,6587.47,14.71,4.01,-0.0008459409
2025-09-12,NVDA,177.760104,177.810104,124911000,4.22,324.245,55.1,6584.29,14.76,4.06,0.0036687901
2025-09-12,GOOGL,240.212867,240.642593,26771600,4.22,324.245,55.1,6584.29,14.76,4.06,0.001788905
2025-09-12,AAPL,228.783931,233.62471,55824200,4.22,324.245,55.1,6584.29,14.76,4.06,0.0175629431
2025-09-15,AAPL,236.549127,236.249695,42699500,4.22,324.245,55.1,6615.28,15.69,4.05,0.0112359037
2025-09-15,GOOGL,244.500072,251.445526,58383800,4.22,324.245,55.1,6615.28,15.69,4.05,0.0448920226
2025-09-15,NVDA,175.660211,177.740097,147061600,4.22,324.245,55.1,6615.28,15.69,4.05,-0.0003937196
2025-09-16,NVDA,176.990147,174.87027,140737800,4.22,324.245,55.1,6606.76,16.36,4.04,-0.0161462007
2025-09-16,GOOGL,251.915216,250.995819,34109700,4.22,324.245,55.1,6606.76,16.36,4.04,-0.0017884869
2025-09-16,AAPL,236.728789,237.696945,63421100,4.22,324.245,55.1,6606.76,16.36,4.04,0.0061259354
2025-09-17,AAPL,238.515388,238.535355,46508000,4.22,324.245,55.1,6600.35,15.72,4.06,0.00352722
2025-09-17,GOOGL,251.05578,249.366882,34108000,4.22,324.245,55.1,6600.35,15.72,4.06,-0.006489896
2025-09-17,NVDA,172.630393,170.280518,211843800,4.22,324.245,55.1,6600.35,15.72,4.06,-0.0262466124
2025-09-18,NVDA,173.97031,176.230194,191763300,4.22,324.245,55.1,6631.96,15.7,4.11,0.0349404418
2025-09-18,GOOGL,251.515472,251.86525,31239500,4.22,324.245,55.1,6631.96,15.7,4.11,0.0100188417
2025-09-18,AAPL,239.51348,237.42746,44249600,4.22,324.245,55.1,6631.96,15.7,4.11,-0.0046445731
2025-09-19,AAPL,240.771078,245.032959,163741300,4.22,324.245,55.1,6664.36,15.45,4.14,0.0320329387
2025-09-19,GOOGL,253.084457,254.553497,55571400,4.22,324.245,55.1,6664.36,15.45,4.14,0.0106733568
2025-09-19,NVDA,175.760212,176.660156,237182100,4.22,324.245,55.1,6664.36,15.45,4.14,0.0024397758
2025-09-22,NVDA,175.290242,183.599777,269637000,4.22,324.245,55.1,6693.75,16.1,4.15,0.039282321
2025-09-22,GOOGL,254.263681,252.364929,32290500,4.22,324.245,55.1,6693.75,16.1,4.15,-0.0085976745
2025-09-22,AAPL,247.827636,255.592819,105517400,4.22,324.245,55.1,6693.75,16.1,4.15,0.0430956728
2025-09-23,AAPL,255.393222,253.945969,60275200,4.22,324.245,55.1,6656.92,16.64,4.12,-0.0064432584
2025-09-23,GOOGL,252.874586,251.495499,26628000,4.22,324.245,55.1,6656.92,16.64,4.12,-0.0034451322
2025-09-23,NVDA,181.959871,178.420059,192559600,4.22,324.245,55.1,6656.92,16.64,4.12,-0.028212006
2025-09-24,NVDA,179.759991,176.960144,143564100,4.22,324.245,55.1,6637.97,16.18,4.16,-0.0081824609
2025-09-24,GOOGL,251.495504,246.978455,28201000,4.22,324.245,55.1,6637.97,16.18,4.16,-0.0179607352
2025-09-24,AAPL,254.734469,251.830002,42303700,4.22,324.245,55.1,6637.97,16.18,4.16,-0.0083323504
2025-09-25,AAPL,252.728292,256.381317,55202100,4.22,324.245,55.1,6604.72,16.74,4.18,0.018072967
2025-09-25,GOOGL,244.240228,245.629318,31020400,4.22,324.245,55.1,6604.72,16.74,4.18,-0.005462567
2025-09-25,NVDA,174.470287,177.680115,191586700,4.22,324.245,55.1,6604.72,16.74,4.18,0.0040685472
2025-09-26,NVDA,178.160081,178.180084,148573700,4.22,324.245,55.1,6643.7,15.29,4.2,0.0028138742
2025-09-26,GOOGL,246.908498,246.37883,18503200,4.22,324.245,55.1,6643.7,15.29,4.2,0.0030513936
2025-09-26,AAPL,253.616601,254.974014,46076300,4.22,324.245,55.1,6643.7,15.29,4.2,-0.0054891007
2025-09-29,AAPL,254.075726,253.945969,40127700,4.22,324.245,55.1,6661.21,16.12,4.15,-0.0040319625
2025-09-29,GOOGL,247.687991,243.890472,32505800,4.22,324.245,55.1,6661.21,16.12,4.15,-0.0100997214
2025-09-29,NVDA,180.419955,181.83989,193063500,4.22,324.245,55.1,6661.21,16.12,4.15,0.0205399235
2025-09-30,NVDA,182.069861,186.569611,236981000,4.22,324.245,55.1,6688.46,16.28,4.16,0.0260103604
2025-09-30,GOOGL,242.651282,242.941101,34724300,4.22,324.245,55.1,6688.46,16.28,4.16,-0.0038926135
2025-09-30,AAPL,254.375158,254.145599,37704300,4.22,324.245,55.1,6688.46,16.28,4.16,0.000786115
2025-10-01,AAPL,254.554811,254.964035,48713900,4.09,324.245,53.6,6711.2,16.29,4.12,0.0032203417
2025-10-01,GOOGL,240.592633,244.739914,31658200,4.09,324.245,53.6,6711.2,16.29,4.12,0.0074043168
2025-10-01,NVDA,185.229695,187.229584,173844900,4.09,324.245,53.6,6711.2,16.29,4.12,0.0035374097
2025-10-02,NVDA,189.589453,188.879486,136805800,4.09,324.245,53.6,6715.35,16.63,4.1,0.0088121883
2025-10-02,GOOGL,244.989748,245.529404,25483300,4.09,324.245,53.6,6715.35,16.63,4.1,0.0032258316
2025-10-02,AAPL,256.091867,256.640839,42630200,4.09,324.245,53.6,6715.35,16.63,4.1,0.0065766279
2025-10-03,AAPL,254.185526,257.529144,49155600,4.09,324.245,53.6,6715.79,16.65,4.13,0.0034612795
2025-10-03,GOOGL,244.330183,245.189621,30249600,4.09,324.245,53.6,6715.79,16.65,4.13,-0.0013838779
2025-10-03,NVDA,189.179463,187.609543,137596900,4.09,324.245,53.6,6715.79,16.65,4.13,-0.0067235636
2025-10-06,NVDA,185.489672,185.529663,157678100,4.09,324.245,53.6,6740.28,16.37,4.18,-0.0110862152
2025-10-06,GOOGL,244.619996,250.266296,28894700,4.09,324.245,53.6,6740.28,16.37,4.18,0.0207050992
2025-10-06,AAPL,257.499175,256.20166,44664100,4.09,324.245,53.6,6740.28,16.37,4.18,-0.0051546948
2025-10-07,AAPL,256.321455,255.992096,31955800,4.09,324.245,53.6,6714.59,17.24,4.14,-0.0008179659
2025-10-07,NVDA,186.21963,185.029694,140088000,4.09,324.245,53.6,6714.59,17.24,4.14,-0.0026948223
2025-10-08,NVDA,186.55962,189.099472,130168900,4.09,324.245,53.6,6753.72,16.3,4.13,0.021995272
2025-10-08,GOOGL,244.799888,244.460098,21307100,4.09,324.245,53.6,6753.72,16.3,4.13,-0.0046386593
2025-10-08,AAPL,256.032013,257.569092,36496900,4.09,324.245,53.6,6753.72,16.3,4.13,0.0061603302
2025-10-09,AAPL,257.319534,253.556702,38322000,4.09,324.245,53.6,6735.11,16.43,4.14,-0.0155779178
2025-10-09,GOOGL,244.310197,241.372116,27892100,4.09,324.245,53.6,6735.11,16.43,4.14,-0.0126318454
2025-10-09,NVDA,192.219288,192.55928,182997200,4.09,324.245,53.6,6735.11,16.43,4.14,0.0182962348
2025-10-10,NVDA,193.499226,183.149811,268774400,4.09,324.245,53.6,6552.51,21.66,4.05,-0.0488653135
2025-10-10,GOOGL,241.272168,236.415359,33180300,4.09,324.245,53.6,6552.51,21.66,4.05,-0.0205357465
2025-10-10,AAPL,254.455008,244.803406,61999100,4.09,324.245,53.6,6552.51,21.66,4.05,-0.0345220451
2025-10-13,AAPL,248.905587,247.188858,38142900,4.09,324.245,53.6,6654.72,19.03,4.05,0.009744359
2025-10-13,GOOGL,240.05299,243.990402,24995000,4.09,324.245,53.6,6654.72,19.03,4.05,0.0320412461
2025-10-13,NVDA,187.959538,188.309525,153482800,4.09,324.245,53.6,6654.72,19.03,4.05,0.0281720943
2025-10-14,NVDA,184.759715,180.019974,205641400,4.09,324.245,53.6,6644.31,20.81,4.03,-0.0440208789
2025-10-14,GOOGL,241.072308,245.289551,22111600,4.09,324.245,53.6,6644.31,20.81,4.03,0.0053245888
2025-10-14,AAPL,246.130873,247.298645,35478000,4.09,324.245,53.6,6644.31,20.81,4.03,0.0004441421
2025-10-15,AAPL,249.015385,248.865662,33893600,4.09,324.245,53.6,6671.06,20.64,4.05,0.0063365353
2025-10-15,GOOGL,247.088378,250.865906,27007700,4.09,324.245,53.6,6671.06,20.64,4.05,0.0227337649
2025-10-15,NVDA,184.789717,179.819992,214450500,4.09,324.245,53.6,6671.06,20.64,4.05,-0.0011108861
2025-10-16,NVDA,182.219856,181.799881,179723300,4.09,324.245,53.6,6629.07,25.31,3.99,0.0110103937
2025-10-16,GOOGL,251.605419,251.295624,27997200,4.09,324.245,53.6,6629.07,25.31,3.99,0.0017129391
2025-10-16,AAPL,247.777744,246.979263,39777000,4.09,324.245,53.6,6629.07,25.31,3.99,-0.0075799863
2025-10-17,AAPL,247.548162,251.810028,49147000,4.09,324.245,53.6,6664.01,20.78,4.02,0.0195593942
2025-10-17,GOOGL,250.596082,253.13443,29671600,4.09,324.245,53.6,6664.01,20.78,4.02,0.0073173027
2025-10-17,NVDA,180.169969,183.209808,173135200,4.09,324.245,53.6,6664.01,20.78,4.02,0.0077553811
2025-10-20,NVDA,183.119815,182.629837,128544700,4.09,324.245,53.6,6735.13,18.23,4.0,-0.0031656128
2025-10-20,GOOGL,254.523524,256.382294,22350200,4.09,324.245,53.6,6735.13,18.23,4.0,0.0128305888
2025-10-20,AAPL,255.403208,261.741119,90483000,4.09,324.245,53.6,6735.13,18.23,4.0,0.0394388237
2025-10-21,AAPL,261.38179,262.270081,46695900,4.09,324.245,53.6,6735.35,17.87,3.98,0.0020209327
2025-10-21,GOOGL,254.573481,250.29628,47312100,4.09,324.245,53.6,6735.35,17.87,3.98,-0.0237380425
2025-10-21,NVDA,182.779816,181.149918,124240200,4.09,324.245,53.6,6735.35,17.87,3.98,-0.0081033825
2025-10-22,NVDA,181.129911,180.269958,162249600,4.09,324.245,53.6,6699.4,18.6,3.97,-0.0048576291
2025-10-22,GOOGL,254.203723,251.525482,35029400,4.09,324.245,53.6,6699.4,18.6,3.97,0.004910989
2025-10-22,AAPL,262.150335,257.958344,45015300,4.09,324.245,53.6,6699.4,18.6,3.97,-0.0164400646
2025-10-23,AAPL,259.445482,259.086151,32754900,4.09,324.245,53.6,6738.44,17.3,4.01,0.0043720533
2025-10-23,GOOGL,252.814625,252.914566,19901400,4.09,324.245,53.6,6738.44,17.3,4.01,0.0055226367
2025-10-23,NVDA,180.409948,182.149857,111363700,4.09,324.245,53.6,6738.44,17.3,4.01,0.0104282382
2025-10-24,NVDA,183.829755,186.249619,131296700,4.09,324.245,53.6,6791.69,16.37,4.02,0.0225076321
2025-10-24,GOOGL,256.412278,259.750122,28655100,4.09,324.245,53.6,6791.69,16.37,4.02,0.0270271346
2025-10-24,AAPL,260.693134,262.320038,38253700,4.09,324.245,53.6,6791.69,16.37,4.02,0.0124818973
2025-10-27,AAPL,264.376098,268.298615,44888200,4.09,324.245,53.6,6875.16,15.79,4.01,0.0227911551
2025-10-27,GOOGL,264.646891,269.093964,35235200,4.09,324.245,53.6,6875.16,15.79,4.01,0.0359724241
2025-10-27,NVDA,189.979423,191.47934,153452700,4.09,324.245,53.6,6875.16,15.79,4.01,0.0280790968
2025-10-28,NVDA,193.039262,201.018814,297986200,4.09,324.245,53.6,6890.89,16.42,3.99,0.0498198631
2025-10-28,GOOGL,269.513716,267.295166,29738600,4.09,324.245,53.6,6890.89,16.42,3.99,-0.006684645
2025-10-28,AAPL,268.47826,268.488251,41534800,4.09,324.245,53.6,6890.89,16.42,3.99,0.0007068103
2025-10-29,AAPL,268.767706,269.18692,51086700,4.09,324.245,53.6,6890.59,16.92,4.08,0.0026022347
2025-10-29,GOOGL,267.574984,274.390533,43580300,4.09,324.245,53.6,6890.59,16.92,4.08,0.0265450645
2025-10-29,NVDA,207.968423,207.028473,308829600,4.09,324.245,53.6,6890.59,16.92,4.08,0.0298960017
2025-10-30,NVDA,205.138577,202.878708,178864400,4.09,324.245,53.6,6822.34,16.91,4.11,-0.0200444169
2025-10-30,GOOGL,291.399397,281.296021,74876000,4.09,324.245,53.6,6822.34,16.91,4.11,0.0251666374
2025-10-30,AAPL,271.472541,270.883667,69886500,4.09,324.245,53.6,6822.34,16.91,4.11,0.0063032291
2025-10-31,AAPL,276.463053,269.855652,86167100,4.09,324.245,53.6,6840.2,17.44,4.11,-0.0037950429
2025-10-31,GOOGL,283.024864,281.006195,39267900,4.09,324.245,53.6,6840.2,17.44,4.11,-0.0010303219
2025-10-31,NVDA,206.4385,202.478729,179802200,4.09,324.245,53.6,6840.2,17.44,4.11,-0.0019715161
2025-11-03,NVDA,208.068415,206.868484,180267300,4.09,324.245,53.6,6851.97,17.17,4.13,0.021680081
2025-11-03,GOOGL,281.995544,283.534546,29786000,4.09,324.245,53.6,6851.97,17.17,4.13,0.0089974914
2025-11-03,AAPL,269.905566,268.538147,50194600,4.09,324.245,53.6,6851.97,17.17,4.13,-0.0048822579
2025-11-04,AAPL,267.819507,269.526276,49274800,4.09,324.245,53.6,6771.55,19.0,4.1,0.0036796585
2025-11-04,GOOGL,276.569089,277.358582,30078400,4.09,324.245,53.6,6771.55,19.0,4.1,-0.0217820525
2025-11-04,NVDA,202.988697,198.67894,188919300,4.09,324.245,53.6,6771.55,19.0,4.1,-0.0395881697
2025-11-05,NVDA,198.758942,195.199142,171350300,4.09,324.245,53.6,6796.29,18.01,4.17,-0.0175146765
2025-11-05,GOOGL,278.687699,284.124146,31010300,4.09,324.245,53.6,6796.29,18.01,4.17,0.0243928417
2025-11-05,AAPL,268.09898,269.626099,43683100,4.09,324.245,53.6,6796.29,18.01,4.17,0.0003703646
2025-11-06,AAPL,267.380377,269.256775,51204000,4.09,324.245,53.6,6720.32,19.5,4.11,-0.0013697625
2025-11-06,GOOGL,285.143481,284.563873,37173600,4.09,324.245,53.6,6720.32,19.5,4.11,0.0015476607
2025-11-06,NVDA,196.409066,188.069534,223029800,4.09,324.245,53.6,6720.32,19.5,4.11,-0.0365247924
2025-11-07,NVDA,184.889707,188.139526,264942300,4.09,324.245,53.6,6728.8,19.08,4.11,0.0003721606
2025-11-07,GOOGL,283.024847,278.647705,34479600,4.09,324.245,53.6,6728.8,19.08,4.11,-0.0207902997
2025-11-07,AAPL,269.286715,267.959259,48227400,4.09,324.245,53.6,6728.8,19.08,4.11,-0.0048188792
2025-11-10,AAPL,268.708569,269.178131,41312400,4.09,324.245,53.6,6832.43,17.6,4.13,0.0045487216
2025-11-10,GOOGL,284.23409,289.91037,29557300,4.09,324.245,53.6,6832.43,17.6,4.13,0.0404190115
2025-11-10,NVDA,195.099142,199.038925,198897100,4.09,324.245,53.6,6832.43,17.6,4.13,0.0579325303
2025-11-11,NVDA,195.149135,193.149246,176483300,4.09,324.245,53.6,6846.61,17.28,4.13,-0.0295905886
2025-11-11,GOOGL,287.561897,291.119568,19842100,4.09,324.245,53.6,6846.61,17.28,4.13,0.0041709374
2025-11-11,AAPL,269.557759,274.992676,46208300,4.09,324.245,53.6,6846.61,17.28,4.13,0.0216011035
2025-11-12,AAPL,274.742924,273.214355,48398000,4.09,324.245,53.6,6850.92,17.51,4.08,-0.0064667916
2025-11-12,GOOGL,291.489336,286.522583,24829900,4.09,324.245,53.6,6850.92,17.51,4.08,-0.0157907107
2025-11-12,NVDA,195.709106,193.789215,154935300,4.09,324.245,53.6,6850.92,17.51,4.08,0.0033133387
2025-11-13,NVDA,191.039363,186.849594,207423100,4.09,324.245,53.6,6737.49,20.0,4.11,-0.0358101506
2025-11-13,GOOGL,282.155434,278.387909,29494000,4.09,324.245,53.6,6737.49,20.0,4.11,-0.0283910399
2025-11-13,AAPL,273.853744,272.694855,49602800,4.09,324.245,53.6,6737.49,20.0,4.11,-0.0019014401
2025-11-14,AAPL,270.79659,272.155334,47431300,4.09,324.245,53.6,6734.11,19.83,4.14,-0.0019784761
2025-11-14,NVDA,182.849818,190.159409,186591900,4.09,324.245,53.6,6734.11,19.83,4.14,0.0177137899
2025-11-17,NVDA,185.959645,186.589615,173628900,4.09,324.245,53.6,6672.41,22.38,4.13,-0.0187726378
2025-11-17,GOOGL,285.593192,284.833679,52670200,4.09,324.245,53.6,6672.41,22.38,4.13,0.0311493742
2025-11-17,AAPL,268.568705,267.209961,45018300,4.09,324.245,53.6,6672.41,22.38,4.13,-0.0181711431
2025-11-18,GOOGL,287.731813,284.094177,49158700,4.09,324.245,53.6,6617.32,24.69,4.12,-0.0025962588
2025-11-18,NVDA,183.369791,181.349899,213598900,4.09,324.245,53.6,6617.32,24.69,4.12,-0.0280814963
2025-11-19,NVDA,184.779698,186.509613,247246400,4.09,324.245,53.6,6642.16,23.66,4.13,0.0284517045
2025-11-19,GOOGL,286.972291,292.618591,68198900,4.09,324.245,53.6,6642.16,23.66,4.13,0.0300055923
2025-11-19,AAPL,265.281763,268.308929,40424500,4.09,324.245,53.6,6642.16,23.66,4.13,0.0041877577
2025-11-20,AAPL,270.576804,266.001099,45823600,4.09,324.245,53.6,6538.76,26.42,4.1,-0.008601394
2025-11-20,GOOGL,304.340935,289.260803,62025200,4.09,324.245,53.6,6538.76,26.42,4.1,-0.011474965
2025-11-20,NVDA,195.939089,180.629944,343504800,4.09,324.245,53.6,6538.76,26.42,4.1,-0.0315247514
2025-11-21,NVDA,181.22991,178.870041,346926200,4.09,324.245,53.6,6602.99,23.43,4.06,-0.0097431407
2025-11-21,GOOGL,296.226239,299.464111,74137700,4.09,324.245,53.6,6602.99,23.43,4.06,0.0352737322
2025-11-21,AAPL,265.701377,271.236176,59030800,4.09,324.245,53.6,6602.99,23.43,4.06,0.019680659
2025-11-24,AAPL,270.646752,275.662079,65585800,4.09,324.245,53.6,6705.12,20.52,4.04,0.0163175259
2025-11-24,GOOGL,310.926623,318.371735,85165100,4.09,324.245,53.6,6705.12,20.52,4.04,0.0631381944
2025-11-24,NVDA,179.480013,182.539841,256618300,4.09,324.245,53.6,6705.12,20.52,4.04,0.0205165705
2025-11-25,NVDA,174.900263,177.810104,320600300,4.09,324.245,53.6,6765.88,18.56,4.01,-0.025910707
2025-11-25,GOOGL,325.996755,323.228577,88632100,4.09,324.245,53.6,6765.88,18.56,4.01,0.0152552551
2025-11-25,AAPL,275.012667,276.71109,46914200,4.09,324.245,53.6,6765.88,18.56,4.01,0.0038054245
2025-11-26,AAPL,276.701083,277.290527,33431400,4.09,324.245,53.6,6812.61,17.19,4.0,0.0020940153
2025-11-26,GOOGL,320.470379,319.740875,51373400,4.09,324.245,53.6,6812.61,17.19,4.0,-0.0107902013
2025-11-26,NVDA,181.619888,180.249954,183852000,4.09,324.245,53.6,6812.61,17.19,4.0,0.0137216603
2025-11-28,NVDA,179.000025,176.990143,121332800,4.09,324.245,53.6,6849.09,16.35,4.02,-0.01808495
2025-11-28,GOOGL,323.15862,319.970703,26018600,4.09,324.245,53.6,6849.09,16.35,4.02,0.0007187942
2025-11-28,AAPL,277.000815,278.589325,20135600,4.09,324.245,53.6,6849.09,16.35,4.02,0.0046838874
2025-12-01,AAPL,277.75012,282.835358,46587700,3.72,326.031,52.9,6812.63,17.24,4.09,0.0152411896
2025-12-01,GOOGL,317.492334,314.684174,41183000,3.72,326.031,52.9,6812.63,17.24,4.09,-0.0165219174
2025-12-01,NVDA,174.750272,179.909988,188131000,3.72,326.031,52.9,6812.63,17.24,4.09,0.0164972215
2025-12-02,NVDA,181.749876,181.449905,182632200,3.72,326.031,52.9,6829.37,16.59,4.09,0.0085593746
2025-12-02,GOOGL,316.532931,315.603546,35854700,3.72,326.031,52.9,6829.37,16.59,4.09,0.0029215723
2025-12-02,AAPL,282.735435,285.922455,53669500,3.72,326.031,52.9,6829.37,16.59,4.09,0.0109148205
2025-12-03,AAPL,285.932471,283.884369,43538700,3.72,326.031,52.9,6849.72,16.08,4.06,-0.0071281073
2025-12-03,GOOGL,315.683536,319.421082,41838300,3.72,326.031,52.9,6849.72,16.08,4.06,0.0120959839
2025-12-03,NVDA,181.069924,179.580002,165138000,3.72,326.031,52.9,6849.72,16.08,4.06,-0.0103053433
2025-12-04,NVDA,181.619995,183.380005,167364900,3.72,326.031,52.9,6857.12,15.78,4.11,0.0211605024
2025-12-04,GOOGL,322.019387,317.412384,31240900,3.72,326.031,52.9,6857.12,15.78,4.11,-0.0062885565
2025-12-04,AAPL,283.834407,280.437592,43989100,3.72,326.031,52.9,6857.12,15.78,4.11,-0.0121414834
2025-12-05,AAPL,280.277743,278.519379,47265800,3.72,326.031,52.9,6870.4,15.41,4.14,-0.0068400705
2025-12-05,GOOGL,319.281132,321.059967,28851700,3.72,326.031,52.9,6870.4,15.41,4.14,0.0114916216
2025-12-05,NVDA,183.889999,182.410004,143971100,3.72,326.031,52.9,6870.4,15.41,4.14,-0.0052895692
2025-12-08,GOOGL,320.049988,313.720001,33909400,3.72,326.031,52.9,6846.51,16.66,4.17,-0.0228616663
2025-12-08,AAPL,277.869984,277.630219,38211800,3.72,326.031,52.9,6846.51,16.66,4.17,-0.0031924535
2025-12-09,AAPL,277.899963,276.920868,32193300,3.72,326.031,52.9,6840.51,16.93,4.18,-0.0025550194
2025-12-09,GOOGL,312.369995,317.079987,30194000,3.72,326.031,52.9,6840.51,16.93,4.18,0.0107101407
2025-12-09,NVDA,185.559998,184.970001,144719700,3.72,326.031,52.9,6840.51,16.93,4.18,-0.0031258519
2025-12-10,NVDA,184.970001,183.779999,162785400,3.72,326.031,52.9,6886.68,15.77,4.13,-0.0064334889
2025-12-10,GOOGL,315.829987,320.209991,33428900,3.72,326.031,52.9,6886.68,15.77,4.13,0.0098713417
2025-12-10,AAPL,277.490343,278.519379,33038300,3.72,326.031,52.9,6886.68,15.77,4.13,0.0057724459
2025-12-11,AAPL,278.839088,277.770081,33248000,3.72,326.031,52.9,6901.0,14.85,4.14,-0.0026902907
2025-12-11,GOOGL,320.079987,312.429993,42353700,3.72,326.031,52.9,6901.0,14.85,4.14,-0.0242965522
2025-12-11,NVDA,180.279999,180.929993,182136600,3.72,326.031,52.9,6901.0,14.85,4.14,-0.0155077055
2025-12-12,NVDA,181.110001,175.020004,204274900,3.72,326.031,52.9,6827.41,15.74,4.19,-0.0326645036
2025-12-12,GOOGL,313.700012,309.290009,35940200,3.72,326.031,52.9,6827.41,15.74,4.19,-0.0100502007
2025-12-12,AAPL,277.640217,278.019867,39532900,3.72,326.031,52.9,6827.41,15.74,4.19,0.0008992559
2025-12-15,AAPL,279.888091,273.853729,50409100,3.72,326.031,52.9,6816.51,16.5,4.18,-0.0149850359
2025-12-15,GOOGL,311.320007,308.220001,29151900,3.72,326.031,52.9,6816.51,16.5,4.18,-0.0034595599
2025-12-16,NVDA,176.259995,177.720001,148588100,3.72,326.031,52.9,6800.26,16.48,4.15,0.0081116796
2025-12-16,GOOGL,304.950012,306.570007,30585000,3.72,326.031,52.9,6800.26,16.48,4.15,-0.0053532992
2025-12-16,AAPL,272.564967,274.353271,37648600,3.72,326.031,52.9,6800.26,16.48,4.15,0.0018241206
2025-12-17,AAPL,274.752927,271.585876,50138700,3.72,326.031,52.9,6721.43,17.62,4.16,-0.0100869766
2025-12-17,GOOGL,308.01001,296.720001,43930400,3.72,326.031,52.9,6721.43,17.62,4.16,-0.0321297122
2025-12-17,NVDA,176.100006,170.940002,222775500,3.72,326.031,52.9,6721.43,17.62,4.16,-0.0381498916
2025-12-18,NVDA,174.529999,174.139999,176096000,3.72,326.031,52.9,6774.76,16.87,4.12,0.0187200006
2025-12-18,GOOGL,301.720001,302.459991,33518000,3.72,326.031,52.9,6774.76,16.87,4.12,0.0193448039
2025-12-18,AAPL,273.354202,271.935547,51630700,3.72,326.031,52.9,6774.76,16.87,4.12,0.0012875132
2025-12-19,AAPL,271.895586,273.414185,144632000,3.72,326.031,52.9,6834.5,14.91,4.16,0.0054374565
2025-12-19,GOOGL,301.730011,307.160004,59943200,3.72,326.031,52.9,6834.5,14.91,4.16,0.0155392857
2025-12-19,NVDA,176.669998,180.990005,324925900,3.72,326.031,52.9,6834.5,14.91,4.16,0.0393362015
2025-12-22,NVDA,183.919998,183.690002,129064400,3.72,326.031,52.9,6878.49,14.08,4.17,0.014917934
2025-12-22,GOOGL,309.880005,309.779999,26429900,3.72,326.031,52.9,6878.49,14.08,4.17,0.0085297405
2025-12-22,AAPL,272.604892,270.716675,36571800,3.72,326.031,52.9,6878.49,14.08,4.17,-0.0098660198
2025-12-23,AAPL,270.586809,272.105377,29642000,3.72,326.031,52.9,6909.79,14.0,4.18,0.0051297261
2025-12-23,GOOGL,309.630005,314.350006,25478700,3.72,326.031,52.9,6909.79,14.0,4.18,0.0147524286
2025-12-23,NVDA,182.970001,189.210007,174873600,3.72,326.031,52.9,6909.79,14.0,4.18,0.0300506516
2025-12-24,NVDA,187.940002,188.610001,65528500,3.72,326.031,52.9,6932.05,13.47,4.15,-0.0031711119
2025-12-24,GOOGL,314.769989,314.089996,10097400,3.72,326.031,52.9,6932.05,13.47,4.15,-0.0008271346
2025-12-24,AAPL,272.085389,273.554016,17910600,3.72,326.031,52.9,6932.05,13.47,4.15,0.0053238158
2025-12-26,AAPL,273.903708,273.144409,21521800,3.72,326.031,52.9,6929.94,13.6,4.14,-0.001497353
2025-12-26,GOOGL,314.480011,313.51001,10899000,3.72,326.031,52.9,6929.94,13.6,4.14,-0.0018465617
2025-12-26,NVDA,189.919998,190.529999,139740300,3.72,326.031,52.9,6929.94,13.6,4.14,0.0101797262
2025-12-29,NVDA,187.710007,188.220001,120006100,3.72,326.031,52.9,6905.74,14.2,4.12,-0.0121240622
2025-12-29,GOOGL,311.369995,313.559998,19621800,3.72,326.031,52.9,6905.74,14.2,4.12,0.0001594456
2025-12-29,AAPL,272.435082,273.504089,23715200,3.72,326.031,52.9,6905.74,14.2,4.12,0.0013168132
2025-12-30,AAPL,272.55497,272.824707,22139600,3.72,326.031,52.9,6896.24,14.33,4.14,-0.0024839933
2025-12-30,GOOGL,312.5,313.850006,17380900,3.72,326.031,52.9,6896.24,14.33,4.14,0.0009248901
2025-12-30,NVDA,188.240005,187.539993,97687300,3.72,326.031,52.9,6896.24,14.33,4.14,-0.0036128357
